Cycle_Index,Discharge_Time(s),Decrement_3.6-3.4V(s),Max_Voltage_Discharge(V),Min_Voltage_Charger(V),RUL
1,2623.2524516199774,123.05308562179488,4.119081197683559,2.9494744652547915,1457.1551565975
2,4812.714364357682,116.66910042075696,4.168672558876549,2.8852808914114787,1516.936296628499
3,3981.57697888334,44.102730529029714,3.950187159517,2.716138394469647,1508.6378945735794
4,3474.902239948739,94.599652420185,4.0999496398428,2.504848268342283,1534.3135852443306
5,1792.8708336812588,100.83129900573712,4.0786983932575,2.8721794164256105,1463.3647283322173
6,1792.77917727757,103.81164494350408,4.183132150715308,2.7142194914216824,1495.360323849126
7,1420.717726239158,132.82757907637318,4.2124348241925045,3.050956225532901,1438.3991281829346
8,4491.4693539447535,125.37640747630056,3.8548627085909546,2.5179596989528625,1520.0597912769886
9,3484.237044624193,137.26481484695114,4.1196079676235176,2.938620858479343,1511.754847217605
10,3890.675795624973,162.38132184674052,3.870734319647892,3.206105678129549,1509.8322008411028
11,1278.2210783240494,170.07771819457497,4.069543466030942,2.6308069503336244,1489.0647612542778
12,4885.657438215579,154.8996921962391,3.965053091617472,2.8537371180629467,1504.5909156315515
13,4363.282035041602,192.8837913527896,3.9727106398088567,2.5685664938628534,1551.173564332344
14,2006.8886205774493,42.91721322821786,3.991183401380943,2.969261434196014,1474.5962297183194
15,1890.9348753869824,71.32447770936737,4.098516979619844,2.912898760447169,1490.5458073484033
16,1896.9371374430484,41.210059996502736,3.983619986267508,2.8055241431596243,1440.5549480327436
17,2356.1205232462435,143.59595426473646,4.143079620236112,2.891032766105306,1448.2695615360667
18,3194.074440202504,183.6848878319979,4.011810954229548,3.1724309938517576,1485.9125317237324
19,2841.39107084004,78.95716745220788,3.877341280123984,2.6472207267333,1525.1573418680764
20,2306.670732752559,188.32552716740904,4.163503936993643,2.5169233837790106,1469.7487670299372
21,3525.040999945042,49.64278244632973,3.964303329837082,3.1462486635243256,1469.563338827515
22,1730.0766704777589,189.50976428888228,4.0231067518397055,2.9328378117909297,1461.724590219825
23,2310.149664433829,96.2596299583415,4.124177553288761,3.167993841596382,1455.609733166227
24,2592.1750045160284,56.22733255187464,3.9829824628594848,2.947708917559879,1487.7988582283529
25,2933.065940024737,117.7394814698121,3.872634262458688,3.107620817469777,1415.1096941928542
26,4183.668653293452,81.08425083528127,3.9995684188051257,2.822255022516361,1525.237583066669
27,1958.760372201767,85.57966431390766,4.227779433077721,3.062394948466202,1446.3831080748216
28,3154.0908659717243,89.16639438820584,4.106693758919423,3.184781100167392,1500.8761394175256
29,3451.175361675761,168.48414365322614,4.118591659466883,2.9290922227916547,1420.200056104245
30,1376.5115683359911,126.26580426804072,4.102912861455056,2.6355888629217845,1496.7536052218488
31,3508.670437225466,89.80923186496058,3.929596855583775,2.7015982112726484,1495.87778431258
32,1847.991670011708,137.65340532974693,4.017333545640912,2.648983432673054,1483.3680828802358
33,1447.1960533440622,154.58410787571097,4.150375919345327,2.6851427706968,1427.2228591280084
34,4805.765041562667,83.6198401173654,3.890549159021264,2.7298115870132773,1475.9819275839232
35,4869.401725683325,106.16785624405624,3.961141110435885,2.916350340064892,1417.6777526106243
36,4271.909922842553,59.501774933911605,3.960527643386341,2.9409937220978746,1453.8894697961523
37,2357.5323228588086,68.98389592554885,4.022807571037802,2.819874810431396,1504.176524038213
38,1571.154033224259,148.97885663439723,4.242147496376874,2.9615655848656264,1493.8680770828296
39,3800.085500746196,69.03013563130031,3.877001018673529,2.5611811942085243,1461.6073177016174
40,2872.579476210485,124.02614138672962,4.057480397752238,2.56584117779362,1421.0077369630862
41,1663.7452924101594,153.44740187558924,3.921745872804885,2.628872095268244,1484.8235084869675
42,3081.6722584228264,57.10030769515902,4.238270618163898,2.888558123530258,1458.775249507921
43,1330.67638023783,130.76995514062455,3.895321401890986,2.660496009023736,1364.187376070783
44,4655.417527899372,81.05004539221821,4.011440400944637,2.712463302619433,1487.3051930526608
45,2183.363930080064,194.0683000380128,4.145153993933842,2.8002346271297456,1454.0306866452124
46,3717.584680545132,117.36730347518797,4.131821771210978,3.1088995930077847,1502.0980499193229
47,2384.5020891397617,168.9588079640253,4.019091454757573,2.5103966019346453,1409.1891792462875
48,3176.258480475681,128.03624674500188,3.988609667181088,2.987034115177466,1324.93184747216
49,3277.4990615044626,46.946005256771066,4.009044951421148,3.001657398280514,1462.163354333807
50,1902.4469309970027,141.30422009504358,3.955710505263456,3.098991835267477,1461.6625470672789
51,4884.421585505323,192.22453475306511,3.93213317548272,3.199564704295235,1381.373134895742
52,4145.504728772236,136.257891223413,4.043215879023556,2.515103386711967,1408.8600181653358
53,4770.095977943918,171.07021750828642,3.957413502427043,2.615337779134912,1557.208709748796
54,4600.343931625066,181.47303413574525,3.9649846659589,3.1646284705419947,1433.775575433848
55,3472.0199194821234,76.4927635118292,4.112702425389823,2.8438889216402616,1474.2383590550487
56,4703.122093087844,73.92717438531626,4.237414932679957,2.923442979200097,1417.973606905265
57,1536.271507797294,137.7569582161587,4.091454880223751,2.9972704027923607,1359.3878840458738
58,1944.734877192752,105.76455516907276,3.8807917868259865,3.009299953371728,1435.1896701281637
59,1371.8636978600446,174.37780845867525,3.8802334455416254,3.198805302487381,1430.3758175885555
60,2436.2552569004047,184.0036997436817,4.230569288338226,3.2477120630587524,1424.004870453265
61,2676.973700820032,96.5474206884349,3.9689163161229337,3.040118095698205,1434.4143665797444
62,2231.1263207408047,77.89928943591713,3.88682679443299,2.715415906903864,1448.5707308658257
63,4349.202534777332,164.8840824390179,4.089617834860153,3.1598143017207576,1430.9953219498475
64,2555.662641435639,83.96896568770177,4.099459511316106,2.536915685905571,1385.4397532821054
65,2267.551136812047,171.61829096218855,4.109401928047475,2.673310639655872,1454.4473916624777
66,3262.2451160013443,107.79812058380205,3.956960811143017,3.1730392880977862,1356.025129787103
67,1735.512054904098,146.80798388663527,3.8560442736857903,2.6921436358295163,1350.985701708632
68,4248.348526865351,55.28565021354691,4.236006147781788,2.665488294716311,1461.5672197880626
69,1483.2924459831293,139.8174919482517,3.950357218276441,2.603593969855185,1451.2808108854142
70,4950.170359081965,112.28282859795668,4.120410515221019,3.144333818235188,1427.7041853970386
71,4134.5301233272985,133.85735410807587,4.132651947951484,2.875043694393315,1373.182059809797
72,1955.1195898298552,66.88227323917815,4.094002966831795,3.0061699022906163,1399.683562373037
73,1220.984045069689,157.89979919106912,3.97516295768546,2.679299788056272,1416.49013009254
74,4298.75342812837,178.04753240691656,3.9584385015056265,3.0685303157584123,1362.1642412570354
75,3886.057906620945,74.6783680145241,4.089067313081081,3.0700041587215736,1395.4388536790707
76,3970.227238555752,55.31432888322588,4.1964382534446765,2.734448518681225,1450.0932135270673
77,4130.827317406594,43.78217376741382,4.228693491569358,2.8080119747577124,1480.0922145715683
78,1481.3696765895434,142.71544007092257,3.892362321761503,2.657267708072651,1405.222609893658
79,2562.169768468236,137.1350457742049,3.911931445039088,3.232420767492178,1451.259534172644
80,1640.302426195493,127.4715860342512,4.227894503513232,2.984201932793809,1343.4375971765014
81,4479.793018327256,77.11153537855607,4.144614091333917,3.2009079105366367,1445.3780496445445
82,3568.53288194472,102.54495934488234,4.203197529931909,2.72753915772185,1385.842063410901
83,2457.412494440067,135.1162136297877,3.9310530536541375,3.086418184747667,1429.2938246683188
84,1441.5217310868898,119.48269741746712,4.085034348443761,3.0743939829135565,1406.0899032704117
85,2381.732822519516,198.04568323438195,4.1304558377669895,3.018741738899906,1467.8165603913533
86,2435.6966237016386,61.8303604090773,4.1220447541787895,3.2242292314501,1379.0225740664032
87,3972.5034776846433,151.223128647615,4.013260676346679,2.7951665020797365,1438.1042519024732
88,3622.71839114981,104.69100289668674,3.8561579566765234,2.598037992692318,1400.8197014681386
89,4571.408421790041,108.51193838809836,4.083170422721706,3.0037816444330456,1404.6677808796137
90,2994.416715615407,154.8156425053082,3.951240615671844,3.0469823503579048,1402.6458442736316
91,1654.4581345655463,150.78978421189913,4.030101698457156,2.931295430094111,1375.1730758202357
92,3910.330191447381,198.6009589923501,4.233032406033527,2.6551134198500472,1407.4360413637332
93,4090.98318474421,60.54308631266004,4.009614127056974,2.8783419562520165,1404.494071115127
94,3332.853350764085,56.65754390146661,4.185920642665771,2.734142302426847,1415.6496099362691
95,4129.675283827331,155.89421074059857,3.925416242299701,2.820599896125017,1408.3802058277145
96,3076.4232661846845,132.54190672102544,4.118984199210011,2.9839139318834977,1435.9197819844894
97,3186.384751651577,83.86570664956893,4.240802781775577,3.058911057018126,1439.9403446418949
98,2824.6558697624887,52.70709903823786,3.890757240349175,2.674168518176008,1359.975067126888
99,1296.5926816275617,53.70531993542889,3.853327976890877,2.803994020485215,1435.750900023631
100,1609.9874225745568,183.0705399462589,4.023433117053046,2.7018711782437217,1352.546542915606
101,1319.43090560959,70.69877195499886,3.887050193220547,2.648973710396402,1422.514235525509
102,3618.359562802365,91.73944993848332,4.1493537398704925,3.087540414996879,1422.789551388115
103,2394.552728090041,76.26502435631808,4.215819465539424,3.1819395208277443,1320.5473243334998
104,3132.56862642587,96.79940893310996,4.023608389083504,2.7776741392634325,1399.7191698611764
105,4648.752600919153,51.10781483937494,3.9534846568621766,3.063459193280325,1376.260155465587
106,2147.310470765725,123.04956654532326,4.023761327602644,3.172746467023308,1363.649389682585
107,2759.455107535393,50.818010174754384,4.139379127140001,3.134593157897674,1447.0340932279605
108,4071.094326463585,168.05704125157786,3.853621664632149,2.63711004140442,1365.8528343745031
109,2069.4330288681654,77.39393310566928,4.085781595793879,3.217218911135021,1358.744922835278
110,1492.5236573494135,126.4019063367217,4.095316673954952,2.7825073303220966,1393.0277976002037
111,2301.0555210723187,180.81265400983327,4.105075298758374,2.7544304958803774,1416.4235898519366
112,1812.6408915652169,144.14037904755105,3.946808831992351,2.546823495458335,1382.334056559595
113,4732.851078901778,125.27324584821363,4.13562108935125,2.8646302405786623,1433.65482182677
114,4270.857442344784,91.8934004984601,3.886556594532711,2.5817602117306966,1407.2390264785636
115,3606.934274739609,93.28030608931168,3.92970813458672,2.686404865695569,1297.8715472107428
116,4511.550242713327,147.1179128317104,4.200988018661793,2.737706966325461,1362.8213214597197
117,4253.953892216635,199.0622977953868,4.145489260290627,3.106619742618763,1360.526316025932
118,1908.9662237669363,145.8942703759006,3.855498221604538,3.1566164877969225,1401.1744381371768
119,4591.724194261916,129.245346779204,3.94935050414792,2.726849738096102,1276.0073177450356
120,3249.500519279473,156.90408163827937,3.935762593197266,3.1440235909334304,1481.9603883487089
121,4268.272589623438,114.4328979653949,3.958322531214789,3.142923203027343,1400.2410437957683
122,4605.146939709274,49.622774816125634,3.9490239081119545,3.073488212788656,1383.9550721567075
123,2408.413204893083,129.96749054046558,3.875010518297138,2.6100213355113864,1424.262708656766
124,1618.1973132051717,193.2200455208608,4.033576206638728,3.0177421351755465,1469.746162112505
125,2066.153617659378,68.04847077722555,4.143093389914466,3.2087680484354264,1409.8298657835362
126,2823.0095967797743,150.4007825313065,4.092692689886975,3.011905359075368,1411.9525238588649
127,4308.4561105054745,72.14939018544904,4.119148667439232,2.7487126368308754,1378.2276009785753
128,4470.7762163741045,125.732429515693,3.882459671414496,2.8754344880731235,1366.338969865322
129,1226.4180960185247,55.46823194347514,4.230596284070715,2.9842937825132902,1351.968182239804
130,3140.83974979475,112.05934980130962,4.1853967335372095,2.8829278065463777,1336.9555203314185
131,2786.1618119653604,160.98613262323937,4.172036127398265,2.589964706298227,1341.5194360120202
132,2044.009679788775,95.61144387823714,4.179193522016707,2.734048033489016,1313.9777614262807
133,1655.4883958679948,146.38587591795488,4.223084203253104,3.1017970229152243,1363.965141972599
134,2482.9376513337866,167.27199372635667,4.067701586445479,3.1460635345716383,1298.6132969109444
135,4783.056874867572,188.34845111671245,3.9301128071470495,2.602975024536678,1372.6366609657484
136,2428.17114167887,77.54273309687257,4.096713443141017,3.2142900642990435,1362.5467756783064
137,3171.4043626247912,103.8905465294893,4.147152597467176,2.746616963386457,1368.8774119354675
138,3871.472043801676,64.38656213286679,4.14516695734161,2.99673530404804,1341.1147371992004
139,2581.792489041317,198.79736034534,4.058579609666752,3.0638688594675108,1484.07441480722
140,4892.771914339651,188.32015486788725,3.877383487733432,3.1089596759784124,1414.4046360072125
141,4857.299720780023,126.39314084488952,3.9984451753720514,3.2093122766694475,1309.218299996611
142,2156.772724136384,174.7253271002274,4.218306643385343,2.734689661021617,1367.314723497076
143,3089.5443223910647,123.35327636352676,4.08377956390297,3.143879840913666,1332.679754282507
144,2343.3375773037246,139.77371008044156,4.065332777302285,2.5987651775771554,1315.4208109317035
145,2282.393878634377,54.25990913856266,3.9575414057528775,3.0287806797651946,1301.397117155043
146,1340.1703999472247,160.84326727948928,3.997379567966632,3.0564832971354896,1371.28866763037
147,3516.344469123608,60.434157381637576,4.208138435661268,3.0082924309009904,1325.744790597217
148,3110.180288269674,172.17082084040453,4.116585219010735,2.6892360521013647,1390.713040961008
149,1395.6192547499595,165.12449402726173,4.164954810700933,3.1547823602614025,1390.7512885812175
150,2258.856564099124,153.39915163887622,4.031738169227062,2.6266438475277964,1404.956575408458
151,4651.410366673284,45.78566088396194,4.102098887782463,2.540226093640623,1314.904529357036
152,2110.335184534495,88.50053695125257,3.9493534434972832,3.038098742958934,1367.0146244276805
153,1750.600513946648,82.09801118573486,4.132184332113394,2.85660678642455,1372.298168665692
154,3059.9204890547394,97.62182519544304,4.021040533481335,3.136823514969007,1327.0328729958414
155,4945.471725620282,54.02283948221417,4.0270182059258985,2.787547855793694,1314.129121704285
156,2119.810031743701,189.91325168497005,4.109728929830752,2.6262089413807845,1408.3808266310389
157,3754.115080142338,128.6083585139802,4.224512248587571,3.1273316443524024,1352.099835029282
158,4094.154538249127,88.88388970528376,3.875602538643448,2.911682223730054,1367.4387100284696
159,2103.022667171119,103.51704273188534,4.179897294938803,2.6418968442927664,1308.116959526883
160,3967.2221247250654,111.5524064807737,3.966953244164877,3.040287998939834,1291.2286213391124
161,2597.5759043331623,136.09509333769876,4.027567781802551,2.883335228867125,1316.2220090203157
162,3602.762156255602,122.50870843143964,3.858765331510003,2.95323473668024,1333.0391445044002
163,3607.4129008914,187.1027157143068,3.970418431133725,2.8456737536549364,1294.431199727306
164,3235.9437994840823,119.51415726493283,4.051052497052052,3.121531737863505,1335.6062076539847
165,1543.1011262067516,198.74528237173,3.872470430938976,3.1221720367622874,1267.45979247726
166,4374.1494832391045,176.22799323921532,4.046438291753266,3.0320416163682897,1289.198103101205
167,2418.964246892596,73.36168229717373,4.220844251543371,2.579051033047347,1359.836449931075
168,1908.7703395194465,188.8952343430266,3.892157287243122,3.129140396428052,1356.1516208111157
169,1354.9455379081028,58.618623661676175,4.155776291230202,3.0032597353996824,1315.3249293845254
170,3445.393184115319,170.79195335859066,4.013868421350397,3.0227681245032247,1289.2894276369218
171,3774.744575000673,100.8997269562528,4.112069485809736,2.772237130302904,1287.9038579389596
172,1263.0337499258533,180.4758912712111,3.954094639194092,3.159459667117755,1313.0692701623475
173,3145.953621537268,178.88907041719204,3.913796905016544,3.0440287001761432,1352.7807396658116
174,2060.683945752164,168.9480640188194,3.9141850457084906,2.584442849896896,1363.129827653773
175,3651.656603555909,166.40486980912982,3.8781967782572577,2.805833525804622,1305.1387305807211
176,1862.592430218968,88.74866225568653,3.9242586819604974,3.164785271470106,1277.8603029606086
177,3825.5634047893705,52.94708528820035,4.115687753995587,2.535397526273034,1333.7137455146533
178,2669.594315942042,104.47682860242584,4.202676244737403,3.221062464731537,1289.058601174966
179,4759.573957199591,67.76392239784138,4.175650274236465,3.0093719262396723,1300.269894445552
180,1722.5795877547744,151.19217422439388,4.124053723949793,2.973531983232532,1373.0110436174814
181,2496.0521339909824,95.37595624604567,3.894172745364441,2.7029194423659937,1352.0846171426308
182,1631.1993807142385,196.0976321375864,3.96567497851838,2.686593841554383,1324.318972490058
183,4713.835749458538,142.5555323752531,3.973922750128988,3.2065436646164467,1266.123239955491
184,4533.889542847728,171.59689018149774,3.9499827785590487,2.723704340675592,1324.4558626988264
185,2180.178185317591,61.20394763869575,4.056002263883889,3.0816289725392494,1357.506291631501
186,3707.93937492988,177.9223171636196,4.0642215259518695,2.7948413486553094,1298.9746533693783
187,4305.444360764621,187.6411504821431,3.992754390068444,2.604440553088528,1367.0445635994686
188,3309.763084077957,117.92990701102974,3.991515663494575,2.508036473271519,1363.7098115807282
189,3212.672197752825,137.0004700401564,4.1814222391624325,2.908193002761438,1377.549313285739
190,2119.0387054217163,162.36956814447927,4.1657171393278745,3.2318341139117,1322.2097250612542
191,1553.790517662417,67.97418036166601,3.9731183326722985,2.776852145356904,1332.4956679922404
192,4609.419880222642,120.4105722341508,4.215515377549304,2.767894250494784,1364.5674915332436
193,4621.588617220656,103.7860844435701,4.231126006801002,2.7580687133870816,1324.895757482759
194,3605.785537638418,63.41983874595986,3.980697016812016,2.890407877978644,1285.9506356883917
195,2488.3132059850623,98.80550756664503,3.991769979517222,2.83049866256822,1287.0582865388856
196,2526.9963835281114,50.90756950167897,4.052253661368783,3.159935970045261,1313.5421981509496
197,3958.6315797069096,44.12990511191792,4.226448325013469,2.8791405937926178,1251.377543122151
198,4609.0189878197925,61.62660626477164,4.200527773256924,2.8808183786414268,1296.2696433854323
199,4570.928412207446,194.0984178542678,3.891027185033436,2.603778696040417,1344.86188472921
200,4163.527074258971,127.92472574320271,4.007092297308566,3.237054655682789,1212.3498459533887
201,3639.7202553862935,194.5315457845152,4.071348475899908,2.687479668151622,1360.3792840717806
202,1519.7318669811857,109.19966053282111,4.051252989020616,2.555023050594702,1342.8949687481263
203,1814.1891135595324,89.89058129364153,3.927545227174757,2.9973596867314067,1278.609415366781
204,4614.505916402901,120.98269805443906,4.193526708467262,2.9465247776176544,1317.7356331148724
205,3504.4304267064417,110.32187018126562,4.120776313198735,2.81135924049456,1295.125909076253
206,1234.9487961431926,56.90634948187903,4.185163349940721,2.8166441754105085,1343.199614737547
207,1585.591862890922,142.532210350433,4.193505711739789,3.0887979407848234,1332.3073257107976
208,3721.306722610612,74.56610920153594,4.149342341466296,2.6467844800747367,1235.9971710726795
209,1219.234018615631,139.13407278365273,4.025684240499887,3.1151899892086674,1314.490496538567
210,1811.070595386495,144.03217478370453,4.09421870200617,2.9865603354212635,1281.77488585427
211,3285.188399593027,64.3239765005837,3.9141461624478975,2.8142273303346435,1292.313302820724
212,3829.2017512322345,49.815940337706905,4.119458166989963,2.8435214624379013,1258.8731239612073
213,3677.452786109882,164.92185377095038,3.921701302295713,2.692485405389572,1356.9254827648333
214,2052.223375950128,113.56806780309122,4.127579836204063,3.0640857495227314,1327.602472796103
215,3906.281041120637,49.30620728087612,3.941839264301588,2.884656056728951,1255.4091534410811
216,2101.5465324878405,199.1786107471628,3.897020520060088,2.7406409070623825,1230.6155757235906
217,2436.5188530052174,49.24488975941866,3.916113796057183,2.947037586820713,1267.573094760886
218,4036.667339448492,151.2056366173685,3.850796854087628,3.2468008390384924,1299.3801058436522
219,3668.605016379416,197.38862804214617,4.1374958471414125,2.826446709742416,1290.608233757849
220,4427.048959877877,78.2688166745481,4.142960419623352,3.1905185505839646,1330.1253129907298
221,3698.928990741305,62.75989898995139,4.055973339965304,2.7587626299434245,1310.5967888872342
222,3359.572692674792,59.42159030758862,3.9145451204221535,2.5410495301937392,1316.7827610301165
223,1555.9641177467515,88.52402361081529,3.883421735004276,2.6531815797763216,1290.0742160244174
224,2597.320051625848,56.16732976170347,3.857651586574915,2.814021357495763,1220.4280507915605
225,2207.7689971905565,150.7458146710611,3.916299270786088,2.6647261964459266,1267.172058754124
226,2127.1606448405173,49.96668770081003,4.206342213993259,2.5001702786636915,1316.4035895963466
227,4897.440108059293,121.50754050396635,3.9466147366806728,3.186251153310645,1270.9390828590142
228,2693.771353733689,199.4714966164763,3.991708530886888,3.1329095584231967,1292.12361474495
229,4589.77690967303,170.23524312096302,3.892138193792533,3.0567191736152104,1258.2500673901548
230,3598.326778789599,138.43511011696174,3.938944521899268,2.6258609467345213,1228.8075260583262
231,4220.282953458263,89.00057932585787,4.057689828312082,2.5902726821574897,1264.0662374381557
232,3110.02095379973,139.82333380666216,4.093101073238261,2.5507035621042875,1280.361897721306
233,3392.234761580165,124.32663422586428,3.948140925666484,3.043021891579691,1240.7724912215422
234,3071.5672365116825,108.17334142245944,3.873092863690047,3.1966059705159138,1256.5715502057333
235,1941.9233536325687,60.91366027843192,4.006413147650959,2.822901865684778,1227.4214703205607
236,3945.31803799372,181.85667443847467,3.9436813483705335,2.589355503997036,1308.7697967025638
237,2266.934977275252,111.9655438114116,3.9378215692919207,2.88429461554908,1251.2217696964783
238,1292.400672439525,71.13960189132241,4.233945121085382,2.7616239305939727,1320.110221805047
239,3652.7947244472375,98.84149614036632,4.09652019437029,2.7811186932624983,1322.1499140216365
240,1873.0205817467856,106.26076040462831,4.072751377268839,2.9659979681167803,1256.7581614111302
241,4773.742620541074,172.40606329069988,4.016310041409329,3.039038584946652,1218.662050698106
242,4824.928592609832,157.37830088982437,4.021577733372058,2.5829526991548706,1174.5640848906664
243,4676.484682837705,163.08878298261436,4.066362001535232,2.5266926731048573,1198.1185170789283
244,2606.6030609706886,41.765002308583554,4.128571922814443,3.2457477270142863,1201.0466070040536
245,1258.7351428096963,106.58463970876184,4.130858438472732,2.674546261686664,1310.1387850984602
246,4727.610537833356,117.0150642616518,3.91867756308218,2.540372893681344,1258.6329834890778
247,2827.0997636057946,43.07076429168907,4.050045100830651,2.64240649682194,1268.5841809636795
248,4873.288312365945,81.57011339920547,4.014783238013641,2.5292183847613483,1163.183159642595
249,4861.755912939161,161.6463716995416,4.198210786507754,2.7938581709628787,1203.0813428313097
250,4441.435930775968,61.937552916639845,4.10256756848735,3.1018013383384933,1285.4831910578514
251,2318.905789864425,125.64962103241469,4.063001626566392,2.7559333373182904,1260.4709644953034
252,2663.371368687316,74.432299522758,3.896157856871567,2.8331375551587747,1242.1117888525762
253,4434.319351764056,41.93932394302293,4.092255155729364,3.006690080175579,1269.593694344005
254,2404.303619593855,78.59223321592664,3.896881562272093,2.8816705525524102,1311.4319122454326
255,1844.072437407152,196.1398007856086,3.9848826302263007,3.146084264515993,1236.158301458518
256,3315.8447973417306,168.24593790127832,3.907136785925733,3.1495267562843177,1246.7747921063228
257,4757.388141810968,193.5322630913653,4.126829458809747,2.507433021618365,1250.7038767492522
258,3844.9132273648975,118.056647028218,3.932500845534461,3.083534729862399,1337.6843854109595
259,3366.2324463395867,57.55779178840056,4.00674374927521,2.845550200181256,1157.025749423239
260,1569.2706763289204,127.67351823579088,4.208269911047512,3.241630405977747,1267.3289205915523
261,3537.027461456845,112.70037352959376,3.931726553359588,2.862424056906576,1234.4079100496374
262,4962.204630396201,175.09713323833856,4.053122025583511,3.240171959041223,1260.6708690473672
263,1732.3192578987914,55.69321292547913,4.017708664466409,3.0659270209043026,1210.705097840211
264,3169.6526789822,118.11858192348453,3.857249616418292,2.68645366345998,1234.041398765662
265,4534.017673326231,64.00778635103748,4.167103245429125,2.903796234465218,1263.4564231786198
266,4014.920747465977,91.9481483024096,3.87761836252584,3.244101729608937,1358.5164080417535
267,3848.659815782018,157.97713238204796,4.0397020083907815,3.1431479558139426,1265.3214475760828
268,3869.4395191510152,116.16290069900263,4.07427131797558,2.573025170343416,1198.0773760787797
269,2566.0663746350697,100.1421256233231,4.101370582645835,3.029778997607497,1214.0496127190918
270,2315.649008205075,103.11620457120566,4.12545265172315,2.75918468940311,1211.8634356646455
271,4275.572390818352,113.51148294495786,3.951308953409086,2.505236696410261,1157.1742730947994
272,4278.430899780887,165.6026470139291,3.85399151066338,2.80261072677025,1214.7963923319426
273,4494.874810604394,182.73355023043752,4.139377464941965,2.6760658162937285,1256.3131632728698
274,4670.314099714591,192.8535498406285,4.064262639739032,3.114151952890354,1175.0307152369282
275,3143.1011156715635,165.9045418008472,4.184447081282899,2.7529979566343243,1266.9393060420236
276,3105.7619198113584,90.46510331968204,4.1785553451602775,3.1206427704653628,1243.5109928433735
277,4233.521680073745,150.10155297384674,4.187330467115153,2.5004484541260963,1193.6306671211585
278,3669.8629369555074,110.01649984886272,4.044037863991816,2.7308643625195894,1216.3388145064862
279,3867.474133579273,80.74729952736818,3.9834513583347455,2.680873910730821,1284.9328723056412
280,4224.012143857184,174.53945270814762,4.166623281036548,2.6751755208014583,1249.3419125402347
281,4582.020298906752,46.148215833972,4.030517645211702,2.551139964824097,1219.351346195926
282,2484.381596035836,184.28191874166777,3.923376878561374,2.6403432028078764,1208.4926673215607
283,2627.215220031788,113.83639433995748,4.19198960782459,2.916662177414215,1220.0643628180665
284,1557.1313713953025,141.95223628932487,4.203023950708939,2.7185208046283083,1195.5294576823078
285,3397.464535785461,145.49662755292525,4.036523902456068,2.813046086746861,1130.8100197712397
286,1336.58064042762,183.21883851304585,3.880279890923915,2.7826501602603915,1295.6871164213892
287,2969.2724689033485,141.86714914675318,4.005130435966772,3.156928693749921,1219.212999967976
288,3262.049611888792,138.2293735616099,4.171415063785041,3.1789742492578865,1227.9258906049015
289,2288.856758087481,50.66432648971039,4.210709611418491,2.869717728741895,1208.6836900049236
290,3445.166390162241,122.94528351123265,3.9313890969990384,2.7476169627367035,1180.5953279710166
291,1315.9009497683878,64.02704013072666,3.876789444810109,2.580100528001773,1201.563020762049
292,1341.9231172470147,157.9894029954377,4.200940181253135,3.2150521595365715,1144.0242095122276
293,4325.882130506701,121.95550733002791,4.00576197559155,2.545170208675223,1298.083459922132
294,2568.724437362799,148.83644467333653,4.066704385707025,2.7232377081762102,1156.619520063104
295,1682.829948077162,46.667664096381486,4.237226324820304,2.7235496508775032,1163.7213486461128
296,3184.524388208257,53.56672256732851,3.876625891165689,2.740300964605161,1186.389631824544
297,4125.975501774721,154.61174209002917,4.109327202980838,2.623215132454307,1254.523028994095
298,2020.119904488004,51.53349375978774,3.879642169029947,3.087371073192773,1202.5803599705062
299,3566.983808112201,51.40107644244138,4.000187571386601,2.591873396474492,1151.5545681587814
300,1524.3203669763184,41.93735603758199,4.171525818077379,2.9761799943648723,1250.1735344302936
301,1396.3905404407092,193.0402237279168,4.023388893102254,2.592884520029364,1228.2400250714193
302,3219.1475999589625,158.00133751344111,4.248872941561181,2.5529017281947173,1219.537398288658
303,3254.413462118405,96.52022536033029,4.073623713978641,3.182072127764408,1225.6293696468335
304,3622.233625693185,87.44569300602484,3.978464861054381,2.642596574739029,1291.774476023298
305,3959.1470681461137,95.95251675933594,3.938044530361901,3.115937615919778,1282.4037958014444
306,4908.237901957631,163.9445649889891,3.9902082137144648,2.908473153330352,1166.5313862798682
307,3161.9413235445422,145.8192977712663,3.999013309503821,2.558392389706577,1257.955399712446
308,2427.2345971767345,69.63129085879487,3.877485471089584,3.2165861435785503,1207.326727590356
309,4221.707540121074,67.8574936534535,3.997829679770709,2.68522087524392,1210.96383264551
310,2229.162554795882,55.74330395414357,4.03569540789569,3.1447340090144547,1122.309166734267
311,2868.091398681417,145.64843515221412,4.139095100895522,2.626607504338423,1182.184569384472
312,1498.1342491006108,162.29962595547775,4.112691793888644,3.1404571616063897,1155.4870563865377
313,1296.3328249787385,82.40742853200064,4.133506262091662,2.5099216096789707,1220.1223525957323
314,4858.063975776115,43.351193764946046,3.853345472750743,2.8838353424271106,1228.843220016112
315,4376.724457946382,53.14746679622837,3.9370669598322143,3.077081934566168,1102.0205459593476
316,3844.701983156053,194.85760557520487,4.114673715359943,3.201096638119588,1183.1186054398293
317,2754.0211887742253,87.27116439638723,4.043595747271899,3.1819016021548654,1227.87446019177
318,1858.518416269214,163.07570365410135,3.8521253902673385,3.1147186521607337,1174.5328415074623
319,1794.4607621501268,139.9461710166822,4.171797856972729,3.166143512245978,1210.162545800095
320,2150.9230130254623,101.11034234446336,4.159123829316135,2.6494147643778074,1194.0466187050831
321,3287.0613258832577,72.90996195128882,4.069367665197425,2.7131382217837965,1192.666409278105
322,3915.4645062602367,59.42182690550503,3.876585330310509,2.7167263936907937,1167.1474008772682
323,3708.750031527378,138.40207488621866,4.156606019813034,2.782790448251274,1128.3367678345717
324,2263.7488083945827,163.9414049020461,4.083485435092546,2.794990502788892,1131.1387941029989
325,4828.488066520138,143.0246805665809,4.162783990863184,2.9084164934910066,1203.3741005782126
326,4004.00828344392,124.84834131986533,4.150698796958336,2.619909822524831,1174.7783302207554
327,3306.5453995433227,46.712195749061806,4.171200828783135,3.018434997839492,1167.459510215711
328,3524.5388356905387,194.95820441510145,4.05720322656185,2.62567490447838,1155.044398307106
329,2794.4802372256017,167.79427066473193,3.906129807277406,2.7327313615784106,1158.79244618077
330,2141.3777601043985,86.85152587215435,4.118462989351875,2.877508847954616,1211.8764717795257
331,2552.696178874794,196.7952526974161,4.098189514020788,3.0973304211426083,1155.5902367252788
332,4079.815219764602,136.30105434181155,4.146901274879635,3.0546019249290453,1114.3574114679373
333,1254.6952567930723,133.18762531315943,3.917952402420294,2.9841507673078915,1196.746071021607
334,1641.0760339262818,159.69170870872514,3.927990079960116,2.616829945435128,1157.8049334454113
335,1374.8100396826603,169.883166094422,4.206163806887732,2.910284009211684,1166.2558346213111
336,1354.7694488120865,145.03657717304043,4.149991119380829,2.5655848763499143,1228.3031322559805
337,4450.750219241827,60.495319418592,4.213291395480129,2.783022382597488,1162.1775777059795
338,3873.89986564409,94.12280095911974,4.153486128465568,2.8101373977174693,1173.567346924749
339,3001.8605505318355,188.493382452168,4.088862122396121,2.529858579584316,1113.843060348067
340,1571.7698104738056,75.93849789501631,4.11165309481115,2.7054910746024787,1151.2132219059615
341,3068.140325443963,99.54672381400214,4.205651169576004,3.216737100449868,1183.381041808344
342,2999.19272896615,109.13230127107136,4.081522701804777,3.215224455872267,1095.7850506463503
343,1858.1671056580576,110.30479835111235,4.102956529731355,2.7642452906894044,1165.0338037246283
344,2848.636267104297,138.0703331991241,3.91259068640144,2.532325081711244,1160.0316429057923
345,2714.31799071002,190.8921340391532,4.0395684880464415,2.6343212044961364,1156.6514982234976
346,3540.2303725984225,78.5108338932008,4.13655884478324,2.794163345075156,1195.4863559463297
347,3613.3558732970464,59.44022020814689,3.958377079326546,3.2108347734769223,1166.377540593941
348,1372.155237133769,71.59527837758998,3.930901672209814,2.6058992976528885,1211.1228759342578
349,2623.5279355805906,181.9079840334832,3.9755307232897663,3.0726368827511594,1111.2564193762385
350,3578.2676797140984,143.32973002483297,3.946600251197133,2.581511904531019,1155.436982688734
351,3111.9177826043333,85.74508627826562,3.935965054814559,3.235943183043457,1152.378671455598
352,4454.661396515625,170.55151023497876,4.019940337147235,2.786212374331851,1105.2298202497968
353,3703.035800151991,177.81919941814976,4.213135405553413,3.081425904174292,1185.251800083654
354,1819.150822909433,175.4422941904445,4.052823858695487,2.7569433121083486,1238.9869322341128
355,1468.1612401216337,187.02824538232872,3.925168152326129,2.9707516578691067,1144.3197570206466
356,3641.1932571839993,80.35856322773785,3.8807886677523498,2.6440120635550275,1164.2008435309506
357,1300.7429800581629,160.80670859940454,4.12846245805517,2.609515764472722,1146.380739032613
358,3425.9472088391603,113.6863195638624,4.003119505774555,3.2035481046760985,1113.456613203713
359,4772.874917414839,174.71976846240983,4.178732378634144,3.188235458428325,1068.1695888879194
360,3386.80187592834,156.55850834585812,4.113804307456308,3.165601705159662,1111.7690606761853
361,2675.045719584783,164.2315914399559,4.168496580216548,2.969075087624945,1083.3216647619308
362,3644.4952300809423,144.98589402897144,3.95877841576738,3.1062011584122087,1206.164083122365
363,2941.360983867763,68.3886031151531,4.126943568984423,2.551777702683532,1132.3956122430704
364,3273.3437994005526,127.20430702351013,3.955624793877488,2.751091781418009,1122.1632268381131
365,4777.566273350796,197.5471583239213,4.225627391780117,2.735277343567867,1170.5661529915124
366,2667.190023642942,189.98209063953905,4.10454971261335,2.97673399146446,1089.1299558857645
367,4852.524142530874,46.90779772752187,3.979804720070137,2.7669683301029804,1102.325438479818
368,4640.332439433042,66.37037051670994,3.957804744916909,2.6113800862327605,1134.7228907699448
369,1944.0063121993264,61.07660375272991,3.9263706340286575,2.947350306560158,1172.1507596569393
370,1463.5729433256288,156.15678559764729,4.127856383557491,3.110787940501811,1150.0674018067516
371,1582.9564052342212,170.8456527771112,3.937486245199171,2.78659262084498,1138.9330057006352
372,1269.242937475889,74.16181860970751,4.088121306370995,2.599201536323861,1131.1247094094406
373,1558.883250872528,120.93643087229265,3.955854010770143,2.647516147984617,1143.009434221071
374,3795.425738982156,174.512484481792,4.114787577917547,2.678112478877038,1134.06611620517
375,1470.51686414887,157.24824716260008,4.175975891416216,2.724923194745902,1083.8011090089226
376,2412.107395116293,126.75795287869572,4.161210097257861,2.982096302879732,1125.843168865326
377,4410.526181683928,134.45563047340366,4.154340532372313,2.950709113403289,1080.05245364329
378,1288.4333557961384,121.3376875066048,3.925088962276901,3.02205989617528,1125.2433017160329
379,4294.980233837956,87.60775221101129,3.885353978793808,2.771876488398635,1101.7740823404704
380,2271.04814413892,130.40351885744258,4.129579531394954,3.117998238909984,1221.5752649113144
381,1649.0263449622937,150.2216483280145,3.997338885517741,2.65306574586682,1117.4042246499316
382,3847.6012283837726,179.73166653772924,4.022938490561339,2.851780560638616,1061.8304173495364
383,3589.982817763559,141.80661663667968,3.862459637117357,3.1007040411560727,1111.632791572923
384,4534.393651402801,161.77944592690528,3.95383057971002,2.635118985799465,1136.7743498255156
385,3993.269966454766,65.61146159273167,3.8634705615497857,2.582397335305587,1181.934557846101
386,4253.227535462424,113.84919590716638,4.201674309040499,3.1627629757659923,1090.4219040024514
387,2271.7313757709644,41.49305917233493,3.947358673287413,2.757197247069397,1049.7028810390543
388,1874.2702663629464,79.46861832345968,4.072934867829203,3.012902593681774,1144.6734804572393
389,4052.336056235262,156.23387441808077,3.865591728264452,2.5190114531979537,1055.776051764014
390,4265.972009215603,198.68959221589816,4.116738956522263,3.017535166307088,1092.5537823397003
391,4963.919539602559,55.86849593395455,3.979210938301637,2.737075983660228,1098.6951805795602
392,2767.9471722634207,104.23909053780612,4.209167674783067,2.541805640190581,1105.2146618679956
393,2613.6687260125764,168.01135499186552,4.205247275573615,2.957359571161088,1134.5665782829735
394,4150.369250819588,72.64570154062382,3.980116247344699,2.68060286205488,1078.6546287085446
395,2495.053452961468,128.8135918883658,4.210384358276187,2.79010543153891,1094.0508299133296
396,4736.877837293546,157.29140736474795,4.248463069399511,2.560435609214885,1103.4291858820245
397,4461.968457003444,138.55767204162865,4.18016626564958,2.610372438321209,1108.9839183007516
398,2830.17730402507,70.08395753846658,4.187948539102091,2.723482926621883,1105.913086988317
399,4053.31005760769,96.8615309897183,3.949603494443636,2.567319625420118,1118.440231008903
400,4067.262921521793,165.40668551766356,4.080680959543103,3.1831196985147363,1133.7535803856697
401,1591.870701576544,128.67624226112267,3.8769023655869472,2.504535282387984,1114.7053646260388
402,4629.701045382353,40.83673816686604,3.887967174728668,2.8628951641482336,1116.1434209403687
403,3119.959015301857,161.758521604495,4.249557044813316,2.5924355935994137,1033.7110733301408
404,4340.538371209418,45.64981679043825,3.980655699770365,2.730759317108461,1098.0091079666272
405,2416.188483916325,159.31740523699716,4.149273564819539,3.1945446698636992,1114.1803019200645
406,4602.988268285562,72.39688962643798,4.172666021210727,2.62127091495549,1123.157647782818
407,2678.96637918982,193.29175681910084,4.193209308402892,3.2243742397887494,1065.3059690306482
408,1241.1830756251338,98.87052020833352,4.249051318960863,2.6543457827420665,1065.638429004454
409,4640.451510393202,92.30905861409266,3.9465985941027473,3.056174581350122,1068.035972988656
410,1546.8893717873077,63.82208805319115,3.86614033074388,2.910007948672984,1111.4565559956538
411,2413.3918228435764,88.89667447843438,4.014476607197834,3.163359045697569,1130.3552421969684
412,4810.2354747930585,180.2641218925121,3.902032267931579,2.9154949416273483,1071.7015957083358
413,4812.307158362713,199.4134940203596,3.8589703556648223,2.900919414367232,1123.318492545082
414,3379.063974868487,98.92952488109572,3.9941707308565935,2.6465935002763,1090.9391923665837
415,3600.9814062452374,111.7777009527268,4.163495300430094,2.624672021538744,1080.0285689135026
416,2904.092983517615,155.5313501124379,4.076472276490028,3.187366863336636,1075.5446308072812
417,2314.200932452645,181.7913248744119,3.975111195684142,2.7458786491375253,1112.8644545840864
418,2448.9252724056805,134.88709346988546,4.111736802197088,2.779061691222172,1095.0231126714827
419,3755.570133092746,102.6441117084527,3.942807272123524,3.069867743821291,1172.0330171059054
420,4059.023211863184,106.0194945357798,3.855752578428834,2.7541176118171053,1045.911014280107
421,4208.000366158225,151.2989034394891,4.155741354574571,3.214046834979252,1099.724068081199
422,4200.548942619305,40.51492217668459,4.099497233945604,3.0534458267491003,1056.8319596075394
423,1546.583191585023,139.13429399357452,4.154921049800384,2.948071931930065,1042.228520520454
424,3078.79715786981,96.87888167061718,3.865575206675066,3.1606713704085645,1075.565314518601
425,1418.7232880632482,167.0715730043335,4.184847851132261,2.5372044312621123,1080.4940991762817
426,3288.209752830195,54.878502371701146,4.097810480014521,2.6927970191419064,1190.7269422024035
427,2877.815905218833,134.1123627117425,4.075358140285056,2.8487772506656825,1065.634167372672
428,4573.27589448154,116.9556623817798,4.099845619245813,2.670233904603641,1026.7928508206126
429,2533.4770476979,142.77208414483638,4.195773298747346,3.0579288904766138,1081.9204286997754
430,1644.8546624249022,50.37657511727494,4.084774602623563,3.189406023290294,987.0143984981452
431,1743.3683918007764,132.797405988501,4.082380151955272,2.8178275899481924,1065.3217286958293
432,4093.7404005263934,129.83753407352378,4.246271662826306,2.7565994500839213,1068.6410112918063
433,3549.228640601792,129.70561510658737,4.152692066827427,3.221163049103174,1098.7840153178086
434,1584.266169266603,136.55802665543277,4.026917522180455,2.8336393246206555,1104.944889977114
435,1519.6058632369902,148.23486995621795,4.132958800013171,2.8667863003369622,1044.8572152436914
436,3863.682699544656,168.79823994892317,4.005692188676716,2.763737404256429,1057.9754394148026
437,1476.4994241839354,83.17131522051429,3.9415501849934,3.182161354759104,1032.3551667755733
438,4323.068225303354,172.00790562880994,4.088740750755104,2.926716612461388,1016.8774978076924
439,3883.7204631946856,119.72090916215258,4.2212728392455805,3.0716309403862336,1073.3957911752254
440,1509.125366439219,52.32932466149299,4.221655808006185,3.108855038763165,1009.056578056136
441,1522.3833135237292,49.36814867903667,3.986762111242196,2.756386781437944,1042.4149239771257
442,4949.230398304467,93.47813099136972,4.061070986488678,2.825270748490285,1018.1930416040306
443,2622.229023873257,165.5835163378348,3.934654359427944,3.1363538308046985,1078.9873274516103
444,2608.440158854185,153.2289495585465,4.2482524437995535,2.7724415137568577,1128.0572039706594
445,4288.63835557851,166.17839434758503,4.242447163147174,3.0954513500888883,1002.9364806878668
446,4799.544594058663,122.7630490306575,4.109803571882979,3.205744241930828,979.8792606840972
447,4946.80404252691,110.43183967287848,4.171765623870989,2.967407779801005,1048.0045245859974
448,4062.837103983978,63.59240427300543,4.13604006451348,3.0562204655889165,1052.6279118383104
449,2629.78642501748,92.51084057748984,4.087263287615787,3.103822984030851,1059.746372270292
450,1517.302723454941,109.44309858782005,3.871339198795559,3.1337797366724818,1032.1471793906262
451,4153.15828052426,54.17606874873876,4.031905737021065,2.796290003392597,1040.974428046983
452,3321.93614899606,75.2979124337938,4.119914520866964,2.5384475943819984,1062.700416421624
453,2812.0436351385097,135.7160470501982,4.121012645553474,2.8014072034275546,1088.6172357057935
454,4644.146663359997,157.70609827827036,3.9992490473689535,3.005317172338067,967.7980491872688
455,1622.550432763375,199.735601822872,4.226676794663212,2.837762789335595,1030.2424224387414
456,3071.9753963052644,189.29813301496924,3.916942812894713,3.0617223631452988,1052.5523517576426
457,1243.1438501161924,142.81043192563064,4.050143778486224,2.7677368221014977,1006.2809558155706
458,2980.91043957768,107.39968852705152,4.1263535906203295,2.976058105828022,1111.246785270692
459,1413.952447590982,141.78837835331723,4.128854322356724,2.639814853640481,1015.5836047908504
460,1651.5080818186734,165.70425889283712,4.109455582707526,3.0620270774837177,1038.3482925197086
461,1646.5997377529984,58.93379054774197,3.960115285380744,2.909271976609769,1061.2408838736917
462,3666.9991480410417,105.58478235140612,3.912482627474649,2.6530482914099505,1014.3486084479242
463,4034.9705412086087,174.36836570169876,4.104376130730684,2.718933380123356,963.1370780878232
464,3416.8013073692064,101.41327230928704,4.089720846455776,3.061456531436374,1018.8538189233386
465,4856.255684203259,131.49956339634986,3.921742404115697,2.8619509267461405,1076.1776222370816
466,2624.508202190076,134.0430977379517,4.132055658228225,2.662023580294804,1020.5241949285944
467,2285.705927871071,69.5162005013823,4.032068796693463,3.225453392777723,999.1426279416409
468,4500.676687119949,97.95767066436612,4.117104236641262,3.036343764862666,1069.0268883801089
469,2049.66418637392,93.52180619870914,4.184946831908061,3.217851124404847,1017.769004159078
470,4860.245649874323,44.19147336513036,3.917891371430769,2.8203287840202576,1009.5935674539912
471,1246.187003821302,43.87068222261684,3.857657947198735,2.85632525551879,1034.9782435865325
472,4885.539541489028,173.07152698812376,4.161641034558315,3.1734664121387643,1058.8300083847514
473,1364.0076654121892,83.69132959564999,4.093878970061047,2.893787005184038,1122.2685412693015
474,4586.34383205267,122.89260259821047,4.129855827848849,3.0304591839292505,1059.0894443062969
475,3205.26421452794,87.79609177420369,4.185261989995457,2.689129658121648,1071.393598655534
476,4973.266225253341,190.5086792184545,4.1711243739298,2.8350448515269804,1003.7613520404858
477,1480.4269459945158,81.4874814185238,4.23436805877153,2.5925873993577664,981.9652757612208
478,3304.646280725019,108.74509003822962,4.064374031540847,2.654485026907721,1024.4932539847648
479,4883.349635352576,179.6368400775363,4.045398253063962,2.5007075614507235,1025.2867966103838
480,3187.771807846565,174.7093706866894,4.010754879956292,2.529448788736495,976.859490345416
481,3591.7148249139977,69.77622685540437,3.9114764171376817,3.232962867382697,1011.9882188038396
482,3843.845018141545,168.42292956731367,4.079042893152809,2.681765271352572,1033.972704068765
483,2927.256046117538,113.30990187806282,3.960805009730392,2.997483032128001,1031.4157358007233
484,3584.720704319441,117.27501953365685,4.21852300488519,3.1293247740997088,1036.171514135371
485,3420.394385307781,61.356795586551,4.083276321710839,2.912995344427423,1026.6385892054975
486,4624.400439865758,52.89624220113994,4.087136072203244,2.614858375062968,993.7196536291978
487,1372.69624529754,156.47028911580242,3.991969864350804,3.046087328002125,992.4439749340464
488,2267.660120450475,119.43378437684795,3.870795740791083,2.950188557574687,964.041944080245
489,4811.563639490923,109.89611241842871,3.862697506149196,3.048437942010531,1082.3910015674037
490,4583.0023787854825,156.7213165843835,4.019334057661279,3.0773099671428152,1010.5380145847718
491,2931.495660585709,162.48206383857757,3.883826151238895,3.2315577757635587,1000.005877768206
492,3556.50387164584,65.42530682709656,4.092738782216056,2.9301724600200325,970.8483167419016
493,2254.048495328304,137.6360239164226,4.202389202255863,2.756230834517951,1124.4263160931112
494,1914.860406950293,61.65665316442968,4.203165926607489,2.9863484176751776,963.0668787110842
495,2962.0539387719323,160.22001376464732,4.113618164052893,2.5513305319319697,987.8460829757572
496,2542.7384664990004,145.11282500274234,3.934492732589173,3.1730479887411898,1020.6334734514425
497,3417.8932250333137,193.05833937335328,4.195198732543549,2.589535758503648,1027.008518629771
498,1495.3916204669424,51.03328261702739,4.204437374125283,2.7458821284143635,1040.3172822086274
499,4902.700269131433,49.12875538420069,3.928661433981184,3.111809035469591,1073.3043403107706
500,4947.600829022491,85.14993195091202,4.144970434308271,2.947984283748034,1020.2463062184283
501,3853.014513275032,81.87290939774496,3.9646078195708494,2.7952266402080816,956.7587680013332
502,3237.166192107657,79.51660785151998,4.171056124941172,2.855076744531266,987.7221949951288
503,2376.204941888045,185.00073288336583,4.248895159961441,3.1409105449016352,1009.3132949005554
504,4292.421074886404,79.92739197592098,3.862010402131757,2.755003289544919,1078.729041660233
505,3801.9784557047415,83.51195618058097,4.208946346316373,3.1522372636091287,939.087780863028
506,1817.944369510587,161.5037219868742,4.099052213439463,2.566100823232518,1042.103060209009
507,4661.5233010766015,111.9583747920864,4.2393530476659285,3.082598827906473,1000.1965747818568
508,4325.641523108043,164.273689112829,4.036003807010571,3.135660724791052,1025.513221409179
509,4809.239670509312,50.45858521030164,4.18895517222855,2.636363239628004,986.9202113345629
510,3957.734131875768,118.01139098774148,3.874957627439311,2.8227598992791503,956.302694794947
511,3530.9777445560017,45.37817602932522,3.9841116200313182,2.624124830997742,1019.0349111760532
512,2789.323537904352,50.02451255285672,3.876806615100484,3.029953096745664,1014.1772410842248
513,4744.36823674525,185.0299925351057,4.240137253391628,2.9015108260462426,1025.8822786295889
514,4491.042780101552,62.279259378815226,4.176789562908735,2.9764925100312407,985.4678145848546
515,1371.8309464035196,125.18730916403472,4.191018968498388,2.6473652252171584,961.007119067206
516,1300.1945030895577,105.77529641611304,4.225186092573558,2.6588093965393145,921.6485201990464
517,2630.560794136589,95.57493220141482,3.884041394447914,2.5311229941324296,1015.7749307255764
518,4280.102656970965,183.9733353099636,4.004239037005333,2.741550651396797,998.9555792977594
519,4951.649291396789,43.49174348407832,3.8784139556176007,2.919808496000256,942.3686946854416
520,1771.584186193407,146.20634978809426,3.934317240620012,3.1434511854979967,958.457053068135
521,3457.696718338113,194.14310947416809,3.941746310815069,3.0001955855940103,960.3296475219424
522,2647.3852551978816,129.62690935389472,4.037642884419031,2.8265472425498137,918.6806227207032
523,4885.674711695492,189.8915939252947,3.957424866981457,3.214840085795603,944.2927041357948
524,4400.051907915693,48.3612606857638,3.890391242727104,3.039433900431874,930.646785727746
525,4385.649077902324,107.00693105186582,3.916996435637643,3.1976239021469124,958.5008395244826
526,2981.034007220888,81.62524655392818,3.908910225420836,2.895690979954124,944.4521000668176
527,2776.314108883128,156.93135439691676,4.23923071916492,2.694178206094855,907.91980316533
528,2238.946873336684,197.00753447955947,4.153717002767389,2.5396200147735417,1052.903609222779
529,1414.226887273523,81.04480999107965,4.237104586107825,3.044563638612888,1021.1016292411692
530,4485.945029769202,144.66793623585193,4.025896194603163,2.5909772485041507,938.8392231392006
531,4289.023834694295,71.69562124155843,3.961347392665063,2.727081346203976,979.8968558661444
532,4998.927158487297,130.45284073145757,4.169317278883675,2.899353180912923,984.6986035928518
533,4987.21998088084,114.2291978701338,3.980501567216459,2.9233124408348106,1014.643434190939
534,3310.640481289984,195.520852741046,3.96975334948214,2.950437397740352,933.2557989335968
535,4122.15217768594,137.36436363143466,3.943002396883133,2.624691497762276,1008.6842713592972
536,4790.109773553227,95.921019533891,3.9018715912896944,2.7848030536162365,942.0837878317226
537,4428.660084574163,58.25532558206934,3.9525852244067066,2.962895670337725,909.5655038332554
538,2139.922786624151,64.19949259758953,3.9921278993895553,3.2273641484753384,990.96546237258
539,2912.067714178356,76.05070879219761,4.119597683258292,3.0457233532747665,1012.6303369648972
540,1690.805777575681,80.15466581444768,3.8750259368877806,3.1919528178204684,1063.5163589412273
541,4825.3939035831445,176.09856925458206,3.934202775866137,3.071659043735633,911.0109893963914
542,3503.4636109133444,129.79564612520397,4.173609456116671,2.9437877266693,985.9567874032316
543,2068.8426609131584,123.74254581989862,3.908768769433508,2.6440175268522585,940.6079502482588
544,3752.462600742256,58.3630194990748,3.987058058609009,3.000014238919385,987.3343484209612
545,3548.887313740004,177.6223509359096,4.195863568743256,2.9675346744699302,896.18041795075
546,2561.018328524794,155.6502885133574,3.911970124457377,2.95185187784295,903.4892089720574
547,1631.5188503585905,50.82693790400025,3.883094734247276,2.867339400991181,921.9650070733406
548,3751.9781432526383,153.25361555676298,4.0438151980320045,2.8964924529919567,955.1585618267234
549,3177.1692634344145,126.96611477482335,3.970967804511415,2.750831895338578,925.3567493384658
550,4134.80988859543,53.07605531948453,4.075363345793542,2.889484519481728,976.3621737565368
551,3176.621304225575,113.32810264458504,4.17152195619339,2.6481669292588585,990.0757847303166
552,4438.289701210453,117.55140594080753,3.904859395261097,3.1038807980202825,971.9831016498142
553,3297.2459873430453,66.52392642612412,4.082279633821714,2.6393327160240307,1011.7515055864347
554,3331.564291834468,191.3117035200452,4.052203504155946,2.5637247174171,962.6330651782138
555,4531.283690101711,175.9960594369059,3.90763151440528,2.827184519767868,896.3241315863933
556,2733.2348916071087,147.04357397265733,4.099599394211593,2.9937305796295464,998.5350605415337
557,1709.2578681124348,113.96728976009716,3.959456167144309,2.828287618700156,918.79375057576
558,1309.3741699906882,105.88248665352135,4.045133727417605,2.7075655989634813,978.4167399874228
559,4069.521571559752,144.15575474415266,3.882908929710825,2.9186283879178303,1003.9493686622044
560,3557.1762951431656,127.26909910510489,4.033833622885449,2.76025175155915,958.267520429216
561,3875.5031187770496,49.9636969411017,3.972585387217128,3.199650767594975,879.153647473414
562,2009.2638137338608,122.00042380325308,4.1789524844741415,3.191983854702679,901.2715133396084
563,1718.2116072297251,169.02457875725432,3.872791490798948,2.876778864979072,989.9097786754054
564,1255.2697295379514,113.47838041551329,4.017442909967332,2.745912995513694,929.2350925742874
565,2532.2327234650684,48.31305240868295,4.033372569652575,3.0528493104674794,938.1829413976866
566,3441.6872100476057,165.8045119014453,4.140002430519648,2.5275347076123,964.3529766465444
567,2690.527371378983,72.2182051417559,4.079715030036084,2.8560767545327383,960.8529144832128
568,2862.40470369017,81.3793335820862,4.116884934877673,2.7522425457027504,943.1519924954184
569,4635.803039076244,66.35301654916734,4.160819714260702,3.190401913826916,922.6532651511814
570,2523.370774688541,92.8344103794396,4.194881189463276,2.509002270454512,917.4932621707056
571,3153.160058807281,161.0802409101816,3.975550198688988,2.914611156788762,963.3159530116536
572,4177.881448416343,123.10173752062995,4.065209082145561,3.0554976857999696,950.1427812427116
573,2706.8625728208267,72.78100386411401,4.18604323137568,2.8637634906430307,916.7079999752884
574,3563.92946086592,180.4528125043265,4.245780452386023,2.564052272622041,969.2844925197256
575,4476.982093237632,180.73309679224468,4.205807724417506,3.229346042520927,919.8386353948086
576,4808.17836989904,179.29254800736112,3.998586905049751,2.8885078235320734,889.9335130266243
577,1758.879227530344,78.20739382104628,3.92806660688746,2.9606396832392585,892.6411720438662
578,4721.032975613679,112.19829506895807,4.045757014962636,2.6774573370306305,882.8503665476094
579,3070.041913702245,197.59834498254003,4.146656580734417,2.8626235638301027,910.1035993358526
580,2181.328675536042,163.52199620959846,4.047027628301319,2.8218621189687414,969.3489711334478
581,2944.7158737053933,44.34678739608957,4.043272345325468,2.556171881501488,886.7961927587796
582,4924.123786084812,50.43273460167873,4.185292168432721,2.5796202651606004,925.539030440724
583,3071.948757172904,114.22902028997323,3.994561511626874,3.128104389714081,890.7324261749035
584,2449.256119092531,185.47523293784965,4.193917869924658,2.679864964154943,905.5876383491424
585,3606.923246403558,126.19228767243428,4.01272192038069,2.646218703623973,854.5983515205899
586,2112.5533513571336,119.65000128548644,3.981293242271336,2.8786835884376045,905.1784708337384
587,1488.280646812923,56.87579199306089,4.031595964479879,3.076560348521885,905.2517848078016
588,1689.742943260467,145.08481675588706,4.154978783469947,2.546459888934241,933.6115177614278
589,1686.574188039535,171.53650569603607,3.9004008111455977,2.932605939728692,919.9312365302148
590,1777.2302353467185,100.86720120120998,3.928567686348807,2.58940783213043,862.0643150019182
591,1727.5432560677586,164.0978961480524,4.230577930265237,2.527345788119214,952.3679297617416
592,3635.324030252216,194.31626462412987,3.920196650952543,2.5395579641216632,916.4121216088798
593,1891.1443207167504,72.60263346043025,4.077090927172422,3.125623081156331,914.9357406870996
594,2513.5356766306804,123.7327409911586,4.081725786664776,2.588479362721046,905.6327058645944
595,4607.795957642845,85.94207329353209,4.045849784820098,2.533863523309219,884.2897021111112
596,3001.054232998915,166.85670704541428,4.107898099430727,2.8284249153571843,912.7120935899492
597,3736.719406379904,132.4149385409852,3.941930690319048,3.1329951039565187,922.0235374371432
598,1854.815510566193,141.53318680804858,4.071064907110699,2.6968062823669765,832.1241723461778
599,1930.6982714729488,167.66626553854306,3.998869302098759,2.816284463144437,879.4495665061562
600,1355.3007418126197,103.3552756259928,4.114666903851676,2.5299418994228136,889.8021211838565
601,1841.9532396742247,186.4144109451269,3.90648941734926,2.836808885601157,909.2468242277712
602,2258.643288321443,125.2846187593824,4.078350966735791,2.9332098104778503,945.732440237085
603,1872.639840251638,65.27277165365568,3.9241081421533295,2.9281802903141085,866.1303674161287
604,1537.0696282768113,151.34385890700838,3.961457225246016,2.749320019130774,876.0815261272863
605,1658.416310182283,166.9218160701207,3.9374839201294334,2.736649885497352,874.498635574138
606,2950.959318524358,90.68186833080426,3.923135111947527,2.579967714202448,861.9388963958183
607,1984.068129942012,177.14868111980047,4.180284380624267,2.7750987404847014,879.1125401955095
608,2584.225471982687,184.9829207625226,3.964283027064356,2.5746210016547235,922.8320887995188
609,3112.9856292484565,84.30471798044942,4.22084951274578,3.0749469585340385,848.8465801854262
610,3823.500348791588,197.36343563443552,4.237970610138077,3.224705723311139,907.1125758061162
611,1349.386131396176,62.51384448780135,4.078504187974839,3.2275558425000304,820.9239107992665
612,4237.759515854363,72.3225069443984,3.907200449066291,3.1488033245315457,865.5464801423118
613,3586.0214800654494,69.47597427808418,3.999819297351833,2.9505941120047146,873.8204279912806
614,1510.6843214057133,183.03835360125927,4.169092905339285,3.02564927293291,952.9943869165626
615,4519.598771605753,144.6868083719939,3.996956291478828,2.7139043520103106,874.0079078098925
616,4699.31512202089,64.33668531556366,3.884806887321116,2.973077815129465,795.9502610619633
617,1432.0962474484822,110.45174693893584,4.072713964371276,2.841737162079908,803.04444372555
618,2252.1350629593744,138.44768401116832,4.188048340598414,2.8615130048326995,883.3611834538673
619,4263.564863213633,53.35425359830133,4.168370554857401,3.0683324202813687,905.5508342315964
620,4043.3868234579018,181.1866189451742,3.920049256052141,2.7114387666979387,895.0182343050901
621,1901.1798735542336,168.57656567064564,4.119105845764986,2.7385297087708897,885.7028042320396
622,1995.5274286794995,120.83308377226211,3.938201705374259,3.1934813433464777,924.4903839002268
623,2607.7939906072515,194.7402584414673,3.9372830138208688,2.5421682211382293,855.4163511705148
624,3041.187343725881,106.84175668401596,4.199628709322074,2.864225723810005,911.7964222410732
625,3549.368131815125,197.45765104583964,3.949867581096092,3.184600600305896,809.7194045989434
626,2601.871830365135,146.86719980858032,3.955298938607205,2.9577722558636177,837.8020866824774
627,2957.631921305962,141.54740372063063,3.85026135630452,2.909805305659099,800.7183442027274
628,4040.389564908274,66.5527832473256,4.198267613650208,2.6873081344220164,861.0061879732083
629,1339.396170984272,181.10844132874303,4.167037925283654,2.7574566167983363,869.1495513093463
630,2159.260388507279,108.39835006729842,4.100931574036271,3.13903631185352,874.5640596890607
631,3910.728426361299,65.9573449251967,4.150106305575537,2.919413598826344,871.4753341154855
632,4601.785983211357,42.01720319612144,3.910819426969797,2.886056645317585,830.8978667675309
633,3144.374280039531,129.5609093821412,4.033329437835031,2.574684785155022,859.3903662234713
634,3222.0312440082,124.38393953962822,3.990487754939513,2.5120211173413423,806.10213325577
635,1607.2536430911491,155.09657957906538,3.887510610502807,3.222763891515287,919.52915900529
636,2900.166993929128,182.4412884828484,4.04445219408597,2.782739625465131,851.85495708408
637,3223.945612529088,52.70505354288473,4.218295860137054,2.9524097965746283,843.4445552382524
638,2121.387913811973,157.03943845445798,3.866023647620278,2.559786304890464,925.5576131377632
639,2223.124277607648,69.98591105561316,3.9665843653975177,3.012335714292285,811.3101386580308
640,2633.679819797566,177.30832850514622,3.9330163744822815,3.1994250315294708,814.9765154387212
641,1276.2705515553605,171.05016221786497,3.945258661466279,2.931748939748065,815.1511870052574
642,2423.900829216077,126.5270007976871,4.21337382075175,2.5945864917815578,855.2851447320207
643,2003.5024265868697,153.63884777972984,4.037227621693716,2.936291145605108,874.265265185504
644,2444.489938276076,90.29601810939974,4.036519765175927,3.0747604098284893,885.5870187247133
645,1655.0961009131547,115.38686382925034,4.154230256982113,2.804812402430514,957.8798126997988
646,4584.003666811601,171.46190363367546,3.9117968816019695,3.159878310956101,764.0227018319695
647,3455.651323505385,113.48243154771424,4.044906141640021,2.986512215018023,877.3494235649766
648,3780.58881274906,97.24772245207068,4.021994085648424,3.1744366887169018,829.7147770971108
649,4198.850706707885,119.073991560048,4.088764276218663,2.9676289834355027,827.5433940444491
650,3094.0803559304177,172.51988038995495,4.249823081300176,2.598465979003618,825.2091148698449
651,1530.29709473221,93.63328757933964,4.157779557632819,2.732268783328892,812.6492131676811
652,3241.0048589104817,67.80185490171901,4.009146281206971,2.6513462111893427,915.380993384138
653,3429.9962484793405,153.92224325292491,4.181021220909619,3.1816198732876466,880.6918930805562
654,4032.670001900454,172.1565140332931,3.918283345324992,3.070300050465612,846.9278391422949
655,2840.306275672782,56.10199656376533,3.862185474523584,3.007298776682505,899.04063009948
656,1684.8051506231425,78.37985804095115,3.931779348985709,2.725724739723716,783.498841388045
657,2278.3484420351533,62.715518361759024,3.986164622445704,2.63803357903766,789.7717947467629
658,2579.712726314813,95.67062585314666,4.054232302983824,3.067338315991684,754.8812907122125
659,3654.485517060085,112.05615662486602,4.09605165621648,2.85561845940931,813.0234183950685
660,3368.957557741865,159.81221391412902,4.214242286885769,2.669342164112972,846.4679410681902
661,2553.167558411816,144.18361358106785,4.053941603820183,2.9624664836239565,843.1143431172934
662,4948.757945413323,139.34857079654898,4.050510257850291,2.530250389103839,843.9736764423952
663,3501.944313556171,96.3799914575447,3.870097203929193,2.74462769059619,780.5577267573567
664,2101.461808596779,174.6316084935616,3.8639646210624896,2.851417745943351,868.1261897045608
665,1586.773395957534,115.40594678370633,4.0704639847665485,2.6109687505820545,844.5851007295599
666,1780.8647289004616,196.65679008242472,4.025271445299338,3.238490858193129,863.32217125864
667,2134.639367861131,141.46274212731788,4.185672157992119,2.6568230234422106,757.2895128963979
668,1810.589218386312,60.202358650320434,3.914271833884738,2.5977648475324493,844.4596343519116
669,1908.9546913949616,148.18840993206945,3.85998866484682,2.6526511554151724,783.4893904032989
670,2283.361641036619,92.01664246907184,4.029615507172051,3.076795849869793,814.1070698979455
671,1858.819662120068,149.8123514697756,3.944991422700903,2.8191292444538822,850.3745959454553
672,4607.708613580416,51.14258370598492,3.869845749335535,2.924061954814404,831.6437442502365
673,1504.8882335142405,67.9810299481535,4.139839314739052,2.5157568677397704,792.9384008088273
674,3193.143280366968,176.9179614249258,3.894637199982899,2.525823481429986,826.2509262473767
675,2759.5079425607137,76.34872912376238,4.093327800003109,2.8343691623702623,763.7385873902542
676,4933.038744252704,173.9265800388704,3.962419900066756,3.1124914324012174,870.0106958359319
677,1625.747828238599,84.68417415270567,3.919398420142009,3.163929159030674,814.78863922015
678,2711.851276373818,142.86110560939323,4.001900609167727,2.56502992569673,866.7419977702131
679,4883.987646446401,151.06409176157297,4.170578310489182,2.903772326575768,799.9387325161583
680,4488.927078397125,122.02476050320848,4.006837430761829,3.184922264709453,799.0569604637367
681,4304.873869607263,88.849708271477,4.150307859684422,2.790979565798415,788.4325285344861
682,2180.030742770771,74.02310021937538,3.900194518719661,3.1221743735712764,853.046957267723
683,1849.3728320822504,45.3102967299882,4.159108567866031,2.600271740799577,788.622753706861
684,3740.844235712838,88.63142419851582,3.94477332996266,3.201545867250849,841.783817296607
685,4731.628758684827,144.5060464850053,4.1209572519555495,3.063567488148477,799.7019040932283
686,3315.6989934529333,190.1287709517572,4.076312621936399,3.2060007945901763,734.9614680043352
687,3372.12821998562,179.39271716208833,4.221657886884675,3.00746292516438,790.1874372885413
688,2263.92055590908,162.57036424564842,4.004929007190126,2.77255294899957,764.8356714254861
689,4124.07314612936,166.1515749205278,3.876466075533776,3.2036358793935418,812.3561089472935
690,1910.7662445185888,146.39758455615925,3.857662194220501,2.706675082231884,762.3836905730204
691,2429.981098336126,81.64589721056048,4.180743424389101,2.7491293915463,846.0390040285847
692,2816.658466742384,185.1512049129328,4.059894255064573,3.025606313501305,804.3569655858789
693,3128.919439000929,147.31716990493345,4.16009762073398,3.07398722464404,799.8961602096505
694,2121.156983177305,129.6705009568704,3.9437702400046057,3.197052612886865,832.2356855115033
695,1636.3799340089736,57.75831507415697,3.9880334982052936,2.653601806792157,843.5562773630345
696,3520.356161278204,111.52888700902808,3.862041548884528,3.098498526414418,803.1960499292139
697,2296.796102312972,113.6573233923082,4.234596929829645,3.0539095400477225,772.1519880180284
698,3408.7052414059267,178.3301775236272,4.117147162680325,2.5478459171901986,731.0412153555149
699,1786.578318041969,127.46371523004616,4.223282035103723,2.790417355907655,773.5580097185928
700,3028.3323870483064,100.86408783526554,3.956198562971629,2.712074092795074,775.3115101340816
701,3223.839843696026,196.28805256170548,4.0945854444902645,2.728367818265523,803.2822981196919
702,1396.929439925222,57.71529493221051,4.121399987317055,3.237210159666025,784.1941247544789
703,2479.096257136898,107.60774852991112,3.977019880103036,2.9820830601099457,824.5173188820571
704,1710.775772368102,46.723948027424846,4.189243694006252,3.038257118345125,771.4806691491724
705,1440.8248877965175,158.38465932270884,4.228864585160099,3.2324632279862566,792.7183533258823
706,4961.848883081791,186.8922483518641,4.203942047078402,2.782901336843229,841.3594977278756
707,2424.944610903948,84.8059727280783,4.145626790375749,3.1013801263396044,806.6730085581987
708,4277.522894247612,177.33466828785933,3.9609858718899815,2.825898222478372,789.5984983324574
709,2167.6344881023024,86.75491687390364,3.9626464168422526,3.152150253861235,766.9222223225929
710,3789.710344450931,185.72322586302644,4.235344128178415,2.6354931559834776,764.670744131401
711,4088.8658675808088,160.63390457548542,3.854113798374277,3.2107646327982096,754.9754698819221
712,3463.4272143098083,168.78508429463017,4.136419989296858,2.66407878130816,766.359725368684
713,2991.989516490602,42.88104889607272,4.132498465022105,2.744665380235699,817.2266335497726
714,2764.9954737596204,194.04965713184416,4.099075816379919,3.067144175580085,777.1244691483092
715,2525.6994128633823,156.2673587312517,4.246043538434746,2.795316356174056,731.0090772247507
716,4732.210748141739,88.76017526178133,3.9747517743054894,2.956158532574835,854.7267717223913
717,4356.353749593371,172.70314637741552,3.9859887455172993,2.833430125802072,795.7986076458066
718,4867.102260532748,85.04339174638879,3.881575761178622,3.0567774528173364,725.7222639794733
719,1672.32944924507,179.64061433058046,4.027119254617495,2.671248439276458,763.326042910367
720,3977.296405773848,58.01286246590992,3.9544194104939394,2.543843490427658,784.4354553131367
721,4765.693735919944,152.58975639372733,3.9873546808710576,2.7249470481047995,847.1836837318951
722,1888.6856514295089,126.51175626318565,4.183828716102251,2.8557314986513225,733.6755016696452
723,1452.6858159937544,55.44551523127053,4.224193805410998,2.6260150391445087,816.0416287742379
724,4016.258467302224,78.70301252141424,3.924293228802074,2.7660979672422914,831.9794570788937
725,3382.997830083665,41.984645804370366,3.9990035726213855,2.799987263720176,749.8538277970172
726,4398.949351681434,115.00287447432092,4.221452224846158,2.543043882766205,762.8994552455906
727,1731.1350311799,88.20244172160005,3.874723384275689,2.937480436138153,731.5476301050492
728,4222.015785067582,135.73719748764142,3.886944211244552,3.1632575709784656,763.8615543567878
729,1966.1838161814287,87.55804923337875,3.915116395682492,2.613807184714789,769.5364010262828
730,1821.8925828896768,87.98705784111755,4.0880851336507495,2.9483560100511355,796.3859999232948
731,1824.2100321377727,158.91091179705654,3.910188908402399,2.998554403683135,812.6073388408179
732,4295.383936879252,47.70285375653656,4.237230552580294,2.814501010314466,738.0761574151342
733,3727.749438645561,184.46319923071795,4.028685810903408,3.0258231905232025,688.3069974309602
734,3187.6486141226533,176.36221990258903,4.050607184140066,2.808048657618259,765.1502088289503
735,2563.555839669309,146.84874931622505,3.9486634463221626,2.878477965983076,776.7415011987456
736,4533.362055089811,134.9154512171815,4.038384100973893,2.50551478341582,773.9767075074017
737,2691.2914082060142,182.7683997023444,4.114765453054805,3.0187900856010166,749.9330700996383
738,4303.077869991993,69.65282872459431,4.150470854781617,2.996007009208544,766.9900839865574
739,2868.71265256683,52.63506595053258,4.151547233083965,2.5288006579947586,821.6177923340899
740,2632.3888318146487,78.3216271855261,4.081156445077635,2.77618758054635,775.2693667585004
741,2958.1831855445043,167.13252459203045,4.2117439099975424,3.2342738805937508,744.0652629998766
742,2345.23592182374,45.54724267623733,4.176963138922444,2.8155524219264625,737.9920873161602
743,4040.9156446697534,133.24909361335835,4.15281924587945,2.876459053848881,750.2059056928907
744,3110.3374823514205,199.2700025906096,3.872242208672184,3.182447618619789,821.4695984732256
745,2082.408241557906,176.9113750140063,3.85275118488786,3.037946406899317,747.6679716189522
746,4618.38337844336,123.4313102469743,3.934978910878189,2.936552598343168,753.2082262191717
747,2658.7866412182034,50.182545485862775,4.115409437565381,3.0983535110058043,733.7074571625478
748,3265.5008722331568,173.01976230171357,4.014478995553018,3.14827469984198,795.9593342976785
749,4644.594021665278,135.83656130835368,4.010962503719725,2.84266605380295,829.393490189787
750,3572.10438447317,58.3892795295307,4.203834755291846,2.8563312736988764,768.0245219772555
751,1644.2125546917837,55.017165571737,4.208225139252735,2.789538201738877,752.310916151417
752,4771.362069731205,185.5402911098548,4.213670105621434,3.2250296050138454,749.4713133269694
753,3585.290601671388,147.07204207009255,3.975551230606011,3.022874690717763,651.6277284485702
754,2472.641335696927,172.68588789068087,4.126422325095705,2.562417299656054,775.8060345713927
755,1729.2338761208716,180.6366240451628,3.958653272509748,3.147219717484764,750.3666566398338
756,4217.295719227124,131.48357632773156,3.92624393322978,2.860419955627201,761.133682026429
757,3556.2764725283514,122.7914162808066,3.923852982938948,2.5515654298168657,714.5415122366518
758,3227.152149510021,108.86838565135844,3.986843048345438,2.912287941372483,726.6217248409164
759,4596.791815593639,90.71145404657908,4.021983047911929,2.8128732092317765,724.5590025398731
760,4196.669402653217,109.53535373739388,4.182379668422027,3.1583120536469687,780.8649193629216
761,1776.3645429844546,163.82074491682502,3.8979564373890847,2.6529959527070406,723.8496065358763
762,2384.543857623084,136.30774896242104,4.143970338957958,3.1198484571191374,821.3064128843919
763,2144.25873129497,182.8037263927754,4.062581965675722,2.918266518389089,754.2344967606015
764,4026.995911776172,110.94080230067004,3.965178137070397,2.5409577274101016,684.9726936001707
765,1327.4232519959617,137.13433259500064,4.04712783381313,3.2288839759941137,729.8581482699217
766,3365.5808025110027,141.0092084947182,3.969976827910809,2.8844614330774,707.9329951137433
767,4097.343005814624,134.67154596901207,4.088432782095323,2.7181576406736867,645.224701207199
768,4531.709419694647,152.4214036936826,4.023537569142098,2.852055131491944,795.9788376045516
769,2499.9106451204484,77.989354939969,3.915762211631552,3.1433933376381167,759.1257016888002
770,4320.777757753649,121.9782044073265,3.896633229822279,2.7286773432887976,751.3282927159725
771,1620.4006004297876,56.67596844933563,4.068678272828852,2.644507297365025,735.6161464119882
772,4416.518708591169,101.52181242317,4.2109652133144415,2.596803435198161,672.7192972523025
773,1684.456916861533,118.0267309794023,3.987583074623074,2.7233945487926583,707.6553144177825
774,2709.6917041293955,144.3558815272756,4.143200042889049,3.0850360652800326,759.6712309913605
775,4229.722389962304,192.08496841379247,4.113464541975906,2.8537197738964464,682.9511988086999
776,1769.6862239253403,136.10417064773694,4.222621965723793,2.670611202770155,622.7292273499675
777,2071.1553018840377,158.97502658824956,4.178392406919657,2.624638749707312,713.9157596887629
778,3944.559759893652,121.00256951923244,4.076642103562185,2.749547107382784,716.3296978388985
779,3936.1388388750825,141.45664502021302,4.112812199293643,3.2049432796642816,726.4225366565884
780,3636.3610049641297,51.34915458140375,4.209354586633614,2.7572700344425183,749.1407457405815
781,3837.00408897498,80.70265293469552,4.009807513834774,3.2410930569659766,744.5042324892484
782,3262.3528847208654,97.8964949128222,3.980717882343111,2.863922841824017,728.3507922097568
783,2156.8364238464205,115.59893680104216,3.85432443345408,2.6343729387176134,764.8212555234684
784,2513.644775314894,47.3037992803814,4.180620429676586,3.1683550688451323,655.2412087674675
785,1890.0713238454173,62.40385560853083,4.170392280161346,2.84526652985112,735.1832725790956
786,4652.112133067787,84.29028924660892,3.891781807240061,3.0322535076283934,739.0615345334777
787,3416.8888201112577,195.4452305441681,4.08074295245308,3.237783687406864,663.4175085567904
788,2723.235383701832,93.01552113648812,4.035592679266755,2.5376315127399804,651.8851756527044
789,2955.622053847704,117.1265692979332,3.897483638203645,2.5725209198406755,681.162314940976
790,4799.676690524899,71.37563403814286,4.24222729082429,3.040342556097067,683.5383422993883
791,1782.7353318411049,137.72481137212293,3.935878354985342,2.711368752471604,739.1367785400972
792,3427.6733616638294,84.90931448255589,3.876893672036224,2.6382260477125743,683.4184486523562
793,3122.3769797609707,73.11881255014828,4.087938951800764,2.529521409864797,672.7460592687519
794,3523.526094651662,122.65162055135664,4.145546670853213,2.516385033989651,681.5346505322176
795,1268.818698519194,40.88092786566733,3.862977378418875,3.080864202339843,749.7452933661684
796,4514.070853987776,41.22624522387605,4.1134870554908085,2.6008250705271623,704.5217349750781
797,4742.049473437727,75.05100945629724,4.062916750380582,2.850790461978363,695.8299589857236
798,3347.506097638994,45.87541800013138,3.89130600355002,2.9544226113846124,697.599780051958
799,3847.273130732191,57.28412066091062,3.919009550778545,2.8212638504266345,752.6824133730609
800,4705.497648473724,94.21770389420026,4.077189718926432,2.5203299892521747,670.0331309358703
801,3887.506810390915,168.41370873277006,3.968543045405315,3.087626126940932,751.6203316376042
802,1779.6483630741932,131.52778293908813,4.225326291460527,2.50788491840624,706.4198519568602
803,3389.89576863389,122.02683615302662,4.17749609179362,3.071417420783113,690.5832247209861
804,3505.5171762548525,86.95821171329946,4.2434268826054655,3.169978370341092,796.0360199173713
805,2811.696550949067,189.08059510925065,3.953868335580166,2.824629940792879,652.7744204080561
806,3998.488095373946,103.52240659795066,4.237889453119191,2.901656854823349,679.8525696173198
807,4750.594656122256,53.93484268732344,4.022493547916623,2.8577375444632405,643.70275043344
808,4717.16034904575,138.7306425788482,3.989007518125502,2.791906463967579,730.0984788214467
809,2913.189611335702,58.21414295625623,3.870139810787741,3.16556840152777,758.5675573460671
810,1630.30457419487,95.23570284827072,3.871106103143841,3.170450133002493,756.7969112561856
811,4942.396556056871,121.1859101948494,4.126804502378662,2.75186227348115,737.9579501258402
812,4387.812728494549,179.87560394962813,4.033171597773611,2.9613023155110234,680.0951812881614
813,1673.718188572414,118.96745285441898,3.9406086504144415,3.195180671609398,672.3903609004061
814,4699.199153946015,152.36140256506627,4.095588122530093,3.221543874206014,619.1532091002374
815,4505.606175836088,198.8506942398513,3.951143247300045,2.881719280316536,766.4349414072717
816,3171.5846170790737,61.038259183677056,4.081052701737769,2.839618603963245,702.7591231259387
817,3446.846655830731,83.95704408312312,3.993683498793076,2.7090207369463943,663.3217238052207
818,2716.210274706495,103.13217209562342,4.179420890644727,3.219153904892808,735.1222755594787
819,1408.0942275237192,107.49250856621302,4.178278464306712,2.6071107283546504,642.0894193296
820,2473.7495182544235,105.76337204248732,4.040940159248961,2.934872182035794,696.2648813689069
821,4250.843104672444,185.2177604090488,3.9903276437340063,2.711912700638979,672.0948346283666
822,1217.601687417491,154.245223114697,3.995023918623638,2.7092562177608475,703.547085595212
823,2467.296852426348,137.2648342545126,4.172285810267288,2.8037264405321416,674.4570584325552
824,2713.0410356455845,89.49963485804514,3.9812717931190447,3.2490947018617407,617.9628843555511
825,3242.103291164107,171.80646147540716,3.9336237494827375,2.5412247301298665,678.0230549068015
826,4695.451342368489,192.80968183759825,3.883875336750122,2.933906363652649,715.9545656750145
827,2516.114778590653,171.39172520803623,4.036677248353763,2.561929118526458,671.8313437658406
828,2518.422167205665,40.25041683063567,4.042852839567937,2.615890622492889,703.0046048635635
829,4002.504742817044,141.82421922934512,4.186363484161163,2.8296722063296738,629.1788205730379
830,2918.4281753812675,48.18166103073612,3.938495478578426,2.882845098509831,668.9495682692059
831,2053.498327171932,81.2171552533955,4.00239650946736,2.694094306273393,644.0195817964569
832,2919.270161304235,49.52395205564347,4.173362295557476,2.737342848155812,697.8792336041884
833,1735.2566774432394,136.60727247190204,4.179449444299589,2.5652252651919496,668.2596624904799
834,1870.2705487236483,149.85438615881708,4.003844430391507,2.727414837883188,693.6029470534645
835,3093.797536410023,58.318022090544815,4.033649609314672,3.224918829535408,708.5084170463147
836,2791.916708117282,101.41422128719672,3.971314356339713,3.208530536254361,691.6647430048555
837,4676.41442405878,112.99784143288672,4.223021951367725,2.751158717602739,673.9247373717458
838,2577.096816643206,99.04848348174666,3.897457506296632,2.928140452209071,622.0715096595438
839,3406.2357310565653,59.36400007763089,4.223499769200588,3.182196543333208,660.888555573324
840,3602.604294094215,107.03164642999609,4.123546580734137,2.5046378669806724,638.6763839193667
841,1249.7589350356675,160.18848764934688,4.062628861074693,3.108012677753194,645.2374417318309
842,3721.4420136635,51.36122632532087,3.8630636243137983,3.211277164591689,643.01863396999
843,1876.536674105056,52.82880225310456,4.040238476728804,2.568494300750168,617.8029770087102
844,4852.06720638393,96.76340669375747,4.013099242001093,2.6210857645246906,577.7064564346404
845,1764.9183654618291,190.676113859028,3.914487524790049,3.2205597270785167,628.2742780668893
846,2775.57167016269,146.97162347566626,4.112563841400263,2.90315510773026,661.7351780769663
847,1524.3287386988468,148.58719306761037,4.238460362947315,2.510647475853793,599.0729181829004
848,4988.1221570146,97.9071985340584,4.07487552442581,2.693223999072647,652.627289458865
849,3108.341039258722,134.98572659336617,4.135901310577578,2.837457755701645,727.0107369724386
850,3462.4630658161664,41.62098944443894,3.877380181026407,3.019681683268576,690.9222622100896
851,1454.8906140760243,141.77536742552675,4.017066798326798,3.0498702836025995,714.7416603648212
852,4049.849787516876,186.12591161219788,3.8965433940658,3.246566134694092,663.645115077309
853,1997.641253763226,138.01175493517107,4.095118334214604,2.7156333995378192,693.7003929194578
854,4612.606299874712,179.79177495461522,4.225392863285662,2.9036650764013565,617.0414107812885
855,1979.530633831628,155.835688874575,4.114711092988656,2.8999926608947035,619.2263893191206
856,1924.613338521933,59.28934662459044,3.880721219325769,2.804233944585428,534.4343917545011
857,1338.8887378227605,184.3925291657347,3.991866481994033,2.626871420381815,690.445818961692
858,2993.854391417997,50.63101509692398,4.0702653517763405,3.233092422387882,703.6129591927954
859,3346.396306397942,125.4347956076422,4.011283102453301,3.13998788999994,618.8729101861092
860,1449.692829827739,62.741939806953226,4.183457604190069,2.8737497712206777,629.8419317441106
861,4147.00494344104,41.87305771694465,4.175868401883996,2.9524340670130225,608.8455154523615
862,2922.497572042505,107.52548162042224,4.094732408041288,2.670445790169747,653.3061420590997
863,3192.6830234448043,87.206513224665,3.999383178053082,2.9078403027938102,681.9973018121296
864,2874.898438365267,117.76007900761648,3.9521345495052977,3.021227599841107,566.2891210447583
865,2722.8996313262387,132.35198187752815,3.892349727285252,2.8863752712899418,651.37754122569
866,3326.633258971228,46.99825156943157,3.9919590733946215,3.242713877938706,622.9331291312342
867,1789.9129345367076,59.6805272197993,4.015269006883088,2.958506242185795,637.5357756786676
868,1891.3268958820304,129.38278343206804,4.12032917004163,2.7782302844441267,650.3597600669716
869,4474.785359851366,94.90677650762532,4.11326392971903,3.0791140207118786,623.4719024490871
870,4795.238756107805,156.6677580079117,3.878043255856503,2.627846883686232,625.8565258637688
871,2618.5754018630614,144.36666377471033,4.008103726172463,2.7883868602797,620.4449932978144
872,2228.8297579455043,175.29669807838508,3.9227115468869447,2.760219212783189,666.8126480715313
873,3647.19826430826,150.79885226707603,3.9127250821267214,2.823855321330833,643.7503984050999
874,2753.1898501727665,108.78897238242372,4.180920859894899,3.086334869446545,634.8233415094944
875,1296.4681515093105,147.6746595831092,3.866766086686503,2.863129774122556,574.1619311563087
876,1793.3798699915233,84.06098788086696,4.0176731503608485,3.095510837699472,608.8568102714738
877,3920.694469620111,89.01015980451403,3.9172814623066072,2.9323666773549,658.9467664135669
878,3703.910979258575,166.23762558732693,4.20173208627139,2.7565520759931665,623.507862924957
879,1302.964771513237,111.42712262425314,4.072816205310014,3.1074840577626044,647.3812587835655
880,2043.494215345208,167.7408544829364,3.942552254550739,2.6787172529148187,690.6604720131054
881,2078.084227034671,171.58757978692455,4.050970914866551,2.6682872348498465,660.5442427683527
882,3753.192425675168,177.2099740258054,4.142594543881247,2.8783771930411266,621.7263335079897
883,1274.9000434665838,186.6616377345932,4.233247203567774,2.6956369344715667,596.5604331921709
884,1595.6126115413806,108.9576352821274,3.938178401698168,2.506815276213412,513.858016157764
885,4239.681124418119,91.0186909313822,4.204472708851738,2.986223145474101,608.2646031010859
886,1878.469715806468,133.1517994550582,4.223721645666996,2.8833203661042983,600.959500167326
887,3680.435209837124,99.38758775002042,4.216568217812826,2.834138360869871,628.614647775815
888,2105.094567977561,136.17186668803726,4.104165742744764,3.2252263859637367,605.8437909210124
889,1577.8772924855116,152.8937380230119,4.101928261773884,2.928399387972185,598.1845976225283
890,2124.0543257979257,150.1448029587419,4.011284253273529,3.1475736833420385,538.8240427797111
891,3944.6143410515047,99.92846192321942,4.150959152921515,2.6045876771538703,571.4012868339973
892,4451.646578803886,66.69763227180044,4.062517607340373,2.9269048473470707,627.0660416320223
893,4354.835485354568,108.8846941539532,4.120975228491318,3.1509847200481773,675.6363052453078
894,2709.297412550128,62.8150630531054,4.021383161539518,2.937329317959924,602.0989846501751
895,3738.723518968455,182.41552562940933,4.142598585617256,3.0385106335952514,618.1124429429649
896,1978.94032258012,95.3403937180572,4.17978860704182,2.779032675859156,642.0991262781122
897,2313.9613749918503,64.7135595557318,3.908574502641127,2.5693371377778,570.56424255199
898,4606.076110380255,44.071641584920144,4.183171886229691,2.843425221345304,616.6725617314177
899,1249.407309340797,143.3315818058375,4.066118612716123,2.795859543129143,571.3803957467137
900,1524.9324172469787,141.90437079275893,4.18786636363609,3.1502951367842105,634.5929775396404
901,1989.967769554904,94.49666665300668,4.022520682536406,2.6829964767643544,605.0561219180693
902,1300.822374720515,51.473902215624165,4.001616194153214,3.225050670651332,609.9380725592575
903,1889.45465334123,105.54062318323712,4.216024293006889,3.218603589853372,565.6960561032564
904,3415.5579316848302,89.79479921014297,3.950467707019361,2.685723732303579,624.2812943844314
905,2801.4132922514923,148.3393023576015,4.187684930114457,2.76103896660799,678.3885168492407
906,4592.152502092505,136.92467991243046,4.043608229003762,3.1716668056554136,553.6835321828718
907,4306.285534606075,98.3349965116064,4.055638177020504,3.2249666656720803,579.409639694099
908,2498.905936451929,74.86280868079842,3.9733873125957935,2.832579327127033,601.2642989667237
909,2185.809047038912,198.0857545848947,4.079216880247606,2.7407477842306736,622.4562484798327
910,2642.8311510356143,112.64025939137838,3.9800844785104847,2.8945705099386565,567.6181485884213
911,3443.1207815562693,150.12387772483794,3.865707765696661,3.0158269047743014,475.6787883942904
912,2218.64183512693,62.48847481253773,3.9587994421377424,2.7051058865312347,642.367579766561
913,3571.765849826709,117.69435194550366,3.852551617362636,3.0523548809643044,617.4202447833657
914,2755.764278326714,44.40587517911448,4.241341914822742,2.538743017835981,516.2820987805334
915,3297.779287237525,120.872818865672,4.236298883927899,2.536970869573312,560.6972483288178
916,2857.280810714204,194.2427851388324,4.0080621189889225,2.7897157788591587,646.727297181093
917,2318.969886259288,101.47307407772804,4.141348341735858,2.7651048940455403,640.9118567383147
918,4804.122566456195,46.239362011985854,3.98832243936417,2.736724911525364,619.5456009071578
919,4101.702017807091,44.95292654709496,4.118437262834391,2.868264822001682,573.9555026416054
920,1732.4300679125197,102.07788159149912,4.172172017218392,2.7405501867336786,583.3194967525004
921,4500.178308412069,65.60398983411105,4.228702497876896,2.644193438851069,573.762967794955
922,3052.238553348152,43.73633541250975,4.010084910339869,2.7321021618164507,623.1295913307536
923,4599.298462197547,160.99417823202828,4.163319193182419,3.2311782046076765,541.9663037401956
924,4239.449972599798,113.36368142110253,3.956371380252848,2.8083350627461363,543.7680138046318
925,2815.811316983087,86.27916351562473,4.246132921517459,2.833534582643752,615.4109834734406
926,1285.383371616446,184.01330928263687,3.8603078395057406,2.932408742463355,572.2255417795375
927,2220.973965662796,58.5822336320841,4.091411522600448,3.23750557631067,628.1386942181523
928,3258.210015711294,192.94701263285108,4.1138023926605305,2.6812009573268223,545.1395117207782
929,3607.21723533936,90.23467478037644,4.125218222829652,3.0109615828993253,568.808865586447
930,2179.9732046461686,182.144587569389,3.898155031515636,3.036988520156293,533.1034806062419
931,1729.5530814767317,136.47086023671386,4.2254119133892525,2.9554933125947995,569.2945072569427
932,4372.734899837336,172.273177558638,3.922473311620033,2.566433754727483,508.858122520048
933,4940.728286673499,197.4421061136743,4.099101361295936,3.0076542068706824,547.4946631618014
934,3197.622692750206,86.14487005099932,3.939070431649234,2.5480710332771315,508.5498454028753
935,1852.3812862235527,193.7816776652149,3.972886566808509,2.9471069871624227,592.7569293276504
936,2234.767840773602,102.31710318438726,4.06858341669125,3.054685882916308,592.663573590386
937,1269.8845708803735,101.68190475790756,4.01687736742583,2.6582274179649628,493.7894907806262
938,4674.335464929896,94.46193668072092,3.9140902403906015,3.1312165056570804,615.3554298200229
939,1647.4541149825363,126.62521717561364,3.9183745609683394,2.522765354149753,660.8966050567942
940,3390.7626069541634,64.66320690855794,4.01725791526512,3.1328596477437296,561.8402554694536
941,2241.409838611383,128.5938376572818,4.1529131913102,2.8452467879820738,533.3554295910142
942,3305.876409560015,126.67276998560064,4.209185858739115,2.6631909549487336,670.9732236401219
943,3675.397475737084,161.9042900167792,3.883651064903753,2.600333608745476,504.2412600678996
944,4353.018854087366,173.3839939100137,4.0072415630237606,3.214980375686779,556.8042586747639
945,1984.400832690292,110.47061604998784,3.890098225489152,2.5544991906858674,562.1848909052769
946,1241.7841489022258,88.373319896239,3.8566369922530392,2.649320064951944,607.8059048180966
947,1720.1653942614676,81.49358357073511,4.114687473057582,2.7608667605747845,567.3895590050715
948,4620.070839022799,71.13981387277951,4.090979776786635,2.9651761367208405,532.0546441684619
949,4520.782294737558,49.22361315184398,3.9152076455259546,2.908600813957074,512.9526251844818
950,3470.169788247172,94.79167661355412,3.943525133237226,2.594232619309236,536.3271271901546
951,3481.9640696478828,83.23963074092532,3.859483101457808,2.717295987803661,508.7229055621942
952,3727.139363275771,194.6267817386252,4.183978882277762,2.679063828314518,549.9130127913874
953,1866.4108587691085,129.23341220000702,4.239876238419421,2.660157140867756,524.4321528055806
954,4674.765394514847,95.56432624488122,3.904183814717877,2.8083582523599904,486.23848826841
955,2791.3279945898776,132.87481615899137,3.942590085506119,3.028023589443743,595.2058315349962
956,2655.9264073480904,62.27147221531128,4.197363809578774,2.663089699162927,524.0930990628384
957,3171.8872800747827,111.04699987235249,4.220585519182474,2.775009159777236,492.2745278009874
958,1378.4706737452093,140.1974914273702,4.017850953122724,2.793188070130872,535.2696346204983
959,1831.8768012731016,118.22365308679224,3.8702489889076297,3.232342397076557,543.7348626387063
960,4004.527742420208,104.28460810469188,3.865756733477128,3.215999767659301,470.1413309768387
961,1514.6349381154805,199.0157422239517,4.079579946427605,3.100103187064057,552.2659066850305
962,3491.978015972275,180.85036194382832,4.007158043557272,2.6812441906143887,496.11369725238944
963,2132.32661678902,139.74495330551042,3.861460971031062,2.5510279855687523,605.4411523676315
964,2679.323333359511,131.10037778916524,4.083300956925023,2.7376781032904685,556.9584204830694
965,2297.0361997286595,139.30567677193346,3.854521014635609,2.700095912075373,519.0040003956274
966,2551.5563225668066,72.20993725158932,4.164948783259709,2.879444350109796,504.193289187306
967,3932.374439700133,103.22203892229098,3.972573129081349,3.0832959325508447,528.8012916974551
968,2329.0625193680653,46.31352526254389,3.866103201203693,3.1437422041591434,556.5116296633316
969,3352.3376331282093,116.08736599789226,4.085340888393262,3.1336480640578817,529.980234856592
970,3008.991528356579,126.8839334332261,4.009073765773222,2.769756670917301,521.3136477145257
971,3721.950428378063,76.43995777651354,4.23952016534286,3.015425757595512,531.3348116327159
972,4759.953009434081,194.2446155464822,4.067679465001481,2.734625648143165,503.8456427505218
973,3983.773969398951,185.51273774995872,3.9600956724148033,2.545679157426387,513.2717629262785
974,2016.773438644876,155.54291767294495,4.13377554585359,3.0261739492022066,442.56830244379984
975,1318.4959132328818,125.341860602458,3.9585968010170847,2.507370664427341,563.9490492340947
976,2196.6033683393352,179.1950655436296,4.211697316563026,2.8068869405938663,535.9519112128705
977,3461.2961366609684,60.90437501175407,3.999888788202951,2.747034451976557,492.0617662386628
978,1395.4180912401514,166.4815670839816,4.069947425110482,3.0200331538891394,597.9493992542095
979,3086.191739364698,59.97133023469573,3.870229241529692,3.0746841045702844,524.4806592156955
980,3468.002825884179,167.07370600790486,4.020448495180893,2.728070976978463,478.5542571209921
981,2470.126785104452,84.12281092021712,4.182945415864398,3.10872026083364,553.2694968588183
982,4129.466374234124,180.33449296291025,4.172259522145337,2.7204375703787003,533.9219286603706
983,1605.0733619083328,191.0467350120637,3.9397274235414095,2.834744769989921,532.7831994193688
984,1485.5235705960731,63.8073551048185,3.940431628404225,3.0452638952606006,498.9697758139364
985,3967.1172735736927,114.02809681046296,4.176922124885294,3.019690171918592,533.0198289511214
986,3082.867001583554,196.95798050602963,4.2221593680677305,3.24052635423415,503.5296683911562
987,3815.929106425397,117.34518975570346,3.8881443685092014,2.668870768161949,535.2376580658337
988,2852.343886694236,178.16760360232723,4.03002345577049,2.996738435154686,435.8022218395744
989,2136.3277263086056,134.19704354101117,3.984981711585692,2.957261431206833,493.64506148083245
990,4312.588807161959,100.0527852671363,4.198275382182976,3.1863238408675225,578.8862039123278
991,4237.780340082121,85.72536888413923,3.883409965872008,2.6172716062336563,478.317301783988
992,3839.8465892468216,72.51569457377397,3.934450377023215,3.0638486226902,483.84646810027255
993,2234.1515214738583,161.88771062043156,4.150987335034598,2.9262014622015764,489.081546462001
994,3442.876534102531,101.84648109168448,3.8705175395924862,2.705999402340929,457.4077545644543
995,2571.700808372102,121.80407395212018,4.047014152285716,2.855826185610381,416.6687689508699
996,1548.0118786412097,118.77207680018913,4.026842813871888,2.7503324478023483,494.7765440590555
997,4685.7915867565225,132.364644677301,3.9837604715955,2.934485052091346,508.4343769632663
998,1719.9107974920537,178.49234329992836,4.007828926127569,3.166750458111,499.89979725845393
999,4810.90194451905,196.9182949733487,4.061976234772093,2.926978738309152,495.2048575220845
1000,2894.821937240232,105.21347337181072,3.9145469433553535,2.973791813744938,501.7216348340155
1001,1903.5051295867547,172.40302753700848,4.078798351313437,2.889060885336032,539.9136588620306
1002,3259.223600037761,162.32444714475483,4.172172931719994,2.538374129834107,490.3821525628313
1003,4517.194176330351,131.76463223289173,4.154064371916063,2.674643917657071,474.0366969165092
1004,3982.454568356333,192.9675429779093,3.9115599618775097,2.869001297074062,484.7549806044765
1005,4264.932361873509,72.07592248454445,3.9096997878965896,2.7326764628085285,518.1738703902711
1006,3703.376793500726,57.48227364953942,3.957269747097965,2.636322698320896,550.48107514173
1007,3830.65094516784,176.63391471286755,3.994429890536415,2.878099631438829,467.8742504332329
1008,4426.943475948214,110.26397066139972,4.013382232563393,2.742107345085888,495.95735148115534
1009,2148.7384336649066,175.51501667312968,4.121878886733338,2.693580732380061,504.5342976774384
1010,3059.8148618439336,182.8944328312664,3.8726721728663343,2.847989063080285,450.2968797308471
1011,2040.5958789144884,49.99321497905143,3.863869081690426,2.5999631935616296,489.8166866885167
1012,4953.138430387258,181.3543620777697,4.006764225177563,3.195809299806556,429.3730457063162
1013,4787.42549080913,111.73104885910756,4.128865476855192,3.1507765734394293,416.237987850424
1014,1349.8218832003224,121.66919824067716,3.927374137182593,3.0307154393054017,500.6698563156903
1015,3881.185655559616,140.25480177491363,4.1066017925025005,2.579660370691342,469.6450103467687
1016,4715.9436061795295,188.22121707681387,3.95393125517612,3.08190794085227,492.0912163048488
1017,1886.186311483868,43.05857510876224,4.204434443525407,3.1059679960817643,482.284200919666
1018,3358.191876099992,116.29495493085074,4.208275977706647,3.075823463285753,442.9439980534481
1019,4678.855530834559,150.0355267888897,3.968914881712531,2.585474415339431,479.1898279214265
1020,1328.9947186260356,155.63311323171655,3.941997501585296,2.982930967800824,430.6759477994058
1021,3850.197015537992,150.80518904593728,4.014521588826493,3.125743596812049,534.638894320056
1022,2329.9262280156927,61.5096207052995,3.9462126340720594,2.933015050914751,423.7611862056015
1023,4712.705542430816,87.903294139469,4.118953537316681,2.984805531421067,469.1685891612568
1024,4890.021331628397,97.39448406672216,4.180425873819314,2.8437726095697298,434.3091364781101
1025,4788.212658631049,168.7099532287208,4.1192368523644864,2.89653048991304,497.8168469344319
1026,3002.014023298362,84.60157958632848,4.17974017889974,2.525782643763794,460.7427451487399
1027,4475.762073759392,73.7127942187525,4.0087968648829895,2.9792222664799635,452.2533312151516
1028,4409.287714433267,193.1916830460954,3.912526788283544,2.5610854096683693,506.1280618020622
1029,2412.5817983243714,41.418125618155024,4.1451803789590365,2.8262609457551675,472.1772236671021
1030,4349.878801772574,199.6513369091165,3.9941898020566216,2.719491323250556,490.66577783743867
1031,1340.629011918872,148.2914078171833,4.118508330091653,2.909070962658785,429.7469625393014
1032,3465.8255382318016,172.55508791185872,3.958257576792706,2.600062251642405,411.8073222428997
1033,2074.033581693272,87.1391034153909,3.882491853922669,3.0187325514799888,471.28831848160536
1034,1658.1541659536597,42.29044442672959,4.247032718195105,3.0962586526963527,453.2461457802107
1035,1492.4221661909949,158.0591229698448,3.91248060317224,2.622515837307368,490.05738689815774
1036,3845.897348336931,173.46313552010812,4.245368397585392,2.578234815513912,460.803661893498
1037,2491.5248623186512,158.47618111256307,4.240911973026579,2.6091366120905195,471.2030135693852
1038,3954.113731809293,62.856045968134175,4.167527241563215,3.1578456714238765,397.0646988023503
1039,1448.3540950359811,160.54846756111505,4.113769184832799,2.896141946317268,536.5374775845703
1040,2398.10328375632,163.02764513722255,4.081122820100434,2.850445747005627,453.4303205987187
1041,3250.0669110262816,145.3664825072088,4.196440618151134,2.580033864326765,486.903478813568
1042,4204.748026388062,162.57854924729378,3.965775808647795,2.9871670050677213,424.55633319121495
1043,2411.259511141866,175.34743034843714,4.037072484993951,3.1509996939213174,469.32039608869366
1044,3578.387230460635,138.17665827799334,4.097755987746601,3.1211394019925898,403.88620945901016
1045,4566.715443297511,54.17675423514865,4.014476190347796,2.969541031735601,473.08271353038685
1046,3540.2801150927576,118.02044954675374,4.020994581636107,2.556459037488755,439.7610366245667
1047,2085.2460040638084,52.423893547456814,3.982113867000834,2.5842977703820096,454.1676201574227
1048,1292.7229699148445,105.20688496518892,4.075692726673815,2.5369817403323687,479.9189612052039
1049,4506.375720823533,105.13703826010044,4.190229811206047,2.693109412369352,401.6983875511888
1050,1280.823761231471,50.56157506243865,3.930611351202525,2.601746100370283,422.6203307754881
1051,4523.866356199958,95.81128543511667,4.223773215501376,2.695036030189325,467.2929712434706
1052,3209.961109303405,57.75969580661037,4.125635061499292,2.788793541789221,531.9288589818699
1053,4768.457254349005,169.3176336014755,4.179309285072012,3.207237088053352,441.4767066135407
1054,4235.376295939928,191.6300841543153,4.072476277052004,2.957782044836269,469.6454447169573
1055,4992.149620026683,51.57063604127018,4.161806680569626,3.126230339262221,440.7211412056608
1056,2532.7048987164985,192.81843316667224,3.856480158935787,3.0327636255342494,521.6898237902519
1057,4115.315497938282,123.61225589387922,4.177352169911814,2.5843773478949736,373.1111333213898
1058,2727.33747171512,87.93050847261982,3.866055543634147,3.0519403047804614,445.7848417867744
1059,3023.5273571548537,52.29793204418616,4.205965350545145,2.706324161169343,375.9782386575176
1060,3584.5207602298065,120.09988289126684,4.246785098895457,2.97933088524603,339.7371371785313
1061,4519.973033908087,167.1224871185198,3.9676269848707113,2.7557214802322414,450.89848212471264
1062,4939.517182957321,153.1338363626717,3.9341274225143175,3.248254197448494,443.5799118458984
1063,4119.43897268517,48.0361618342358,4.156145345543217,2.6976636096225834,425.60652249031193
1064,2787.5137722358686,51.664293658864565,3.951210536368101,2.7093478530807023,431.7522363984099
1065,2801.1566086528665,104.45972522122192,4.196224953268882,3.1980041916717985,558.9319773628503
1066,4002.812746037788,87.24647904767093,3.891137036862991,2.518483303477242,423.6729944787426
1067,2107.3531539195487,77.18149168896765,3.9003820785517433,3.022516740904898,453.404974450003
1068,1619.8016298992998,84.96071982539418,4.241660622040246,3.0439947930519087,406.0254072154448
1069,2547.564199034951,168.55723892750154,4.119535559308002,3.1272839330578,442.8093030016241
1070,2291.5081682855107,188.67648858109663,4.188754889771581,3.2308294829788564,420.4706529977753
1071,2325.9708577327624,104.81643112441064,3.979731750940607,3.231701439367489,412.5792606908108
1072,2087.709453989658,184.9777603411996,4.120593499808241,2.548957568174848,500.755941288013
1073,1359.9541206181752,91.43931219966112,4.087696730923439,3.116379492064677,474.0873985273736
1074,1267.9209519869726,116.22991781500666,4.091260048049179,2.984732450243036,431.4698658959693
1075,4953.34508099692,76.16463965055996,4.123012983815089,2.9855066007798183,332.83152256224133
1076,2825.537908196277,142.47616674813503,4.08014366925164,2.596262444961021,409.5596310698972
1077,2660.44125920679,196.63697842796944,4.021624947721066,2.98764037483424,531.1211025762034
1078,3782.6596742336656,136.5588953669406,3.960369077752219,3.236861935450936,412.7735333344117
1079,2029.364773887244,97.25025345816782,4.157432532365281,3.183863927154585,465.1287028821464
1080,4809.852499010856,143.65079135848453,3.9405089720012745,2.829347995603638,477.677696078104
1081,4188.111054779098,59.66730855446201,4.1269417224617655,2.529960979964571,427.758556634239
1082,1539.7618087865862,182.1854528424637,3.943333129059731,2.771720117500154,384.32713472527394
1083,2786.806947982728,120.49343212477382,4.100132067981781,3.1197927337004163,319.58750672868445
1084,4540.649568736226,111.89595872634273,4.148831306851612,3.0261243260988744,443.3665283443582
1085,4789.981684707359,133.73836615256306,3.937485555562616,2.8445077416954674,382.4097598870581
1086,2976.1257427495048,139.9654180463044,3.8739773203445234,2.541326151369123,421.0460180755077
1087,3530.963279000689,51.48412899624208,3.9023894971976696,2.820171045867477,363.00718641642544
1088,1834.7289951498856,149.21875539574438,4.092398786908411,2.8517687047884124,401.3904983811919
1089,4966.440779320511,78.70906885048473,4.189778562490294,3.196416649670602,412.3487621960421
1090,2080.352465257085,154.23242120105436,3.86799872849417,2.9808145776866195,420.743743241772
1091,4782.380741713478,171.60556710147148,4.143660503616658,2.7337396874909867,364.40711250590346
1092,3668.657266171,168.63336120840324,3.9865274583800208,2.893988698338041,455.8764379504541
1093,3509.3998205396647,128.40015478526226,4.041411347967809,2.54954148086662,383.1242086107212
1094,3148.2163418627324,123.2271827697202,4.221543819938226,3.2294261767373027,339.0212215818702
1095,2076.545284527483,62.86015381430588,3.982788601894338,2.7700449264480445,400.6390632014615
1096,1870.806521620932,164.0553840645017,4.036134773575794,2.858400516184852,405.3750123610584
1097,2037.8475944666664,83.4255008714743,3.855472965904272,2.766462980677692,409.4235773268704
1098,1908.4653961481672,119.47126765087144,3.882639488001936,3.01188379758715,456.4852961474032
1099,4162.420999553662,85.48385486840267,3.9534366364539135,2.996674118747195,391.5420465305656
1100,2530.4759848335743,61.412538079950906,3.86114089632843,3.0364917328968515,395.2152150252492
1101,1419.8021709409063,140.72923150267786,4.1025501304193,2.7011074222089406,354.87262475067627
1102,4882.589994535083,48.69312557166461,4.020559342720649,2.7367513608730496,430.8221401155159
1103,4558.386362861018,159.783237460192,4.069258081091209,2.593938423322156,404.3723625631241
1104,4725.458676141809,90.81388724177869,3.919858874358532,2.9916324788845845,379.1988909082335
1105,4980.649726056454,40.021550880717655,3.968372811774647,2.5298478455017395,318.81301226138146
1106,1860.801947034052,121.78066227795676,4.11552978994109,2.9482617516425944,451.7764878022035
1107,2705.7196718301034,47.4963053644165,4.23612108945216,3.1522719136387254,343.8928014217577
1108,4081.306207675547,84.18712925134392,3.870166709440884,3.1681241112172254,368.3488796252118
1109,3844.8783486044094,153.1162379929146,4.206153728342106,2.836778320277471,405.33378044304015
1110,1784.804444091449,50.030339459498535,4.080752480524484,2.8444777661598053,342.1376828553325
1111,4300.165874964348,174.2941587769604,4.075567826702249,2.557726887256013,329.2596088698743
1112,2052.8741729793105,40.6111876253733,4.050111414083104,3.0030737690822766,303.04209669197337
1113,2050.506936325968,79.49181907230437,3.877757634361673,3.115944565279634,415.8398781162254
1114,3240.502806994972,158.54464898433145,3.885950740694464,2.6834912909535347,364.1925502109471
1115,3453.171752398472,90.60322395668908,4.090364802263634,2.8159756612250235,502.0908036989332
1116,3404.3275897836825,56.30278209056216,3.9863834285742232,3.129129502573953,344.2257973747651
1117,1547.6499821114685,97.63742700806846,4.216907226631072,3.157840350746716,346.1419590628432
1118,4534.351277995445,83.26292582152408,4.012636214943789,2.6823849851981696,359.38428118858394
1119,2209.280161837083,174.83390434568878,3.907312583481057,2.912927975906024,390.7253862055396
1120,1692.1567008746558,90.1356668136229,4.135887533400815,2.64436986297687,361.1918664485876
1121,4577.242703502114,166.22919548416115,3.967341368576404,2.576409073104668,403.4932885601005
1122,4831.475693273063,182.6995431697176,4.060188122942357,3.183340376043968,338.85646440045383
1123,4476.084945608713,109.41078713224472,4.129133114202068,3.1153806281740817,321.7363312614568
1124,4276.1610839545365,185.59090301670275,4.210105644480828,3.07002617635238,304.0714104236357
1125,3689.9195264282826,100.37088863411086,4.16687647792067,2.5365747391098554,286.0570332825121
1126,3293.258008314729,194.2525466384173,4.12054442714909,3.132796594532693,353.2772392209977
1127,1530.5496876633586,54.28632392409167,4.121853272958058,2.8285330569290377,360.9607875042712
1128,2752.122209668655,149.92308264051883,4.228369857612835,2.756796342471895,346.7425189006727
1129,2616.2163646467934,119.0102464731086,3.968329638998615,2.909857270769032,420.7362318874865
1130,2187.06437828924,102.02380887290352,3.850444837678475,2.568514932042667,419.1212083843254
1131,3948.996432016623,141.23390059977615,3.95878182375928,3.067484912014299,355.6078805022199
1132,3084.3277932993287,152.617134661493,3.9371565518506975,2.9368263076662218,296.24315547232146
1133,1507.9756204490625,40.698123144049454,4.114733834045599,2.6399425726548755,344.3317956777979
1134,2036.6961674092831,66.7124941995518,4.103484639906212,2.641174149826784,342.00714424331755
1135,3796.383301906465,154.087368101491,4.08738455308189,2.638186488679506,338.71460150887765
1136,1489.2972660631408,146.62166617251302,3.8564973772837816,2.5427517906639503,336.0912438440702
1137,4434.586273385321,194.56760082058835,4.141511221780259,2.9408488370287635,336.8614841710077
1138,3081.5568026531027,161.76604644012528,3.979412164994197,3.130261133191381,346.5383353640896
1139,3026.2289938412623,192.12363323701408,4.116022395602652,2.5131236604905416,335.5783560473777
1140,3451.149581706167,152.40648024556913,4.0726313714008615,2.536753483728455,368.3329003450237
1141,4333.787670515567,87.68835338231091,3.987092370171163,2.929577707515209,373.4147486361944
1142,2521.674990028334,56.85838756013703,3.903830506841643,3.11462176403954,321.5741965127004
1143,3776.4613797244415,165.0918181351897,3.887767559064193,2.745054167926475,407.8426130402813
1144,3349.781463184006,143.06387543614653,4.182607333244889,2.762210799105792,316.79750792637543
1145,2214.707426643801,47.7097619829274,4.217359016832623,2.947259873122582,290.28797544738654
1146,4538.7939481496005,97.60807454415654,4.10991521870572,2.7056596668431103,369.23112285460206
1147,4230.218882106326,193.08797047748573,3.8913736459441934,2.519956274558263,320.3036746234264
1148,3702.116971702017,120.0641833136322,4.010810886755296,3.051421388576197,364.8516588302955
1149,4432.21057055812,109.23666176315274,4.141575680042063,2.96923743470609,254.8532559559788
1150,4495.717963647248,113.23193682548704,4.161928353604028,2.935566999291744,405.6982376593227
1151,3891.779311517132,73.4212358408262,3.897287448916436,3.0562630967438675,375.89173632161607
1152,4380.650647781954,98.99314733836724,3.850012287538153,3.0064231281715283,287.9809380334799
1153,3850.3915543432777,99.17012095794826,4.134854818352242,2.654411491133741,287.8489150461486
1154,3784.534932689141,48.37680322999559,3.9926384703944815,2.764360785207513,412.8906361639011
1155,3550.7232372177004,162.81082056286692,3.951792532647304,2.5945826062589687,315.50480386008167
1156,4060.3232303190366,106.64070910462064,3.8551589879158095,2.5973927600634106,310.632606050695
1157,1802.69940011368,171.54878189062774,4.0661197627046,3.0071468097674043,252.3579162340287
1158,4547.308884955928,176.05568017918327,4.190460294170393,3.1439500802368734,327.9688717759378
1159,4513.005405431882,73.91904875178528,4.233052658509036,3.2220494378958544,331.89121540656987
1160,1311.1396755313249,145.17655714722056,4.076297980245315,2.9712603381620832,368.6197238707794
1161,4338.103652146098,115.56508866607707,4.0557845310959575,2.638075992520718,283.036862872621
1162,1689.7054963990918,180.8250780674376,3.884022554195696,2.579237759086698,277.1885283103756
1163,2473.45164618474,74.51850866823266,4.06954912061704,3.1096382286525683,355.03850539105906
1164,4025.3313739081095,148.45011204960707,4.001991631586158,2.93406735727,376.2692028490826
1165,1810.8876049835712,137.2403395604356,4.092854112353431,2.96371376576029,272.1539059552847
1166,4308.274691652436,87.24823641149325,4.005490539150618,3.086096566566032,377.2605634519896
1167,4362.10987623942,61.85614458418762,3.946119649380147,3.0274579207993386,334.5016736594729
1168,3128.3773882911773,144.26236167636426,3.887986110091351,3.1258436896420725,375.6722135629858
1169,1224.2663125239676,158.1755933011729,3.975967377835558,2.542160429094909,328.19118553929536
1170,2290.7449060646686,90.500375002136,3.888657933715101,3.0606404775598786,229.108883300482
1171,3544.3222898278204,143.1732166435702,3.9207587803295936,3.138139567991572,322.92130470735844
1172,4928.507476504209,103.22094521784052,4.244934463431818,2.714601281843736,370.4057527468508
1173,3600.89140266334,154.11310132521885,4.027641422762647,2.98033545549494,291.2501592366514
1174,2187.253608043807,71.8744439830485,4.062748706602006,2.735621547877729,310.4814012437019
1175,3609.221671778523,182.4344004217879,4.199447411494886,3.2184782998618404,317.95465985796085
1176,3251.944442920251,85.98553543449276,4.248227560196275,2.525067679326628,208.01944480526072
1177,4163.412501574346,98.84575804098446,4.083085779737873,2.934844632874716,389.8539030174991
1178,1606.526427542442,49.294712332855966,4.174989528417669,2.624877660287136,285.94497280411304
1179,4091.9060295077065,57.84195397140422,3.9807764097346703,3.034165153882869,341.229417298912
1180,3256.81299896922,122.5379044339725,3.972297582978917,2.6319177125639968,316.53195455407166
1181,4859.36961466418,82.81482827647544,4.011081488397824,2.6765374464237683,369.3047622543744
1182,2499.114230947007,173.6768361187511,4.119002905069459,2.8707781082843185,334.2422448971232
1183,3603.963193909002,42.350942184792615,4.12287667570204,3.1861262124976584,307.60302913916104
1184,4741.706800938066,100.6550477875098,3.97609577385978,2.6587857791109784,280.2593962992288
1185,1589.536966364581,93.97528748305484,3.903283969654652,2.608180015838577,346.91402805528554
1186,4761.468251498514,43.09242094681616,4.102958502586204,3.0692326238905228,239.06234784181527
1187,3813.965744743091,59.89894384008164,3.9013303448755057,2.875464649250448,338.8356168110357
1188,1457.7808245996532,106.18282798698164,4.081397003291732,3.1838388342863286,268.0382099378051
1189,2343.661554397901,118.85833351159148,4.127368851222523,2.609960917869881,361.0913464782656
1190,3891.05393685207,104.68635956077904,4.1302445985577805,2.9844459197672792,316.4519817065078
1191,1455.9322855813325,124.950028545935,4.151388844263838,2.674659359613861,334.7649507140043
1192,3412.2477486698385,135.22106798490904,4.199143768626266,2.6175703214887296,311.2795525529888
1193,2514.3556164212355,41.5878113804537,4.049983596785915,3.012572061367953,236.9049161943601
1194,3559.478967516413,114.25522551256064,4.142099675811829,2.94526346493155,271.5708334641865
1195,1373.819728487549,194.15987854201413,4.097669094146335,3.0661205937717484,331.8955735044553
1196,4511.839863379029,123.0451648207278,3.924655975919073,2.732096932334637,310.6662326943938
1197,4899.258082874108,148.4067627934325,3.860275857947763,2.8359787422866427,350.2395962122269
1198,4881.735850085628,89.89821726670131,3.9638165542707737,2.804103757247814,318.1309825214869
1199,4048.6769606231137,163.83862050444202,4.027213482535048,3.2380670979748856,262.3319243718936
1200,1694.3277124964015,163.6674371001784,4.096842377771463,2.7191867175545408,268.1574344911746
1201,4081.4001445302856,123.40736762466224,4.1899837322012825,2.721112928760076,303.1166956209295
1202,1293.4302825434456,196.16221172467417,3.9284982866824665,2.765911156621456,205.43823735999567
1203,1284.0694958101897,60.088034362024544,3.900219915959391,2.923445560967741,363.9376754249194
1204,2429.718832768257,42.71162638233296,4.235391978989731,2.689242058197809,313.6698694551023
1205,3056.84412353773,163.22531388113535,3.893217823750563,3.1864674552844554,344.0813838819549
1206,4127.548187669614,169.1448859783812,4.041396428042876,2.6992641736496976,230.77584236763323
1207,3796.52243110472,59.2331566592922,4.084225491517321,3.171861798670146,342.78260641421025
1208,2894.430284231644,82.49325327337698,4.066549768362975,2.5776062977349383,381.2599564411099
1209,2239.78133187033,42.80837813866063,3.8844128628131775,2.9924220267997392,238.1648657849073
1210,4989.073100599302,86.92937772489034,3.872810765601448,3.180239138828683,320.8560717961507
1211,2819.488948496697,163.70269982698744,3.892193370984415,2.6265620787986723,289.04439778749173
1212,2915.2706924527665,122.87368443401265,4.084235073549045,3.2262452200744414,226.22264607007023
1213,1821.7705205283428,95.6952949069261,4.067737955053729,2.839662520311634,306.7153588740748
1214,4220.276285249732,99.47828718501285,3.9434963168146977,3.209286331330768,319.344128193494
1215,3835.9924579696567,40.21658011447491,4.105109656738237,3.007615032722536,260.9549378932461
1216,2038.9245285972893,87.96808441043774,4.17802700082226,2.7261901524051635,330.6366608102089
1217,1513.047973340202,143.4333986620689,3.866631583938637,2.64122689368783,216.32946372843207
1218,3785.89734788391,195.8711110106172,4.049251977419217,2.7278012846688244,222.20975414201425
1219,3687.142614268314,175.5297323174239,4.125724164841076,2.5697630569470062,286.4638958235501
1220,2238.386202593196,43.77519434328466,3.950924770827875,2.6079009747574973,281.0154111188909
1221,4813.28153655156,183.7696967479743,3.97310836211726,2.578495330259861,250.33706046303573
1222,1774.0199887674207,165.31174612778017,4.095455161195754,2.8172076578061684,310.3837774388754
1223,2842.872243961888,164.86017977135683,4.209174117377494,3.09668378219319,298.235772568638
1224,4785.740496636876,113.27932144057144,4.17396976812116,2.606037665662256,310.3255628373606
1225,2794.9638043192645,103.68084687272044,4.083252087639833,2.597740324879252,270.0745425859093
1226,3626.398601123525,88.46651661331082,4.1420886871029,2.982571712137998,298.10321071913364
1227,2710.858712258618,50.51117743269853,3.99592898808312,2.6478872364760497,255.17398787880023
1228,2242.017768924946,76.51765815899185,4.106386211239503,2.573207528581744,354.1527476034638
1229,4939.115062247347,79.45658159648394,4.036472636451023,2.625136433654183,238.49816919512057
1230,2755.469223997164,117.45233115363226,3.9259744545830246,3.192798546907582,354.2118971783325
1231,4597.576973980711,159.59110505547102,4.130695309550903,3.116103439582143,270.3955178835764
1232,2073.8275023861274,115.80957254367146,4.072585854939529,2.7655484217663204,212.9795644172503
1233,2009.7978752953163,49.2551119115457,3.993448632781437,2.9918655754955448,321.72317401954405
1234,1318.3095149611431,193.24636815811263,4.214535676031453,2.9029567552510285,271.0360555357984
1235,3676.3339364283634,190.835891055058,3.858373647130693,3.007843197611923,299.0449639352095
1236,2600.400106150292,165.63032690374536,3.9763092604997983,3.0120033643470694,312.9542367417037
1237,4484.56134939062,198.61246425027528,3.8727525591110585,2.9715505112949945,276.51822216580103
1238,2998.197645427917,127.11717324804206,4.156610926488651,2.6995760264029816,238.31036620748745
1239,4879.135026075943,194.04293604051296,4.130842981645517,2.5292548155721137,300.02853510677
1240,1904.9969596718604,52.09680649868013,3.982540887494527,2.841675086492581,260.03022029818385
1241,4500.768038231321,98.5089197218194,4.12026516088283,3.168230413518028,286.43431274433675
1242,4151.0680406086185,76.06100288108253,4.00837489047838,2.927122943888932,171.85077704834154
1243,4129.503009647397,71.33329346148321,4.152501516568973,3.124293281276431,274.8792686803941
1244,4410.176266844173,62.52847182282817,4.031673465094682,3.2437182572209213,230.4565669941988
1245,4091.891165583396,139.58618265055946,4.014911891132666,2.6227121531037074,321.1323854871412
1246,3579.6372221993784,165.0114969195688,4.22389196619532,3.0188332293564866,278.9234939155638
1247,1698.730535193073,132.5277439072577,3.95035163995628,3.005720180275018,262.59430983397186
1248,1323.5994820667572,63.51403353411355,3.8981789359986254,3.234966585518709,271.45239973400885
1249,4699.22182169961,169.7798031893553,4.083817245303783,3.2392005504646004,211.06236588493127
1250,3543.2711951788046,141.75275314619654,4.237728724913672,3.0150089587930973,314.93026762112214
1251,4226.84170570947,102.10651298031928,4.001135685490874,2.682711093986646,328.6548167366762
1252,3029.7849357476903,147.8608472857701,3.874814705451513,3.098916878597949,263.71654042192864
1253,1645.771118057099,81.58479667885325,3.985722106923827,2.5802718506582787,310.6161427429456
1254,1675.7060103696915,95.23075335907367,4.052372661727824,3.085524478128721,223.23407205309863
1255,3805.148091470091,186.79773490111845,3.9147692026528857,3.1826470931085225,213.1154573510008
1256,2835.162400617958,86.48072090742727,4.113240887222597,2.7871250460763264,245.6369899491569
1257,1961.99396146128,115.19812290526986,4.24909975560408,2.9729764712373106,260.39764153471594
1258,3068.05927761746,182.4225819833624,4.030695790392578,2.82260704907262,226.2405327502752
1259,1443.9939608855095,153.2354160428044,3.991891422692085,2.8283237912410963,262.5107276147394
1260,3411.491327274716,49.95251618635244,4.010281666733786,2.73277816683109,252.25557928293657
1261,2222.174936853371,63.56848708463525,3.8960584713580806,3.071597215337744,199.0677289883578
1262,4230.724582421315,41.25465452350669,4.203309440570489,3.202132423124879,258.7517206980689
1263,2379.37544390958,140.94748643666614,4.015930262208541,3.205563144425846,271.54112970086084
1264,2929.8365665108445,111.62774806566694,4.004909764569937,2.6310859636562003,242.85877270361564
1265,1244.1580516507825,61.483976144364085,4.11387610917219,3.156057737242425,281.1059241304677
1266,1475.2981736193235,193.26945936908328,4.02681336837245,3.053073581070341,185.30384826012192
1267,2691.475514345402,124.7455558312992,4.109293387523138,2.689628050517717,251.71801688527407
1268,3023.767571925069,78.70292705806227,3.874578516052315,2.550463459691136,185.188771744129
1269,3480.0780828533543,120.0965713847532,4.175489337488891,2.700997950163284,186.4367456706765
1270,2308.3177990953523,148.73925323761725,4.226201581151761,3.184156177586144,204.7627666504884
1271,3840.9311672808617,52.19827487577032,4.109506154463754,2.974884006171829,191.31759265703025
1272,4468.465109318977,83.95261040766272,4.231826371543525,3.040790995673404,206.0801672503545
1273,4163.43375779473,169.11447854143898,3.9105729257479855,2.692864263331822,218.43398757155245
1274,1350.551536323757,113.5463792644258,4.040966475792142,3.039541116681116,259.4861794532554
1275,3025.92639957975,127.45234272516718,4.090722693578179,2.521091129708443,212.1536384517719
1276,1598.7346779890645,109.25056035351508,4.0826946589684745,2.7814910093297605,160.5749717292163
1277,2119.771060277604,47.02399082288082,4.010584711635618,2.9700650114067484,268.6027138598064
1278,4949.317854415156,66.51996477122495,3.9852337637465047,2.6095724241559903,188.5163946553984
1279,1741.4830630257502,111.28666219870254,3.900729609020168,3.117252680835201,218.65118291581484
1280,3095.774983115153,73.46967446526845,4.006696980224912,2.676273474108939,237.86146027762845
1281,3548.9917904088525,47.996644585548594,3.915064326042194,2.989210834613835,226.9844167361113
1282,3869.366888067595,174.9839462482918,4.143746270596887,2.8038978569314974,261.76718190085904
1283,3326.6649972502737,196.99080466625853,3.933532374197836,2.947032696608235,236.16012573571035
1284,1237.129220192898,166.9028598394783,3.8734261221138135,2.580587914471681,181.54761681211568
1285,2440.552971327169,176.60558747274672,4.070946455126894,2.5126845999412053,302.1424869596665
1286,3167.3042448619035,78.71634085072726,4.0880918930877606,3.1821733205352256,221.7733385335293
1287,1533.892696750367,193.70031608211195,4.1987652245122025,2.702222506575387,207.10639093513976
1288,2532.382338594887,71.50811271254854,4.080792644967072,3.114757752085344,250.55701692222283
1289,1326.171813407193,192.2287696578932,3.9881923414893774,3.2495127253541503,220.9780378372029
1290,1498.5982891890787,199.17108703455216,4.171204752610528,2.6585734434991832,225.9691277175731
1291,2708.308449566065,153.8756489193678,4.066111557274969,2.6988780558875165,308.6873599440275
1292,1704.319865363629,196.9829970866915,3.8817121138524766,2.9971448407259995,196.9951428697981
1293,3356.655223393921,131.12636473073658,4.076340224125299,3.224086475950466,194.28956423930416
1294,3819.9668827216096,81.52668530817445,4.213207418168665,3.186860761143058,210.66314048049856
1295,4242.229456614515,109.91934170649934,4.008525050199288,2.8771566400491886,247.8606374232416
1296,1960.5709281302784,134.96974966060577,3.96853032075992,3.096332711895044,143.73863879238405
1297,1836.4338125844647,51.6930499243224,3.907387782807208,2.601809389824926,124.3777643409398
1298,1597.357793270721,139.5749223387594,3.910578208774143,3.233078638153009,178.5153891751941
1299,3618.43494826582,196.9884538819672,4.023108593736728,3.2232649255269896,135.6430816376285
1300,3884.607760650225,70.41722396539642,4.088271929664612,2.6227967184093783,183.00674609897447
1301,1320.0273503374397,166.81521860614134,3.882246162067841,2.72456734360233,219.0999878451716
1302,4757.606535726021,185.2638070047391,4.225827435610066,2.575116248130075,162.37004545790944
1303,1397.4908778755953,190.9922548512353,4.152053446978078,2.7037881991736348,139.9269369287463
1304,3256.926074144068,193.6216967048716,4.084649567313465,3.111966842061405,198.77348646861392
1305,3894.429973913482,123.4335421954355,4.181375468375596,2.7837367053739444,229.5017393846068
1306,4509.682670235125,196.3692652786406,3.882074702724845,2.566297725360069,126.20106245933547
1307,3913.530342103226,161.16963314151022,4.04073555109325,2.7566691435841784,225.80929593223937
1308,4246.566715665209,65.8674297979139,4.102037250744665,3.2360375006809603,224.69224814953304
1309,2489.9107316626632,116.3040170348752,4.181461162447316,2.9722626964444023,229.1634040862652
1310,4296.335432236747,154.93298805952065,4.163387824019707,2.8121207098046184,238.73920859486745
1311,1504.4364162617655,79.57445053105333,3.96082769988536,2.6249038851229525,277.08055698638464
1312,4600.303293030005,142.49842936782198,4.226352067823682,3.239632597962771,173.75631805523778
1313,3280.851029384198,146.6560766474591,3.899738336572349,3.1156367569473464,191.3828632031143
1314,4305.731525857476,66.03195900937054,4.200053447448461,2.7111079768381896,169.342462670079
1315,2918.8094811695405,130.413649992441,4.238376099841847,2.552551521790892,185.07907379023243
1316,3645.595241746794,163.4603057565772,3.92086140928905,2.5424691680331684,245.31493422545248
1317,3200.3301115572303,119.8233063257507,4.138826425681514,2.5902836121291504,129.19942064277325
1318,3980.040182670261,41.93649868417719,3.8661142075112,2.935576437710816,147.55801311337697
1319,1510.1939317162405,41.44615505268675,4.012169130055662,3.19657256590412,236.08723746018245
1320,1429.3379191641425,97.12469503520197,4.05651331967907,2.8725575710044886,220.8014602760836
1321,2138.9922892385566,188.1910509490851,4.082258090363854,3.132209111842148,164.47473412731688
1322,1806.269784430116,76.5882847365774,4.224374899299424,2.834414964894856,212.1760800448288
1323,4512.777553050366,141.49819021946996,4.118900274917678,3.031437659325869,190.6486336996813
1324,2033.0131519605684,75.53213931093129,4.042511180487695,3.0489045529648755,236.01098436003952
1325,4908.287972112699,91.46719834552778,4.173870014506356,2.630472779427504,177.9803837530709
1326,2480.2040087302057,175.68673433623744,4.230213128381764,2.7709120442318587,215.0252845549033
1327,1892.0480796170573,156.6178307631915,3.858826459472916,2.977976617403518,278.6804764197048
1328,4200.85432714142,55.2638843701137,4.243008508902416,2.5530224561382746,195.92396620189865
1329,3703.0895469033294,108.59232335782936,3.884452855625472,2.7711551408222173,172.97312663179375
1330,3093.143722521928,44.66716218324231,4.175754711707505,2.9010995997108946,198.8978794088392
1331,3310.381493562999,116.94242345648144,3.962133901020565,3.247168369783479,154.3887656718446
1332,3932.966757434602,145.9894418721709,3.9028718631015487,2.8559001719668307,263.5187082209893
1333,2068.128017058936,58.96041977570425,4.025942255885534,3.112042567835742,174.20284150783925
1334,4986.068881015619,86.22159022546651,4.107582631779046,2.8240504637999635,155.0826671909795
1335,4904.214016157775,103.65386008034513,4.00238073800939,3.097293041964781,131.57243979919855
1336,3671.23760811836,187.124963944968,3.87182616331308,2.946561101215081,207.8888076642576
1337,1958.2613135307515,198.92080246767424,4.089784455863486,3.1649465811267987,197.68749651310955
1338,3784.867321238907,47.18580783929853,4.21096131044427,2.8082069142625823,142.10582514343628
1339,1474.353954120868,161.76126775926272,4.003286146378901,2.9532283148661094,184.0580538048969
1340,1316.4795083820632,99.47585062437491,3.9365331110523294,2.972514010464121,99.65776127148574
1341,2179.194976342612,102.7933097967168,4.027030938373127,2.813037206350355,166.39882300292626
1342,2957.967235609402,160.68239573552364,3.869345084419512,2.608234032765611,176.1102540830678
1343,4499.435520551846,186.9482291432654,4.17819503379211,2.570169555184252,225.2931923823689
1344,3963.2424651119695,192.1485751204077,4.180536324380075,2.512503662949725,125.16724789085242
1345,4022.284780559928,132.33961376613132,4.085200185371852,3.155150698183911,103.86589484790704
1346,2816.8746709026864,97.13938548808044,3.991241155575356,2.677356184179021,118.18288156299832
1347,2514.552971678459,166.00785373740467,4.169913345778314,2.658630061961326,99.5372599874032
1348,2609.94729934149,80.16022132196804,4.071874809915347,3.052026550319549,205.46629431035933
1349,4953.06834219702,130.25184461336283,4.180372923420006,2.740012084815544,212.94557180096143
1350,1352.4149273674334,97.3725538439797,4.102583517033208,2.8795335193088776,162.80866311795316
1351,4494.719685265305,145.0609717932602,4.163762189285119,2.621883298973092,197.851797827406
1352,3398.966552575095,78.4638260629611,4.089425197287104,3.219809291096477,153.35833522320942
1353,2866.738592920444,70.65487131757212,4.015656427286267,3.138686050012928,143.19553409196936
1354,3955.979109577519,186.91825386807,4.233178343970455,3.147842217223753,132.67849523784955
1355,3049.341977413871,56.2885892719259,4.066445529951538,2.805080311429004,132.5843603448974
1356,4519.008304710311,120.95326523758906,4.092035807416216,3.07177091028038,82.08793774763875
1357,4622.667083242783,75.33644527408143,3.9381950557659,2.607907116542336,153.57019054429355
1358,2802.5395221191307,46.22879413210679,4.10026031577091,2.506464251943836,140.38664359143826
1359,2251.945629493196,45.76301092662823,4.078643059793178,2.514979699433521,170.81442896311503
1360,3450.9312486547765,68.03548353693238,3.92393535917881,2.9399513030534203,143.7409398575444
1361,4666.980713343426,178.68325672096003,3.873834838941258,2.8415461789359555,132.49185193723633
1362,2000.5163182215329,85.19659903632427,4.091743727885908,2.88851151168139,103.15227879969476
1363,3567.2730175412344,192.07346729204733,4.155476907740129,2.5055973553129145,139.88612947287046
1364,3599.928836351578,133.05956687827097,4.059360548368804,2.8170149647430693,165.52948923264648
1365,3985.829485178068,109.85827036300256,3.9407090501278574,3.038551120900645,89.26644035664557
1366,1699.9572034835874,132.81421354711273,4.116608790677214,2.8320202764755766,137.49895014722958
1367,3920.1348657919366,122.67174163620284,3.8820422906438408,3.049164404734167,142.32171806117935
1368,4654.323578529436,161.40420060117202,4.026733481920782,2.6747642232976263,103.27740865526944
1369,1882.7958137069195,85.19937055565636,3.915346703359368,3.109856503361294,107.48574780368
1370,2102.664634710736,96.48806265604838,3.923783620423953,2.941323430340089,139.22443395064855
1371,4891.30135735823,183.0550884053201,3.930917579663282,2.6580723245724296,83.66315926829509
1372,1887.7124202960613,191.43304210406487,4.004682822817591,2.6775403568903746,141.9969486099757
1373,4446.663354804401,182.80931639783591,3.870460082248159,2.971022848427153,91.185825053632
1374,3070.6558545025323,107.11167903317018,4.00911737637164,3.1224546949093326,168.51414772132864
1375,2139.478082732073,164.85848048110108,4.0546829788458805,2.811720836521866,218.513109815532
1376,4508.849624835543,116.2137173281758,4.04331771398653,2.6937253218456942,89.56972793192722
1377,2892.159969010129,119.60637634337635,4.003113640161216,3.1502587051829503,144.36831449498698
1378,3156.305944932823,72.74881744916543,4.185658643228301,3.0019512188131263,92.93032380471922
1379,2565.0868037191094,134.58084852136264,3.908130676968202,2.836064115462308,162.6381669519116
1380,3453.2132354527243,69.78174364053567,4.052278697512549,2.8659251464594764,69.3896636365914
1381,1821.3907158230863,93.050351850751,3.8748165667826218,2.653192350952297,138.2234703371085
1382,2686.1098392766908,176.80483225918962,3.878462271551164,2.970101972548633,83.08044132442589
1383,4883.766824874092,73.13212947373684,4.079546339870839,2.7690568829071665,108.72061643606526
1384,2180.9070442642847,51.38532562774925,4.076407369955128,3.2467338825057617,74.75898899410771
1385,3695.599325256911,51.041214818050605,4.201213405137783,2.860137636446416,147.89401883583014
1386,2435.7222440538408,190.52552328049725,4.073149470264029,2.86441420464221,80.52078582241651
1387,4139.197877609082,121.10727007389356,4.2339164081619405,2.924388840558004,135.0785703732731
1388,1697.3199107297294,105.50593149072292,3.869477939359972,3.18756700233906,98.23607886950668
1389,4885.31997129847,169.7405729612669,3.889203073912297,3.1006135748948127,106.42110512804548
1390,2924.4002572578293,173.73214846568257,3.8676263446281527,2.838347552348381,115.91023629600514
1391,2096.991760716563,93.15056529849672,3.924110740133416,3.039024449479597,78.52701313364605
1392,1479.2876398540482,150.97888919580726,4.066508044376671,2.939676624085571,116.41468454163548
1393,1845.080039332655,163.37965053630185,4.108228872570972,2.8692752865259368,168.21338257417645
1394,3175.141004512867,144.74410989855272,3.868234063179468,2.644236829588263,74.87620856669143
1395,2480.612070438888,64.2552119680159,4.22838835593824,2.847952197591168,151.8724057309538
1396,4349.756790353917,180.14129336272913,4.186866150660152,2.684363940266931,163.92390533951138
1397,2837.3725899148626,126.2551284377614,3.968644992862837,3.186131612388741,70.35380043887824
1398,2145.114235832993,85.19558821920059,3.8808750120905873,2.7515551101222604,43.79781579637792
1399,3545.150949095314,108.03650967003102,3.917954829287623,3.214198010900029,113.0784360068706
1400,3885.753424164694,46.01137446382518,3.900777765501989,2.899791467571033,78.10369908932508
1401,1834.7592500236087,60.45868819558681,3.899313511719579,2.9736582840071204,173.74412876652008
1402,1836.953021895607,162.48748008253773,4.057424675466294,2.907205333366996,99.39230161999328
1403,1339.3514223474633,40.001861560858586,3.94833897699736,2.597035462725026,64.91202367859283
1404,3998.3276572494337,106.65053255716674,3.993255886611658,2.781865914255956,50.11361955953154
1405,3722.457204962859,123.60162897369416,4.245802133353729,2.574359584208218,138.59619836363322
1406,3003.597327849293,48.74150720015557,4.123725699570138,2.9672155331375363,71.15264103663253
1407,4407.847706082949,195.69250607557325,4.2295922668188,2.835155646400329,94.75315197841714
1408,4261.546581210202,76.1800529999475,3.9070226220132462,3.0834887286782027,130.23210980449923
1409,3424.346584707658,88.67179514180494,4.002855789933028,2.665352860749527,71.62966592276679
1410,4499.430865950382,88.63080196080438,4.071892721312942,2.623424543822001,88.16284685039358
1411,1982.1965981397195,76.86666593877598,3.880703224755495,2.804749173222826,88.3372636070992
1412,1625.294553711366,40.23581153380982,3.851674977451183,3.1949390374137856,115.33298046064368
1413,2225.0485237645607,156.69516705407943,4.118173733518767,3.032816361259309,110.62977342041304
1414,1416.9300531393965,194.69527996788565,4.106727806720574,2.814192718594689,77.19545074980687
1415,3218.4442064039217,75.88695732560721,4.014315523999845,2.8879541273157328,87.5459624598607
1416,4759.101630720854,146.0875506885476,4.045857630412813,2.563159758382824,69.12883953906046
1417,1349.5054545403366,158.7034123133944,4.016177200236836,3.2384319222820848,23.89550372322221
1418,1664.017673238102,175.74806065448396,3.859602017937956,2.999805478521189,92.30403429592518
1419,2918.356307477054,107.62067152217746,3.984148642486985,2.714053051347567,156.6876704333227
1420,4748.725066606039,88.46894490246868,3.920832902158916,2.939356295661433,44.651234372357486
1421,2401.393198911652,92.04722144368498,3.8893696756405474,2.5821117745517457,48.07881161589188
1422,3127.4922730158914,154.01941329576204,4.23268817355574,3.224377501605688,43.170889134250345
1423,1357.97686439149,170.68471464090177,4.089743890016866,2.6310887409125243,105.9836711489249
1424,1763.7041636559377,69.05823484105642,4.141462513694641,2.9860227385414104,93.9394181678576
1425,4949.194467243618,99.35056130524244,3.976145497306447,2.6840908469041977,68.65849230334173
1426,4867.451046456973,184.310431479864,4.007258851797606,3.0381710369864017,37.2792375344414
1427,1218.7719275507566,169.07096315115828,3.9447695975586896,3.08261602543021,76.69507166559697
1428,4816.884784608308,197.57734444199613,3.88878626838617,3.005064796683574,9.41511490656783
1429,3628.655763698901,160.67972154913292,3.9216126549766335,2.9608745951913944,76.73706267429972
1430,4498.089519176085,102.91123216446756,4.169005618118595,3.1693518204640085,104.86097544351736
1431,2928.0114514086645,134.50205343914206,4.12101832207351,2.558970033242318,18.95203453465288
1432,3159.26490860115,145.76228067957123,4.068771550394191,2.7481860743351465,6.699268926813453
1433,3057.617004976297,52.55293061073984,4.040035949146708,2.6862156097231344,130.17751566779438
1434,3734.0841786751967,127.11951345661842,4.21897371346245,3.241010471549066,41.5296144198166
1435,1730.674768073989,153.49133255561753,3.879093979111468,2.792042334750155,110.43791383775287
1436,1313.8996415161762,66.77140864016965,3.9622403252951663,3.049459524430299,57.84009339208673
1437,2370.133778046525,164.90107478808915,3.989975141428286,3.0135438729107533,56.5218073223469
1438,3877.7868983992576,133.40364488225788,4.162970324885115,2.6590609281080333,79.5365079798658
1439,1967.043118067204,192.3554857116152,4.247005848064789,2.679248260158664,25.640045730142376
1440,3759.0432466346856,46.78756771310268,3.946268205902861,2.710963422664776,65.29988573982583
1441,4885.665775207628,82.45218200887471,4.199722933654832,2.8083454586945344,43.74042340703629
1442,1556.8227199997898,136.24862068797185,4.182249104172716,2.675743799237895,5.180262263798738
1443,3755.88804925548,87.44958595294891,3.939862959056706,2.514738612060136,70.49928298905596
1444,2886.2508333573705,154.30786625139876,4.009733032079689,3.159544792605397,45.46768772488336
1445,4498.940566634521,161.44084520350896,4.013869147717008,3.224207373535663,48.719006862211685
1446,1873.1691999000664,56.40255425063592,4.241288267410623,2.756177790273676,5.5935622634336895
1447,3831.978618459425,122.21671427308284,3.9223567605515592,2.7538801595691047,116.65601471051215
1448,4384.838100662819,121.42248889456894,4.169663188441913,2.505318859580778,87.06856745544465
1449,4789.534034001288,99.08492323448657,3.983677085669244,3.0101880162477803,89.56623536687914
1450,3796.342507500654,189.2679780111476,4.1423481383104646,3.119079921811472,37.78221190233272
1451,3089.2641032320234,172.4010111797154,4.018004401718265,2.609956225270002,0.0
1452,3547.8195127646127,151.5535011055419,4.081343905246616,2.619749762025363,126.11669529958044
1453,4501.838941019129,154.29226171759962,4.183044709330453,3.0925624374785783,44.55609967976528
1454,3368.3170372275526,113.87458301009906,4.171666225993554,2.9622180612656086,16.04800815919785
1455,1315.47082684798,187.35912337545213,4.19656927341588,2.533645418220788,61.67206297932455
1456,4737.605042926516,151.13526836052566,3.873846930137864,2.966910242846711,90.6848315201319
1457,3820.201653919932,156.63696986493062,4.1268202212158975,2.7316882921328247,42.07797775658136
1458,3770.750865953537,177.87054460597523,3.905994950688705,2.7765438666031343,93.14300671757498
1459,2019.5655791113247,83.85145429475057,4.016327427207364,3.0772985637226604,84.31999754067473
1460,3703.764786884097,169.13134461867247,4.069435366021875,3.1082013945044578,0.0
1461,2696.684741485802,71.23849647303872,4.011095793898733,2.800267470129873,12.048395773620946
1462,3674.68531275767,95.25471235918204,4.057844670321203,3.210364702004766,76.3014865311907
1463,1605.0535151703648,93.69767268317484,4.248610523519448,2.8048470384640543,0.0
1464,3699.8121574915367,196.5640749422625,3.904086925485142,3.0788770264225827,30.02177227340045
1465,4997.7721579285335,177.0459557996683,4.12018241813457,2.862907948423194,0.0
1466,1383.205747670113,152.18717785444156,4.008400386554246,3.173149244891563,14.937847942659012
1467,4913.261900041006,156.32908185846242,3.903203919562932,3.180820932737634,21.04719643883184
1468,2746.250250746908,129.93164710441135,3.913494705349724,2.5655626059033128,17.67022488369968
1469,4508.863111281585,191.53450673736305,4.229709242498247,3.202369998482669,8.909549915495656
1470,4173.064839421439,119.40140046117784,4.201840598684705,3.1191511311403115,0.0
1471,3354.6617917493377,100.88283357918311,4.212816784166009,3.0934830357345,120.67645067274744
1472,4006.1069951550407,66.08565390905456,4.246613110330955,2.650683504764142,102.69848016645405
1473,4538.359132945122,165.79290436176927,3.933326156003407,3.1038394065659984,0.0
1474,2735.733222273925,157.51102913209462,3.992175734945625,3.137599551013777,89.28467005214269
1475,2442.726013940307,101.49680616386158,4.117687611969947,2.716862750840613,9.021380381085883
1476,3736.8548651416218,44.0309462334767,4.043521015944259,3.2141950587717427,29.16749893326842
1477,4269.814579376783,174.23957243488172,4.017355813351333,2.537395109799373,20.469041604123365
1478,4096.683512151139,41.82687735265178,3.993124499734237,2.612431939935355,0.0
1479,4231.691865662811,152.59196474064817,4.087512252777381,2.903185853538636,60.354093744245866
1480,2855.2165962891454,195.24113755616912,4.0802373714560325,2.931844353341732,25.03546122306632
1481,4307.770021465082,110.02581250371256,3.914583133625696,2.9838625624756774,0.0
1482,1656.7944104083122,77.59574479935245,4.038695935007375,2.5127268469866,0.0
1483,3269.0585722512283,152.77936160694108,4.07138871048394,3.220275080966598,0.0
1484,1221.882909892862,170.74050272249363,4.078114775492557,2.533441069550608,0.0
1485,2433.426153621027,127.42885057245556,3.934042877164941,2.607296464542552,15.488941936606778
1486,2592.553832511312,194.72564404098333,4.1469085569009145,2.510510888144543,0.0
1487,2705.4562281151702,48.26699546527378,3.860079637928428,2.9251438249705712,2.377579499258351
1488,3842.775385421476,120.7672957287245,3.991932742217265,3.199200162940729,66.80407414441484
1489,2676.520784827314,154.952631571608,4.162085059414253,2.999460374560348,58.97198291686343
1490,2905.0357659656165,178.02247538386862,4.075557168422161,3.1169931013603205,8.708924235895287
1491,2102.6676973224444,68.68089790524641,3.954464973004344,2.509960902593935,5.516610954274003
1492,2618.3568081914923,168.00055708218903,4.127981247737219,2.9065114738597946,83.19498197684032
1493,2063.624583599976,128.43313211496724,4.076956377662429,2.8446722331291414,27.830244814348447
1494,1478.1445103200858,103.44858911839412,4.168497443782555,2.874225958165595,0.0
1495,3493.104654849236,61.07440457265497,4.144010074475929,2.554159889001391,0.0
1496,3739.2086345090615,178.447321425426,4.094043168814494,3.0133265208019804,19.75492872658973
1497,3554.063314836535,65.16371330875445,4.0452710701243255,2.877415311143976,36.172950903314494
1498,2961.2773664421748,89.56605747345588,3.9032728502670095,3.073861637395948,0.0
1499,2643.185964681073,86.4072851139899,3.9545332071541535,2.8639679755462866,12.6481102055213
1500,4480.667868372936,179.42624547053668,4.017639789166834,2.612036227169824,0.0
