Cycle_Index,Temperature_C,Voltage_V,Current_A,Charge_Time_s,Discharge_Time_s,Capacity_Ah,Material,RUL
1127,39.466757656988115,3.234900476019154,1.56664709571921,1507.450314754044,905.1441844620887,2.698898948939952,NMC,450.37760406703535
1460,54.93692952326642,3.0962145867260924,1.311290518894475,3993.9513463594803,3673.663865786354,1.7000829256398893,Silicon-Anode,61.23984655945033
861,56.02807456045034,3.8701951814224067,0.8383237876848404,4936.702255454265,3858.396007008855,1.665812046625103,Sodium-ion,614.4893695784878
1295,36.86883707493821,3.478498455545485,2.454913126367685,4772.253811435536,1234.3436509406124,2.8831389803584972,Solid-State,332.1818343187695
1131,31.073111889402064,4.027288683231699,2.206634373333172,1627.8453630593392,3931.9493328525905,2.6267225517338737,LFP,473.048948515464
1096,43.69401314373449,3.8243884608009626,1.4966660565884744,4476.525607583195,3278.3944028289616,2.384669401167118,LCO,474.2653414642128
1045,56.49453382466764,3.9953018131767104,1.7064908453680596,3758.873272929076,2628.322464544677,2.653780184993892,LFP,471.415003878216
122,28.42648756022666,3.339932549273061,0.9545221071193246,2706.155567989029,3837.9757518474016,2.143281541959958,LCO,1479.850451385835
467,44.91866334253931,3.8654486530763226,1.5875741407834938,3070.566176163862,2235.0720723439663,2.63768362096369,LFP,1089.2163090857773
1239,45.26240880370082,3.3300774808671485,1.8899402662429516,4368.320734926324,1356.5764292712493,2.0577044869118035,Solid-State,348.09506563733476
331,49.32452089661124,4.173835599312865,1.5303340567731776,2816.5667464811672,1710.9254387813933,1.8661418587389036,Solid-State,1202.1646420918344
1483,25.262707405090392,3.795467851916718,2.4805703411698827,2367.4709502415326,2570.139671343928,2.593520131939453,Sodium-ion,143.228878604049
88,48.63299858728354,3.4056397502191778,1.7226833124954524,2871.6394707091404,2672.190091425385,2.129508438235902,LFP,1490.049840182478
1397,56.36130082662564,3.336889827865341,1.241947425184338,3232.3451769472063,3741.7652231208112,2.972065656489292,LFP,198.6167935653553
1124,27.18732435480968,3.238658231339554,2.0443040552316765,1594.126145869065,3686.2756222441044,2.0242277734621514,Sodium-ion,525.1904230695865
872,29.501732996955106,3.86830119861716,0.8409250231632841,4583.812467121361,2867.329573097842,2.882591130796599,Sodium-ion,733.0615269577474
131,58.855803761665584,3.273394516247409,1.269031627412533,3631.5851850843783,3645.063385125358,2.8994438228506194,Solid-State,1386.89893070153
1333,27.23907810837959,3.744129082409361,1.1939179007551717,3459.7294528174534,1347.916487345317,1.862779420597119,Solid-State,321.3334127202961
770,54.17540373478317,3.3307937836566968,1.3636141902155545,1217.8841499586802,795.2516556638479,2.69733177238202,Silicon-Anode,748.5627612949746
344,39.69111425792139,3.827461180992336,2.0635596518574526,3337.5305403248854,4007.1719082753307,2.1496117577168476,LFP,1275.8119971367378
1438,29.889242976127083,4.018674660675674,1.468346064326815,1308.0347814016677,894.6625256748014,2.876287090845522,Solid-State,210.3798651708473
806,54.829996050900455,3.9725315539308164,2.0880289005319255,1130.530235820676,1562.0848760015895,2.1751864089528583,Solid-State,759.8763254191449
386,37.81221020010662,3.951064163663477,1.6529778062797318,3014.705761698052,3311.7439035351,2.6164555760060493,LFP,1210.8900644421328
1216,40.59269415718761,3.2346530071153152,1.1841388693151107,2491.699242995279,2196.8469567465054,2.2004511137456966,Sodium-ion,400.766728864281
956,34.36933477599062,3.1104811837306485,2.119957487366945,3273.0031346561377,4017.624482670484,1.8417011335692843,LFP,658.3605212889988
277,43.7180340573971,3.873686035609232,0.9765793411061832,1174.733105840402,1762.1211991828511,1.7990251934170294,NMC,1273.8481170419618
1185,26.54095490340091,3.4604340172429393,0.948765959599591,2610.1288639584855,646.2982520105013,2.1381467913845182,LFP,519.2691899124519
460,35.64326146607043,3.540432783004184,1.5090058481096715,1534.1042031896636,1772.556998186902,2.6332419855213223,NMC,1101.8025104616904
1338,58.7764928934115,3.0389363659917388,1.0216984919241778,4945.82036088129,2854.4926918208434,2.40760722777115,LFP,164.4255602937308
22,30.3253373080451,3.3244705615938113,0.5181740699024326,3156.8308922277324,2066.159664072844,2.532943934850815,NMC,1591.0229544720596
253,46.269466581651685,3.04209550484308,1.796595054597603,3687.2348159516428,2686.0037474591454,1.9234895260979137,NMC,1374.6297904998073
748,33.00760256898779,4.09898221575156,1.522187642944796,2166.756778866953,4018.732663456573,2.2221530189364085,LFP,921.1410618277116
857,50.93892502746402,3.304245854023163,1.3910356289863224,1197.9034420732455,4158.691711498437,1.5665928974539904,Silicon-Anode,720.5925034811988
475,25.23494642873399,3.69667146196626,2.4339370292366307,4898.657623690854,1637.2988521510372,2.726298623937181,Solid-State,1178.2937477256555
1083,58.79284180314179,3.048724150826413,1.6423983679258274,2002.2879486093696,2402.3478457526126,2.984838243359812,LCO,484.98308288347727
511,38.151581655345566,3.8335592391320725,2.2268631555787692,2579.994377729012,2741.6616594416596,2.1103185939370066,Solid-State,1108.102473474642
700,29.44201853385856,3.4037841821926174,0.7789004724103203,3529.428471150815,4301.5385818641635,1.516445479697315,NMC,956.6635101221437
976,22.939869893200505,4.1223989836970825,1.6384129262588554,903.7286502816673,4494.6075447411,1.754688959326421,LFP,692.7329049548532
190,26.79031620350163,4.110147736167544,2.2359592534618056,4203.088348172605,1518.088270481954,2.478790316625628,LFP,1457.6020709029121
958,40.79095794224071,3.4066132729521845,1.666211514559796,3053.628398120205,3435.2214982486803,2.418118977305789,LFP,628.5417013828777
687,33.48012705725145,4.126201119613085,1.936028356254003,1968.512185689053,2074.321142709461,2.681797079378316,LFP,929.8384919355151
958,53.15533463530438,4.245197091873473,1.2440871356244148,1058.7535382283709,631.6219678562315,1.8808260164416022,Silicon-Anode,588.5909526757345
563,37.235500946472236,4.031769580154935,0.6848990340741332,1482.4933449926539,636.0848375000191,2.645447873320701,LCO,1039.7379911834958
1268,29.948570903505196,4.056089184694036,1.4158005902541428,4559.142207184435,2396.2074294927975,2.5319760322855047,Sodium-ion,357.41893213088713
832,44.68579946416121,3.3112609201363625,1.288958781677715,3681.3017405307423,2504.506160716905,1.984221746570765,NMC,776.9949019608265
1155,48.27108867541783,3.7208779985721954,2.234120364757895,1849.5872308749374,688.0218166364264,2.318232222085443,LCO,320.24681857981045
647,26.681676316037994,3.08406989245921,0.9879906047049445,1075.523212769124,3279.0169254197795,1.72091071274749,Solid-State,1021.520475933878
21,26.704768651532707,3.118647421027087,2.433468455070216,3700.5843120238724,1746.6132155203172,2.1788467551533737,Sodium-ion,1636.1243930603437
841,21.466857077341718,4.248615765041613,2.416276239608992,3204.1124490646134,2783.5830959902028,2.8217960093334615,Sodium-ion,847.8066433970123
167,49.45608060262562,3.4082990617823885,0.9952632861428774,2498.982002724587,1773.5843853451331,2.131787069738086,LFP,1389.5538915631635
1298,46.552181104872204,3.935229890061058,1.196103910954641,2327.168086598268,1251.823827990298,2.759350059713133,LCO,263.4892772651101
388,38.98523502999255,4.00833131628352,2.29111148174777,1710.619958902255,2187.977580535614,2.3853800478895417,Solid-State,1243.2077694628977
601,53.76681795876789,4.072529088759037,2.433244441792215,3612.367277457574,1505.8661226829531,1.787815069653535,LFP,977.2118882719329
316,52.22680611800213,4.247035371752696,1.386878205672088,4876.805716734256,2685.7238099847555,2.3716593670468447,LFP,1223.5793758985224
14,43.414174575870085,3.301870606571085,1.1419940912817956,1538.0040325146686,1375.4312681172719,2.2589749937355954,Silicon-Anode,1563.0176962747087
242,54.73085122053035,3.0504385335746247,1.552188026503084,3307.8898040651143,2582.783308914046,2.097962002794576,NMC,1331.0409442265977
777,28.23364840147073,3.5139893974932326,1.8755384127314696,2581.5772341331003,1213.7762079885833,1.6794456592741054,Sodium-ion,802.9647294971458
1370,24.476784775909117,3.162600837286184,1.0469490307499596,2676.0926313275922,3216.8013669945612,2.1250629957708447,Solid-State,277.34254590099886
565,30.789984460679584,3.028032361452569,1.9729463492381456,1867.4185765368204,3540.356969321554,1.6091435643594407,Sodium-ion,1094.4859616223557
898,22.283474243572595,3.4505335339268575,0.6033147142292821,4265.56647777796,1030.5375135747418,1.6481535770981268,LCO,782.6795488659172
1364,41.24678112004128,3.9796728138440454,0.5985889855288329,2838.073537418413,2424.4294069456228,2.123874799399074,NMC,234.07400579300224
92,57.464227691798456,3.707725864031339,1.2725754102910904,3082.3045792327093,876.399632554007,1.9580722229526955,LFP,1422.9281674050783
1391,21.573741626740386,3.3909724865129425,1.2069463841214412,2079.995833748768,2932.9115376138093,2.8883164887933352,NMC,250.65957101840297
956,24.884396560401072,3.8179275068658995,1.1312664307343046,1563.595555801189,1631.176761925617,2.063558708070406,LFP,685.6820232773364
1479,38.08796113133741,3.2900227253860135,1.48203952533782,1160.823630451846,2657.7353816709606,2.63678718310815,NMC,157.34836099511767
1452,57.3550007011162,3.0179768075901063,1.1414671646231425,3799.3003918846466,2618.097936598736,2.2953712895493643,LFP,58.86892996665156
509,32.64624419907002,3.955441733045534,0.8845158369361839,1624.1839830889935,4204.981950155821,2.556128502963503,Sodium-ion,1108.9505973097114
776,40.289392347535696,3.7796788560800114,1.1189390981772018,3698.3164875929506,2741.4245680180193,1.8901739745230988,Sodium-ion,789.9997394883136
35,21.662914362015684,3.9528782806261997,2.4498085456204697,2439.581073397206,2873.694070901431,2.9128574592574936,Sodium-ion,1645.417693304413
206,25.933728038483554,3.048672520859582,1.3222268339896972,2546.2541641565363,2166.447190481083,2.295132745371636,Sodium-ion,1422.7969308374047
1105,59.46520491835388,4.046399534788315,1.3894255537166715,2770.545483589641,4301.410452412985,2.7469861069278743,NMC,404.69933307272413
1412,58.60474785744182,3.774407750045379,1.65308997990228,2344.3757341356813,3631.0250468144777,2.0475685402141703,LFP,67.49645524416206
1026,20.197599237376384,3.7042441883908,2.466681536828453,1222.6039043348783,1713.0806321810821,1.650317023575787,Sodium-ion,598.8753971453709
1022,58.07247141692956,3.7807675601431647,0.983202552871526,2100.453602011952,3892.417384527305,2.510567471581273,NMC,495.90194416531943
1414,45.56479751262002,4.080541558585455,1.8625642210648676,3587.6843149145416,2286.345804721851,1.5116394725061366,LFP,126.61188106957587
566,54.716731780800885,3.733670633198634,1.9319693870834482,3596.294486169258,3831.8018597810164,2.2129394648482625,NMC,1017.760238860159
1130,38.18959422535436,3.726187974860224,1.7146488335861318,2002.1420904079764,3809.263466344658,1.789202853999689,Silicon-Anode,409.7035452957763
703,40.62384114317001,4.2383489463322075,0.6771566792732882,2732.4310315422895,1336.593728375132,2.4410632566530435,Sodium-ion,860.5002529607174
402,39.55386321027681,3.94591270883571,1.853744551655153,1612.4783576501372,3334.45041239595,2.969129809706778,LCO,1182.7020688405817
730,46.67457030184417,3.552867256813919,0.628189422072351,1683.5627424253103,1733.5075802954714,2.196604359480969,NMC,824.1733953477287
162,25.586050190252514,3.8842462500411594,1.6922852990997939,896.7977713077511,1760.221412971406,2.7262473847885,Sodium-ion,1454.052162822392
202,21.198943594907117,3.4865380896147355,1.9791623544434853,4566.335509612527,1755.7574998342648,2.2616762804266815,Solid-State,1451.7560296329898
996,32.31719766364763,3.2860943281043737,0.9219397812399008,1684.967993314606,3429.716165483798,2.2437600466560363,LFP,605.9648574079285
270,48.18723050946587,3.7460648461096993,2.183244015085548,1755.642283133146,1496.3215629908907,2.8956352397681666,Silicon-Anode,1274.083035591635
816,28.074138084917934,4.16022762264244,0.5607076110660085,1974.3260171095537,603.5327574597519,2.8349488031200223,Sodium-ion,866.5016748982639
1295,46.93729733299669,4.161424400019328,2.187625727316612,1335.113901120802,3389.423728582269,2.6787006977819616,Solid-State,281.69924308196846
456,58.79648184429082,3.4273815976318627,1.4206581012855302,3484.904109361724,1267.6205009569885,1.9443836299751762,NMC,1088.3865848575247
1486,23.756028631576736,3.659596832777119,0.935175879863289,1115.6004033458635,1007.4813417005552,2.3175126235859107,NMC,181.6502941193966
1276,46.90408472900505,3.2645448732123263,0.767556289987936,1363.6501905706712,1526.3128703168345,1.8358458499585275,Solid-State,326.7302210335353
1017,37.750008772182845,4.244538886873604,2.406614335164745,3507.97825167839,2081.612037058546,2.1658750470698096,Silicon-Anode,506.00085734642903
296,54.72569017510021,4.22639738483492,0.6453311751623134,2226.5746060220595,2456.034677145483,2.226319598639686,Solid-State,1239.9857887708934
720,27.085991577895435,3.811886162134309,0.8981868398718513,3773.380872144994,773.8231587792602,2.7474600602539963,LFP,960.334419267186
338,47.70503808904658,4.005517574596841,1.195644694866092,3141.1839276145965,4385.235997246706,2.8440425479874896,NMC,1206.8864520750803
879,53.52461158592441,3.893875201604625,1.740469697922241,1875.288926858355,3392.6459083362765,2.1219300935947167,Solid-State,713.4633827780426
1077,57.78456877896093,3.7414477737993352,1.5896021705521968,3533.477392055178,1860.456854764911,1.5265566676098559,LCO,471.4589787283503
792,47.329921131585834,3.066684996236122,0.751286984824628,1288.3494572300988,1842.9193034130496,2.792660759684032,LCO,749.4520475704702
217,39.8869905603371,3.568455428190826,1.0794559674764292,3052.923608936128,2349.3159425369913,1.761418017752041,Solid-State,1373.3729497824927
764,44.713889608048554,3.8434828777092633,0.9775035421720482,2636.0220411891455,3042.3548087758286,2.43282294583559,LFP,787.804295508944
188,54.756199379148725,3.8469145173546058,0.9270857089806828,1925.0690478332513,1170.8549596969742,1.5374563506511967,NMC,1327.2353466868103
380,42.82438986555319,3.4664032730279795,1.322288672959974,3336.8209905059007,1336.826273683314,2.0992597128908463,LCO,1160.3877139335643
493,21.215482387873475,4.1771149833225385,1.9080629051833138,4459.601087829187,3951.7948730508483,2.9789404531730246,Solid-State,1195.3583499593312
1065,57.23794782027911,3.209196290295976,0.9349058644344719,4995.399739004923,1599.394203167383,1.6510404016557048,Solid-State,432.14704638522267
1181,47.58107004126245,3.6254493077694505,1.2333577594059628,3352.603628722383,2082.7604921031925,2.1355397279994635,Sodium-ion,389.76904523970575
15,47.06053543108986,3.8636049706885283,1.2818348536823245,2499.764672182515,3997.9602187054566,1.9607249252849281,Solid-State,1574.9598256981467
65,28.627006095908687,3.8714197573647615,2.4529130588708203,1745.8698209080467,3186.276534659308,2.8576321850823962,LFP,1534.961865486767
521,46.355418809306286,3.8107986959610196,2.409332713758138,1879.8035754594694,1932.6763294325845,2.804010161861033,LCO,1074.8237899209832
1368,35.754576226166336,3.344110266814825,2.1002751655041516,2813.710908229016,3266.428228326021,1.8565481404593434,Sodium-ion,247.8219274557152
1153,46.04931908165968,3.1952582108582774,0.9833178416383703,2342.566345378979,676.7645399875134,1.6217816805756469,LCO,424.045174209483
648,24.26372121231963,3.7949254085333886,0.6360746281833394,4638.020995024766,3469.0063740443243,2.4407075910916762,LCO,978.4784851121522
1496,46.313812184121446,3.749127645174297,1.1338082754412495,2346.84096415398,2499.362558013334,2.0045530678255647,LFP,90.30422922534218
1087,59.97654903082666,3.2241950128615513,1.0335890988676617,2368.467282810829,3771.410374409399,2.5081265859090944,Solid-State,463.753640119745
1163,21.92848155442224,3.8814239319632042,1.5118516002927878,2410.8449522227033,4323.086842825227,1.5481796341017218,LFP,502.82086380719414
593,59.08696736885269,3.5689649896670703,2.0554558201355864,4313.804883544164,4210.575343028817,1.7000988527662342,Solid-State,983.2001920057983
392,36.27631842891482,3.8347007395039414,2.216645877757716,3533.3109475569877,4146.133669475828,2.529558349158965,Sodium-ion,1209.9963421571642
419,54.83013801349037,4.046708849712688,2.189728170821017,3379.5091713393495,2597.46282814216,1.8185559829537468,LFP,1146.1990929573506
289,51.29541936233094,3.212160535721154,1.2193511224461355,2203.400694012221,2004.5542451418582,2.7863815136436023,LFP,1269.1435427321426
379,42.68065043946671,3.023931084996046,1.8744686869213658,4235.197542696245,2413.637766449624,1.5878863315652032,Silicon-Anode,1208.9154365635547
231,49.537968370053065,3.9738782329947338,1.12566839504844,961.1282176939447,3290.594412922107,1.8232229741783619,NMC,1279.0648198289184
1018,55.14062245205392,3.76212178144077,0.6218110864703654,4457.348123820075,4047.5913297976285,2.997840372727603,LFP,526.7138536471684
41,36.165612866041315,3.874549462027652,1.9031305312058846,2953.5495791345043,1407.2465817004663,2.149614153880189,Silicon-Anode,1539.963171004403
1052,33.081326462529546,4.047693718735803,0.5196551051395757,2472.650986426334,4180.953318000642,2.554448495316965,NMC,544.5147365054396
135,46.70373542254339,4.003513668530625,1.3183651749169771,2888.10257901428,3779.2029046825674,1.7739945732855205,Solid-State,1484.2876379214758
201,52.31383767765034,4.2011501836610305,1.1587585386041515,3603.1452282420905,4417.538459195115,2.4148031024783068,Solid-State,1346.90039308784
780,50.49140539106463,3.669918848565148,1.8867550770377048,853.6147913751689,4032.98191579858,2.589159102554128,Solid-State,755.451832661354
930,51.912545954345376,3.6106195408248816,2.032490945520758,4460.51779712464,1691.755585798436,1.9717149537997658,Silicon-Anode,597.3715254798966
1057,37.42333259251732,3.5023589998634126,1.1081892719425677,2676.30600630785,1013.228054241786,2.7433456679638164,Silicon-Anode,504.7954139068829
1072,52.71336864700086,3.1921138035552556,2.123254028889707,2240.4593827403287,1037.7401807671956,2.4051263677084247,NMC,502.9936371169033
503,24.80836221482434,3.715759041102528,1.0878335210098675,1380.6313756630398,1735.7709424552768,2.0836845144225453,Solid-State,1142.8745325365398
407,41.77956391843398,3.3462656554074734,1.3926527199731225,2645.7545723054573,2995.316523539703,2.3364635900147377,LCO,1181.6142426748559
805,20.230346419924864,4.151634390266219,1.9540370540282679,2884.555639394391,3736.8492717789727,2.3651412711538864,LFP,903.9812821755586
99,32.98343319601081,3.728988505346372,1.8858404584495772,2495.3161168726065,4107.0761972281025,1.7483029390407991,Silicon-Anode,1500.5624501855884
684,34.65846139485592,3.7410502256351377,2.4747369446244,3650.372394072968,3032.6381990400077,2.104098554800449,Silicon-Anode,934.666715227396
726,35.846907664370214,3.4436558260962626,0.9503220484318637,2567.765420788749,621.9621197174096,2.0151458820292394,Silicon-Anode,848.8602179699084
961,47.81868826759449,3.0649866899721343,1.8246358270791647,4837.953826955608,1326.6354284222807,2.101354083868689,NMC,658.8694861574642
613,35.54232405081383,3.0396797067162358,1.7193638165515548,3316.965574859086,988.932195028135,2.641665882727887,Solid-State,1030.7402071621602
1486,37.94774490490123,3.529168930191497,2.33019690898006,4191.407329738018,2016.9654547191392,2.2238076112000087,LCO,99.89385941137493
643,29.5017652349731,3.105706722621547,0.8127242832897501,1259.2947930598111,2555.268875171609,2.9104742298588966,LFP,975.6720957878834
1029,34.9300716651736,3.758558694425174,2.0035963271738657,2468.6234303728043,769.2489964563873,1.9405146200376544,LFP,584.4297995183149
1242,29.090785090526058,4.101216257049572,1.6365372325375367,2214.760346078041,1959.0641056030556,2.1235553674273935,Solid-State,395.6372665791078
503,22.927836950737746,4.1036435206484025,1.0493317395758108,3191.8260301736855,1298.800731038758,2.6804352157185622,LCO,1196.6122660470367
767,44.13794373525512,3.8238067626652903,1.4488698282943482,4416.6767842579875,3123.5736484096083,2.3190368899811253,NMC,775.8098570036069
398,46.728511942200655,3.264039789341164,1.1675531941395956,1129.020514600428,2410.662240364926,2.3205422196366716,Silicon-Anode,1162.4559878134523
871,44.779613840384584,4.07874603919859,1.6586268055769218,1104.8141517877852,2531.7388230422443,1.5800102445077753,Silicon-Anode,693.423092972619
795,38.5397617520229,4.10761679414151,2.2780012216293315,4371.334374261915,2267.997973330498,2.0978994940776836,Solid-State,810.4056954832866
393,35.19143120716919,3.2458169811911985,1.638609968824404,1693.9703613611011,4328.476870897612,1.9061005986325987,LFP,1219.5188587978646
207,54.53334598287301,3.9217826072133466,1.763444836653168,3608.7636686892174,1437.4669879740966,2.999002684246673,Silicon-Anode,1315.964845815496
1039,40.76327140544872,3.3581494361589037,1.537495694229419,3080.088155915382,2614.99061339111,1.9625326059484653,LFP,575.7735660365076
892,39.16727510518924,4.003300390441162,0.6023310128909518,4298.1530985263635,3470.46773662481,2.8267448021907953,LFP,722.5555107415539
1485,21.02568263225743,4.246547374879503,0.9657171137521885,1325.3734213128948,2771.693211224794,2.5143506025607163,Solid-State,203.87005975528996
864,33.64991310504625,3.037532506661741,1.4840034588641655,1345.0884560349673,4223.181454295524,2.011374613788136,Sodium-ion,671.5506135261833
743,35.20782475143428,4.121707332238665,1.1204705674894095,3138.6371131688916,2074.076587001008,2.3153015675611854,Sodium-ion,869.6635728483419
1265,35.952911235876016,3.7782881669983226,0.8635271955223884,4774.790344105158,2408.3356425153943,2.7608038199237908,Sodium-ion,295.7973710522439
564,43.206894769093296,4.216728273956027,1.5082656838368766,2542.990585157168,945.2370293374408,2.825052447046368,LCO,1021.8304250020224
1021,41.34410186907514,3.5812618969080345,1.1456195868957006,2173.1568210697187,2975.0965331025213,1.7405908125092178,Solid-State,612.9860267129624
96,44.316203711737785,4.059234913214217,1.0162152863468294,3348.0951574311202,1724.0266769476136,2.0093597118122544,LFP,1459.579207338335
485,50.59533046168513,3.0779925857478467,1.4279708348807616,4707.884122289131,1225.2052541107187,2.0028347703203577,Silicon-Anode,1050.0741600946917
1431,52.51942954864374,3.41909881259787,0.7665685161643463,4315.09689794742,2723.6720423275815,1.5630671941139171,LCO,86.43838917910011
231,48.724923049059775,3.0837706721890124,2.3554914661508146,4981.031165079524,2676.0100271816514,2.3973566397778447,Sodium-ion,1350.9861021976808
749,58.22094783819739,4.219178916848838,2.235404195838478,894.7880494499838,895.8994007737854,2.782230079488282,NMC,770.4919057790123
1195,20.729303307054465,4.0212173840897965,1.9152411714810706,1274.0042077936014,3323.0402686284438,2.0723615817382766,LCO,507.7910212859405
541,27.831119427341843,4.065684276557463,0.7124276551769124,3359.7646061398123,3032.711543538326,2.6100539174762654,LCO,1100.5193773643173
1060,20.302514999125684,4.172456539292368,2.051754508939386,4246.421045202169,1337.167402711339,2.44155062040111,Solid-State,627.3511945193927
525,45.898988566184116,3.1063793576497316,2.115914656218038,1998.0262376884195,2430.795962400771,2.0634731032395015,Silicon-Anode,1037.1092153003344
1184,55.92122195799948,3.4819969906416666,2.035529235428675,1804.6865697437188,3409.259374266384,1.7115896992384456,LCO,355.2649146494355
1267,29.73929186305197,3.0887936113050025,0.7279317742384823,4105.298357401043,2664.7993881109783,2.563985779163951,Silicon-Anode,314.6006775916585
1110,57.081381791852266,3.2634913769375355,1.7878159141355294,1036.8037861835726,2142.407397115924,2.781847753411861,Solid-State,426.30807172060366
578,22.410695611582433,3.2867072212970907,2.168649591498797,2351.4071198468573,1857.1199865156802,2.5287817386022375,NMC,1080.6060564604713
682,57.37744107222057,3.5863840138094734,1.6547068024393354,2924.398734887785,2980.536079911809,1.526817726052227,LFP,862.6257063900619
557,34.06490748958538,3.3357027093170535,1.792814750456178,3153.4644322713584,4262.523923409938,1.8243493415864869,LFP,1058.0478298948076
1013,24.05683313796866,3.126222633522201,1.4167269588526124,3860.183658529663,3219.804877862185,1.6042199773252979,Sodium-ion,610.8043065940586
646,39.43487036745303,3.2093638613676347,1.5574146397681052,2290.3520384087647,891.5090241816305,2.35557914936434,Sodium-ion,942.4442854031804
796,30.271062708820317,3.1840944544401135,0.5687537167034504,3373.27424763335,2396.671396580322,2.6347165182606185,NMC,805.8447359430102
1052,31.394916078476914,4.216345997390373,1.7779260439465692,3258.5767757220165,4074.2141128914473,1.665868780602989,LFP,530.2887803714052
1364,32.29159859705146,3.949115633648092,0.6628944257823184,3099.987622745738,968.4034606242388,2.7575067308900776,Sodium-ion,271.0116676489315
1355,52.121035913306535,4.209701831586953,1.3700291886804468,3490.029831197291,4456.615277336419,2.3332634675932247,Silicon-Anode,194.99239566414062
1372,41.56645106701018,3.5496756081348857,1.0853101953348157,1889.6865184859205,4301.370635217143,2.5349535182125873,LCO,215.91146933179866
1497,32.45230796624014,3.3479606020783206,1.5908559004234262,1155.5247650554418,905.2704748465159,2.957102772912969,Solid-State,168.2639786836847
1255,44.41335133243673,3.9978664965114836,0.7668326710464142,1300.9410225669224,4240.311949753264,1.625521482371546,Sodium-ion,296.7207974126549
190,48.64602696892774,3.4078173975514336,1.8832868039466364,1743.2460071463845,2016.2171020119026,2.8518360344666838,NMC,1329.6380385550076
1249,30.90496002934135,3.374229217131685,2.0900230738569405,2900.831329195698,3894.365751595864,1.689154043981114,LFP,381.6294154624335
1409,36.541964061014056,3.2906324902597888,0.826708899486313,4329.859552293285,2231.695017081759,2.0894382099550235,NMC,186.144636263296
1401,24.8754437334779,3.162098722780294,0.7086261747037643,3745.4320367712135,2319.334939539812,2.7771580444966713,Solid-State,240.94083214683664
1307,27.245973981387213,3.3205788262709577,0.7910309655747183,4113.970537648598,3073.548054812416,2.8593813551068026,Solid-State,344.51987523725626
633,47.24471415859931,3.4441496855923597,2.2542551237970034,2274.0976204895837,3620.461935176335,2.259557510317718,NMC,912.7310147104881
628,27.257533907825078,3.842492760182163,1.5563785235127123,2499.545714923911,731.7776886981696,2.3911569574131377,Sodium-ion,963.069732284779
973,41.006535346682405,3.0782060527743145,1.4345219920150052,2453.4639211605736,2913.3083825558238,2.5622210018978357,Sodium-ion,597.9444413434264
1283,48.36185046889731,3.263133674581679,0.7134236382047086,1605.8673744989064,1328.2586769797467,2.7491380026790715,LFP,251.14321895681437
1383,24.275076923789754,4.011279550364596,1.7991120135139236,1057.1099642030026,1949.2031196664914,1.6822667543064993,Silicon-Anode,269.69089409511406
710,42.692488785156144,3.1836524044797136,2.23599918379018,3281.8475898743527,1957.0777980053442,2.7151039623438415,LFP,858.8291759033591
1480,30.262511348054552,3.428306433153152,2.156371738646906,4954.710070366462,2429.335326862499,2.221914225767425,LCO,169.2407414613081
1435,58.517075009503195,4.080823652322675,1.7521094179616026,1500.684760791104,1903.1320063170763,2.1759351376622535,Silicon-Anode,115.02835164368386
649,39.34182586879699,3.1936566389293035,0.6505574333033473,996.0762435769498,1018.7083619576042,2.1358496279954973,LCO,953.1172308501096
318,52.23970199100633,3.1034210445227375,0.7247940543520259,4074.0330636605186,1167.9520802492607,2.263817377869064,LFP,1190.2655374863918
1249,42.00906168625047,3.6056724938500135,0.5986179742196494,1860.8612280758416,730.4081436882809,2.9175758300919052,Silicon-Anode,364.5936532269741
1258,21.736501314192765,3.3780243890981705,1.0149584329849386,4284.5039824823,2433.971432782142,2.3223056591882276,Silicon-Anode,438.44700600257306
684,45.326055023760894,3.7042604556048175,0.7713229343207555,3756.5340015449647,4322.346009926656,2.9297663073947087,LCO,877.6655426876549
664,58.05613368826628,4.004756113104344,1.0200960805048678,4771.828855613379,1051.1333722276545,1.770435195923461,NMC,886.8486192553232
1398,44.06447280585325,3.171435610190929,1.2701161114379234,2517.4943901780225,4290.4315227120205,2.5862039682489497,Sodium-ion,157.95023032542005
1496,52.767554377071605,3.725873855692856,2.3859655681422716,3580.2733256926635,3460.109907455165,2.7183593079131207,Silicon-Anode,0.0
1257,55.36825853393631,3.6318859504873298,1.7207521195633841,2752.390079415737,3086.2453314432364,2.518693247002293,Silicon-Anode,246.5198548987149
1137,29.1231908779573,3.1800984825164993,2.169947571365925,3448.472528695883,3116.5832457618953,2.4103834203398105,LCO,532.2397581392897
442,28.481793596329066,3.7799981069112283,1.9207030014246644,2688.3154052324967,3824.2378287455003,2.3472191716292734,Silicon-Anode,1150.7958275243968
564,44.43923955403967,3.3420505223259647,0.7250062610532635,1592.2554349811144,1016.9874710813033,2.7913957238680442,LCO,1000.7310738321287
1292,36.44113879226819,3.6097928981800154,1.9718408127478977,2933.1691472141997,2568.5418619056127,2.73246989574675,NMC,313.08904216443256
1410,53.59445211466881,3.102840405346327,1.0501977631182489,3020.0536460372577,3318.6554392169583,1.6834330817708993,Silicon-Anode,106.79783544212945
1411,56.000924935920445,3.574480071517029,1.7782156939894127,4204.536162692677,2888.5997357868982,2.7728814855463173,Solid-State,116.40826026039035
1137,34.136855172108724,3.3830793350535253,1.181923947285977,3889.186964333041,3847.838376990849,2.1211029291606636,LFP,484.2588076674702
952,29.47482235897928,4.027976513981693,2.495344526529318,3587.9248205540653,881.8596651442708,1.8805452449937161,NMC,666.0466520157147
1105,51.221020609754476,3.0712234087467105,1.0271029589935556,1276.2258013208047,3293.734054046747,2.804652852020889,Solid-State,417.0644551317838
699,30.992241421925442,3.5232590936479125,1.0582609415485393,3826.588420787603,2682.708148500399,2.1480371994506124,NMC,932.4068328858847
113,52.90457274054714,3.5730392801642976,2.3613445111247966,2901.281656688962,2078.727369521779,2.7125470352652252,Sodium-ion,1448.2158735989358
2,36.94953014595051,3.9062575953738983,0.5492888092726453,4555.218051645868,1927.0724307127202,1.8951054179337667,NMC,1621.9411923825335
642,46.70199597165882,3.7178594688627635,1.8933779757463938,4663.45792334828,3021.247267819352,1.5058939821333266,NMC,900.9486294286195
220,23.82141255338673,3.8340154214927264,1.9506527814717562,1031.657680527499,4074.881961112633,2.2431887893544165,Sodium-ion,1399.4336519020112
855,44.954372987062925,3.9713116070646954,2.1727571548207987,4246.694553488811,2535.0861117943496,1.6503423849643264,Silicon-Anode,702.0778109978788
1249,38.07070714948917,4.077753717072736,2.4488786212769504,958.3290397752166,3816.4203398999884,2.6315639332873646,LFP,393.9119591469349
385,43.46433852701897,3.3923443709030883,2.4512038383133046,2342.1124279190954,2168.409889191473,1.9141127041041155,Solid-State,1219.7825978659127
1427,26.720568309794537,3.6725283817048786,0.6305535151329278,3077.6598976085324,999.3384048933885,2.165468469905218,LCO,226.2168436806777
1154,49.47494979776728,4.050135098049,2.143678645505805,1422.0233542339352,839.8723721886904,1.6305503476373313,LFP,426.3466246035682
1077,54.51188310172914,4.236813913706321,1.7926198673147626,3934.5180127901226,800.2040481623426,1.929988872670879,NMC,465.4716316560481
730,28.669592003631024,4.111899138804704,1.7946842687461824,835.089757522982,2082.5855536349127,2.672235364887858,LCO,900.8368456758154
1440,23.828582220806467,3.464334078280471,0.7566998532293896,1508.1160034229547,1915.227228259784,1.7273818678534791,Sodium-ion,227.24334353297334
247,20.945543441853456,3.243958146523313,1.8003743328913067,3239.346685384598,3399.954392128021,2.470739341690436,LFP,1411.5636736271358
836,45.67886001773064,3.611740671758236,2.4649651612024956,3800.427760556628,3497.0038561809765,2.8761387792067517,Silicon-Anode,689.9229846449194
1463,44.28376144355123,3.927051814795053,2.323637139078894,4649.901031314448,798.3304784515853,2.5197551396365805,Solid-State,140.43987759140316
203,41.8678965085628,3.615711338441622,1.378261321609701,3763.0859381254204,1462.3807252671584,2.71653253393834,LFP,1416.4718666094793
1208,29.277883844639017,3.6039760791420856,0.5798959465721887,3621.472935070437,1669.621215619709,1.6634574439558736,LFP,402.93266613754315
123,35.63623983622058,4.047788026352251,1.2245869800004097,2456.23281467279,2735.686738156957,1.8760977390030817,Silicon-Anode,1499.0030777155152
401,43.77905340744692,3.451754723833983,2.15278062320111,805.394587212566,1163.609373237106,2.8418082783608867,LCO,1208.4029292049172
767,39.87067435436678,4.074743343514557,1.902998202930332,1304.6688866896122,1122.3707556600016,2.5726584204271337,Sodium-ion,819.4611475386049
294,59.51142080859549,3.5085060011896543,1.4186873111879128,3045.129087975364,4280.776667911036,2.4593307395659667,Silicon-Anode,1191.5042621470743
280,25.457590102269325,3.4102913820979244,0.6102030703176622,3635.545520546563,3736.3913384613456,2.49565010418255,Sodium-ion,1367.2451064290917
884,47.80578216190375,3.5674873889996235,1.3537894556466052,2553.2827923651425,1304.554118155564,2.1213008314569652,Silicon-Anode,655.0135221473674
198,36.172750724171685,3.9530586983435856,1.438049879435767,3868.851848419239,2185.6144508314146,1.5668349474264798,LFP,1397.8907443544033
982,37.12798459702459,3.1575025348299928,2.357111065788272,2991.821640395151,1986.9257971045056,2.6766623131060934,Sodium-ion,626.3176632936902
752,48.70391062632705,3.2455240198400217,1.782172207164319,1111.5400214961114,3684.9158888550883,2.5180698543230307,LCO,755.5911206189444
144,47.69744605297478,4.189306032078865,1.1233058333092978,1606.468254065385,2589.830374264676,2.209206696169087,LCO,1371.6119927257953
609,59.65023974808753,3.2193645342266968,1.5506365289014428,4327.99253762456,1098.6139742745213,2.8496394230523863,Solid-State,915.3813130169984
1225,25.13577157816501,3.7096591474138183,0.6321106156443201,3844.633535822646,3482.069046309351,2.0042394974776485,Sodium-ion,419.8992002145292
1148,24.164385975366653,3.724143083327422,2.445136471299474,4558.000345452479,2147.863115077184,1.941482616346854,Solid-State,526.4313205245318
187,48.97355268514964,3.612030577562806,1.220119803861452,1293.7404463079336,1625.4045657653735,2.8091944876191643,Silicon-Anode,1407.9864239714861
1350,43.13547668025636,3.805931560721023,1.4557347098262716,4958.93464538331,2064.4446258808084,2.6954814821384785,NMC,230.0709441808701
464,30.966426662392234,3.287283407247023,1.2105679484738452,1679.5081985897211,2541.2505980668957,2.272469715972517,LCO,1169.588597108801
1373,23.176774759559464,3.690827834720935,1.8650234602324003,849.4754804038964,1938.1505140263369,1.696102109186775,LFP,265.9045775713963
660,23.426329983857222,3.4652165690586214,1.824464316659186,4989.176344024928,1543.4325131078556,1.8226072071975787,LCO,1007.9931216524845
764,55.76763498656473,3.8270840745364865,1.9306446210582713,1980.5103188694752,2154.157912335523,2.48434198561321,NMC,749.7696884259741
955,27.674692988749715,3.176529429216437,1.0362864592238417,3605.6817005527514,674.7743519246031,2.0775618567606173,LFP,692.0867488595285
403,32.93486248462083,3.713596771049345,1.131336962328132,1542.065719540482,3612.7415997756243,2.754709787498957,Sodium-ion,1208.5393344347876
1370,29.06625608907952,3.2315879442291546,0.7505024621924159,3236.959835236395,1266.6850849135847,2.9249325139983062,Sodium-ion,285.5593315165327
147,34.1998522332775,3.3483038288937954,1.8110199436922252,4596.946943109149,771.2279931594853,2.7084553879123776,LCO,1425.951177207515
1172,22.776953709843735,3.273387250404479,0.5795942546713051,2144.760903199442,3149.424902329809,2.0663181344933355,LFP,435.8112192952491
864,40.76239163633082,3.228547224836021,1.6953646710469181,3615.0666993863088,3618.350902412322,2.683029643847136,Silicon-Anode,711.6146160274786
489,22.704502543688598,4.032138689450834,2.2393917697032677,1589.1950729533494,3773.9336132120884,2.027162510206025,LFP,1187.8952712478738
929,52.014260312894464,3.357134459576113,2.281664296579267,3424.1406746186462,2524.6858123763395,1.7506501316484508,Solid-State,629.2496931436096
551,29.34848327641732,4.158904727330562,1.3980755207399234,2213.0914776335426,1400.9359202909427,1.550089807298786,NMC,1112.4111728296784
338,41.60047658418043,4.212408156681489,1.4186073764261475,1687.074686069397,3475.187941274324,2.07857506914153,Sodium-ion,1252.53241051777
872,55.20316350245833,3.714075587421372,0.6539383660160347,2115.3646129552676,3328.881000901915,2.855338955545923,LCO,635.5911376936702
641,46.03509476188776,3.178751403332158,1.8415300508860715,1551.1324877327572,1560.4558630023757,1.8584798816335146,LFP,872.724117098957
473,41.318311462053416,3.468185304224477,2.1425188407456908,4588.047652919107,4123.290247864892,1.809769747394676,Sodium-ion,1101.793948296906
151,32.973350124615024,3.9971653291852673,0.9893101092094261,2468.184922531941,1007.0486865230331,2.9547311778615604,LCO,1485.3055745579848
1439,33.320076522327916,3.459238410871338,1.3426017632667293,1830.1730808923428,4432.48413440617,1.5375061692758882,Sodium-ion,163.91849934401046
1322,46.7794782079276,3.108771522878486,2.177678673530541,2683.3129322669183,3954.966462812112,2.6786732255906314,LCO,234.09009376023369
263,59.7655744488467,3.695981138660235,2.2542409353245763,2146.2519005872814,3282.804717368393,1.9820549336113056,Sodium-ion,1254.471708562281
144,46.47356759397515,4.056401064370044,0.9863599605284519,3926.560866015969,4261.124564291348,1.556231935304489,Silicon-Anode,1388.7234202678542
346,42.311336694801,3.994907983929378,1.6011412690827285,4879.123629919077,3417.01355646246,2.8767038103143756,Solid-State,1262.8355506367664
624,49.22602040956984,3.2189039251629414,0.8849863012716541,2639.7413581301166,1342.7822884171792,1.7094634953143755,NMC,970.0239631117632
1017,38.60822449134872,3.8409557680155832,0.7037575282791131,4416.3402798834095,2324.4089386399655,2.327668925588543,Sodium-ion,570.24676823727
881,22.405693704031407,3.2756303292945588,2.3222410027839153,3176.6249089504017,878.8617948933779,1.9110813111443217,NMC,751.1506146380668
2,42.491872635116394,3.2727594181902155,2.141015008464218,1460.3897933957805,2119.6639469236497,1.5977892032770367,Sodium-ion,1572.367483783985
897,58.305011380215205,4.0925897166314815,2.020069803606348,3700.6155167416346,3492.251776975114,1.5748837284950685,LFP,570.1703517639174
1328,27.012117694306387,3.312086190925288,0.5975326376262808,2956.4248879284446,2107.1290686301877,1.6733350482545082,Solid-State,334.8741108221899
254,47.600195632826626,3.329059183147514,2.187457585420515,3532.5473976588346,1888.147284325723,1.6070505208340702,Silicon-Anode,1310.906076909908
453,28.03734754636226,3.0008167384516247,1.3760881518107675,4536.687132800993,2921.8873177902165,2.640837173279884,Solid-State,1239.2415171606901
1061,41.43310737892325,4.088336292656897,1.1847902465917193,2649.8251967553933,4001.5976630956907,2.228349303425144,NMC,518.4177006701415
1184,23.867057985868783,3.9907435165114187,1.592952722050753,4584.946017512893,785.5744509298385,2.0143381370234694,LFP,486.7439015101866
1015,38.014837450327406,3.7841611688633474,0.6827064854471117,3952.8098599829505,2103.3346953289683,2.1275533651980107,LCO,553.9084476390428
9,50.24653315580984,3.937832204923553,2.0132930987047977,2852.140688687536,1217.1388930795247,2.893420103358935,Solid-State,1543.6031893636336
1257,33.902860969559285,3.1900607092806146,1.6648701537765918,3333.5329697634475,3311.8815778542917,2.8661277191072205,Silicon-Anode,313.2589202052079
1123,46.59646897948872,3.5729044932344696,0.873180193746335,2167.4407565798483,1012.3257856814259,2.5735147201838653,LFP,441.74438354996425
816,51.81799843158917,3.4390242341859762,0.8764643995380912,4931.108658902852,3192.7502584629538,2.8270235661325316,LFP,725.0952774356792
208,57.087112779178106,3.1172206578212704,0.8684973031453485,3602.8748848116634,1716.1053961118387,1.9794720413814373,NMC,1321.13154303551
1155,29.38568327421814,3.607663106518655,0.614004775103868,984.1567804858455,1375.7755735751762,2.071663989012424,Silicon-Anode,455.8673448948115
404,35.97263663237233,4.150924562928294,1.6755968987433696,2171.812004141637,4251.774975517443,2.420568272781342,LFP,1210.1930872448881
152,26.096640533216696,3.050073898813368,2.180696355177016,3417.9206217880414,672.2458493092279,2.435438920945896,LFP,1491.2789364769415
54,59.699340086335006,3.3643261418672425,0.5349964279747772,1036.5997667568072,2307.3313603693186,2.2225497570185113,LCO,1441.4151549471721
1144,57.08003871697181,3.259426170257129,0.5980092899425471,900.3136035403996,684.3452706009957,2.10098677265693,NMC,379.6889032811885
628,41.59828521122238,3.2976833170821203,1.6455405533738916,2690.1018060167708,2486.012887606883,2.9792704674130426,NMC,956.6199327130357
587,53.68133177505685,4.135543189849219,2.1389913707721044,2197.2987547092143,2554.084773398231,2.7316854391765863,Silicon-Anode,961.3040238760636
1444,40.83831909088168,3.5850863177928627,1.1534777811372672,2640.8541537392966,1854.4836384395135,2.152470296832068,LFP,145.6306477832274
1446,44.94342752011039,3.5828742661747732,1.1992287976154443,1903.3119014960216,1115.4309323475923,2.5909387158593526,LCO,107.97915619148336
104,23.564977284640666,3.950719553069103,1.6926929949935519,1491.8145371605199,2067.911397164454,1.9043425398786893,Sodium-ion,1543.2199047342565
254,50.21081681987232,3.1931152550061572,1.048425778248294,3694.402099317418,3221.8254657370076,1.6502539893559949,Solid-State,1289.7901297994858
1251,25.108539345409394,3.6090816926250637,0.5532167321553683,2961.1986883247623,3651.3436537133907,2.0286465383291112,NMC,389.5680652791956
1136,53.04270521010113,3.5374815176513246,1.9704570362031921,1640.6476872473409,2669.927349313755,2.104459200185091,LCO,445.1081469864263
510,51.28112350681543,3.74613836318332,1.7512998258829062,2142.275590291993,2900.354138315047,1.5248056868410063,Silicon-Anode,1006.0585369553415
1497,48.349787909719055,4.249447129063048,1.6615119981113182,3285.5932121859687,1382.4038473861456,2.7221880024538443,LCO,45.13444001414105
99,21.446415220990485,3.9618111176025588,1.9833682579836462,1103.363262744407,1720.5882995878328,2.0387901035837723,LFP,1561.5271225342958
153,32.12513423781314,3.497332128771784,1.850461675124075,1419.302638917954,1231.392879204198,2.3706272486702207,Solid-State,1474.8201727426374
914,30.524502796433715,4.0344413153425585,0.9117639763566423,1107.6315372510385,1572.251865017984,1.610944780906434,NMC,705.6210060923053
878,34.40545629886076,3.2133854541406004,1.2049620938867023,4211.7327973993,1477.058442879574,1.762495243125876,Sodium-ion,737.3591773350819
338,23.50570987055354,3.0380796078862002,0.75222028335725,3960.118779490439,2625.850266925827,2.8345405879913397,LFP,1281.222782982991
822,57.47831292124251,3.2555604655803414,0.7597140268357621,3963.91431389288,2794.4861475838447,2.4130312918242014,NMC,724.01603512833
1187,42.15208962849505,3.4255144451428245,1.8523914927130785,3808.5664425993177,4285.294941203867,2.9254260752557286,Silicon-Anode,404.20621147707476
957,32.22097242632094,3.6382259468244498,2.2172002139649964,3611.4187794134505,1362.72552369594,2.9981250515869755,NMC,633.0443206431379
161,35.879260682971335,3.7689114256764995,2.425465167722278,2803.366044588335,3102.535269629834,2.0577901729996415,LCO,1381.2560254443047
801,37.888101620193424,4.138257146518027,1.7566942350988888,3497.568286729883,3787.3111490513393,1.948204596124912,Solid-State,785.5207898656913
398,44.02377333442469,3.637317511938072,0.8682026467219139,961.1185301094936,2784.9417087539045,2.7875340827386452,Sodium-ion,1165.8382451266232
1301,40.62717710785991,3.6265945557821615,0.7113006908978614,3410.1505751584955,1594.5142447541953,2.997917140556181,Solid-State,363.49858903582975
816,56.775678928576696,3.062803762278728,2.1257019430735156,4067.086363254884,1623.9458970780008,2.444461851348686,LCO,712.9787084100501
1416,39.87853931623321,3.0436394408202796,1.6575129527199985,2901.505113614439,753.0869069768996,2.6927110837672834,Sodium-ion,125.29610150553073
1159,59.6863205929325,3.688949952395465,1.7365700420274397,2301.555979394395,1791.2324835390787,2.6726187882229118,Sodium-ion,331.0133300057464
1219,54.05699830980383,3.5477232665604306,2.0629241775094185,1965.1922861641124,3503.9543481131823,2.0330095623293207,LFP,319.4416958539601
401,28.340420574293432,4.048975493725373,1.9065544554649032,3499.7686106807464,785.3192531077304,2.3614055703856307,Sodium-ion,1237.9804065602787
640,57.22380858575665,3.2008494808898065,2.1689165057121933,3709.765034245617,1455.2516017688395,2.7495854118963203,NMC,848.2360441492128
1057,24.654655915419042,3.031214577646312,0.612427810919757,4458.063919422679,3354.3067442739493,2.5321708143915833,Solid-State,603.5066206388974
688,52.697988339647665,3.561298459912657,1.9950412734930096,2237.8031463361613,3652.341095009219,1.5317457209730574,Silicon-Anode,827.2670682011458
460,35.2249317390632,3.296848195940322,2.201705514644191,4033.0436910194594,2375.7417992415208,2.0050585033463,Silicon-Anode,1115.5063089786893
955,55.11897281780278,3.062017966673547,1.0722700849166287,3157.6944615952193,3322.4899200667305,1.716713544891908,Solid-State,593.5139998962627
470,54.72226760429801,3.905747858559536,1.7808945479865057,4507.913260847932,2113.013457754079,1.8494583181170587,LFP,1086.4578589188786
1399,52.23701600470485,3.1394912499465595,1.1283241276739442,3016.810854841607,1223.6616555940973,2.8582342162369887,Sodium-ion,159.0779679052211
1046,51.601217452282455,3.7603993750097144,2.415942132964908,2974.0452792714623,2152.7830247393354,1.5553399333661522,LCO,504.4547889692171
750,32.18716556392163,3.3513121877086114,0.5668471448710075,3227.0837420518183,2861.8744987922573,1.8297010679428856,NMC,858.8170994158069
38,23.23677132205009,3.2168700629437774,1.65958568766591,3947.1244915982247,4297.407799226272,1.9643540283573473,LFP,1642.9166587483871
230,36.11920715060646,3.4746894036491467,0.8330070940990302,4851.700011079536,868.1287131458416,2.4253261079495925,Sodium-ion,1379.2495323501812
1389,26.940980599460346,4.0018072202786925,1.9244404103543173,1108.9660877062156,2578.8369659953464,2.3011525351287982,Silicon-Anode,250.58462467595893
563,47.79804355609847,3.490116971130716,0.8517805668373242,1024.425330042272,1882.7871350218252,1.8274042242800792,LCO,973.0154977330612
438,33.84398906151142,3.9384620615138197,0.9707665237967151,4737.711417110822,2582.4156076791087,1.7463616008347316,Sodium-ion,1160.202140570416
1307,59.02440803439659,3.1568578709989383,1.4887416220915162,3025.477627176466,693.5042447684735,1.8551970518941783,LFP,214.74954126552748
27,45.63888309381328,3.965964274581349,2.329669899993756,3382.5926611811315,1820.7988833361671,2.2537944400524834,LCO,1593.9413292993845
226,52.899222545374435,3.2961666561333107,0.9234287442959417,2826.179126697861,3797.4857753553197,1.9067666785668052,LCO,1312.434171820787
1301,25.300986909673938,3.846741412361091,0.788480042236207,1193.3613009513929,2760.3727620330865,2.9214037524115835,LCO,325.0163398050471
798,54.4805792909049,3.7072269435512455,2.0179536637080613,4025.9753893583993,2357.271721982858,2.1957978321432714,LCO,705.7679467121443
284,56.910287620535776,4.161430896514609,1.501239064667862,3938.343509372065,1713.5477796898244,1.5881940248169557,Sodium-ion,1222.0646842014519
879,39.482476752757435,3.4841531474691427,2.323570224763543,2109.1539502698106,1762.365838886288,2.59389960875495,LCO,760.0024291776969
960,44.2501175100391,3.0827064860430506,0.7932291143196846,2086.2048299592816,2094.0955910032794,1.9932679323134845,Sodium-ion,599.0181138111946
453,50.59239203611982,3.023944356939066,1.7918557860460786,4318.933799803178,3858.7257688617856,2.480233398087371,LCO,1109.802195220778
1020,26.993545090416504,4.033573201215941,0.9657582923036301,1103.9004825135717,4372.131506552247,1.919391555784848,LCO,605.1276135015502
816,40.102643058537694,3.65591954707679,0.8135208573032786,4500.6416230975765,2310.7559872664606,2.3561156125999796,LFP,786.1190412978399
659,35.946521110892526,3.969055064793687,1.866858830314541,1877.9790975628405,2134.076071116271,2.658228757211197,Sodium-ion,963.007547406648
547,25.854959686489963,3.293032000014393,1.6873692398174664,3290.5359405730746,3901.548025697465,2.892013112661831,Silicon-Anode,1079.282590008792
1216,34.701376891661255,3.431354681891542,2.0096549167246627,4731.175551807466,2264.9307504815843,1.8916907166496155,Sodium-ion,375.16670107953576
1073,22.726892375419744,3.037629840264149,1.1189251528923647,3648.114506453915,2752.8708719530396,2.0022854264984717,Solid-State,640.0641728597043
17,21.03247627797948,4.2018654057176406,1.3959433127643799,2540.6052123615536,1500.6724919351032,2.1963996304289095,Silicon-Anode,1667.484917260477
1196,25.40665156619291,3.8348348833760166,1.310943352660837,3696.043677402744,3499.659889538393,2.890762256603983,LFP,478.1402017024966
1244,58.52460446356695,4.166506359699133,2.468178927933028,2244.714472528755,2674.754441256049,2.852080285215986,Sodium-ion,287.583489473805
158,41.98118143580068,3.3318705092863405,1.0844979134787758,1964.4853486665818,3755.2347459373323,1.634817420150957,LFP,1441.5646614645739
477,58.6328864461288,3.764329514032076,1.0896344766935337,4986.0697673256545,3644.8576471118117,1.6978947386307164,Silicon-Anode,1082.9128495448615
1070,37.299915133205275,3.848124960365797,1.2090964176572148,3953.3189709551084,1438.5185962531114,2.243263765995957,LFP,537.8980470141079
1397,32.47264532341038,3.3969371253219856,1.629188162580643,3507.823905003634,3390.978647175273,1.6599289092081353,LFP,243.54097788638146
518,40.245674513609764,4.060136543769538,1.0046454885274905,2292.2165015211385,3720.2121910103483,2.0183713100230465,NMC,1034.7444787307106
99,37.58046754531641,4.183951828625309,2.330579880758548,1006.4754824512022,1949.8182390513407,1.7225780673262165,Sodium-ion,1476.0541126539533
1061,24.22658737046976,4.1060688971200054,1.031371129732527,930.4388793476536,1273.1755403188708,2.4540605326978286,LFP,568.0731755222449
280,45.63305258760825,3.9238337199242155,2.2916314631203893,3127.561272884955,610.265406760394,2.9242431476087427,NMC,1319.319379237471
1373,28.641527300383984,3.3468308496561927,0.7069501272931693,4000.5374283640144,2358.524247063278,2.995100655441572,NMC,198.62038699794533
497,44.78351819591318,3.3520200526320396,1.8131254047993046,3056.992599864191,1974.4876530014822,2.0628616987453725,LCO,1056.308176647529
302,46.00804369592613,4.204200400557547,2.313971036876487,4331.297302144281,2764.1483519190947,2.3985189556719186,LCO,1181.62516014978
181,26.080994125145924,3.0128556199196153,0.8374988767964591,940.3914389915309,1333.3602610962644,2.784401480286122,Silicon-Anode,1437.893826112369
607,22.453985084426726,3.8950624665526807,2.43665392019851,2340.3587209889483,3952.6956358992534,1.676193109194576,Sodium-ion,1036.9103359189965
1123,51.230463442737594,3.8828077031940778,1.4057667208310234,1795.6956429315478,1605.2453409496277,2.5343466165779476,LCO,449.1999235739007
700,38.392016950772806,3.7783619261872468,2.391430216882049,2678.5464662599124,1483.0754598418348,2.1132654925876024,Silicon-Anode,900.3476306774452
993,22.32655182021903,4.237636057608582,1.853640087260094,1103.9808514153144,2474.784820288988,1.809219240420246,Sodium-ion,642.8652546358996
1140,59.794652686790684,3.3898492947046566,1.103173739747103,4807.352894598505,2545.5189926026696,2.104130428121163,Silicon-Anode,391.4704822461329
191,22.311222439854667,3.42496482974156,0.8766050498342128,1737.672684491316,1438.832392261862,1.6139404304473752,NMC,1470.2009166038254
253,47.801409154342124,3.0986742536831944,1.1074700924501988,4673.692657031056,1660.2568342310715,2.5431107228839585,NMC,1306.7335348503127
981,59.34715701053654,3.553497670679672,0.68603481852535,2588.7512511540635,1261.8504327054552,1.8791140031226796,Sodium-ion,497.54458426355404
928,29.567204168637026,3.32631065779356,0.7877359326866595,4939.201359671916,3401.9946954603506,1.967108467567317,Silicon-Anode,672.9808404778734
1185,25.689974747487845,3.4292333777220554,0.7093208806929623,3127.045210532885,3603.3472218909196,1.681621947362194,Silicon-Anode,435.61266851141056
1280,24.855397576897154,4.043214737819534,1.3458870874831155,4709.498029538391,2403.0811400912025,2.7969886708348373,LCO,364.2399415212661
1347,32.13100590270382,4.16935564190937,2.0911567525151726,822.465752515736,3384.9393884715682,2.240166418924108,LCO,268.9231195637016
128,24.041832440425868,3.232166340006482,0.7827671084326804,3942.6029859597807,3470.1480285560374,2.3582203166796005,Sodium-ion,1560.4349868263976
18,47.68645366776528,3.4656361644418325,0.7606408663446718,4592.812743030565,1139.2745579434536,2.354149024642282,Solid-State,1563.3805645273849
566,22.491671925202507,4.160788202644243,1.7868578990346615,1386.826381311607,4368.094296854693,2.1157396718120127,LCO,1018.8441699573872
570,40.37688512599159,3.077260575861528,0.8943659639361325,1203.7285772750363,3802.024593676081,1.7887948731572092,LFP,1031.058509192826
1347,59.86787415411907,3.1154506601392233,0.6952200762179832,2583.2049501810134,1397.4854986637115,2.6176991227475996,LCO,119.7780944793354
686,52.558810780240755,3.203488736507787,0.8336971564111553,4721.451405758327,1326.043639409674,1.6905843980365116,Solid-State,842.1154837637486
626,44.608777529240434,3.7440160426585933,2.347462791753552,3078.0235527998425,1090.0784677603726,1.6558106854182157,Silicon-Anode,919.2606530898801
1312,32.25014483146447,3.188090338757497,2.142942505552382,3015.317147631275,1139.6763939134817,2.565217556394755,NMC,292.41596258633456
854,44.95583345166554,4.210095476813417,1.2081291247101882,1392.7296968571518,3517.831016211915,1.8132555306779756,NMC,681.7979313923303
962,41.08165855646607,3.5583931590731503,1.8116415346547856,803.3159465915189,2431.651602111332,1.9601591270292484,Silicon-Anode,622.7604158604429
155,37.04333535561486,3.626897450437708,1.5745513473360762,4202.588381130938,3653.443273685482,2.21284120050261,NMC,1411.5566014502665
490,25.22841506960798,3.308323269756758,1.8542485269651279,1167.8131645422004,3510.394087965801,2.1740269750943195,LCO,1160.5030299028142
1410,55.46416860961867,3.588700315543417,1.8653423049255187,3462.1692386883606,2957.989582670364,2.562868687597499,NMC,174.0676024880661
785,37.9913859528529,3.8273920407962643,1.7574680301199859,4641.389108963804,3276.82976565685,2.4351476901650413,Solid-State,792.3004797152367
1128,27.784900472830603,3.9389714211925533,1.0322027370746172,1676.3380352654103,671.587325078653,2.4665942434227985,Solid-State,516.247640500197
1417,34.71037403509158,3.942335103387391,0.5780128415256363,3594.145912195025,1815.9328225395857,2.571081495983186,LCO,123.57206979682192
246,36.565190101157086,3.7223638908676104,1.4111335639802176,1130.5340221715396,3087.5064991116997,1.938919091135198,Silicon-Anode,1344.2158572711182
1200,53.10151582267497,4.130449718742321,2.2819477693814076,3335.7716041179747,636.4453185963524,1.9834999677007104,LFP,359.6618655250872
1063,49.344575222456086,4.021759809132637,1.6389945170371518,1488.5132280034516,728.6100803621143,2.156996621843331,LCO,500.13767989410735
759,50.77219574565359,3.9463101433732817,2.164782083403816,3891.0049541637477,3922.3631316344945,1.961193259550289,NMC,789.845310274488
538,20.441250577145887,3.0695069021005756,2.4832486859224563,2065.1714381344145,3267.69696059908,2.977406803456295,LCO,1144.966583310391
921,36.64615992719046,3.008597452774562,0.8272324082765525,2746.242236979514,1634.9419591693413,2.7210778896321446,Solid-State,758.5667236898079
408,39.25376606541295,3.265559096494341,1.8835552782839646,3317.6082765160113,3283.055076462965,1.7469820323840444,LCO,1220.2925529242882
525,20.76769107292227,3.8294044923918156,1.8485871474000493,1519.3483247982062,3690.581009643127,1.5083912338228043,LCO,1121.36621247307
828,30.392528349801367,3.513996861103182,2.4599108947165567,3914.8788381940076,1796.4977041293948,1.5641749023709017,LFP,770.1522869391262
903,50.4115929248854,3.50300782412414,2.4712014679056007,2071.0894306746213,740.5457722468311,1.8660951765643878,Solid-State,647.6998428861134
36,25.48438822915996,4.105733610287017,1.873357223448259,3581.9618116335646,4237.838586282165,1.6714369287552848,Sodium-ion,1584.3878779429265
685,41.41240525810367,4.119453560164798,0.9872295839643885,1464.7888129373694,1946.2013693529589,2.300007172338858,Sodium-ion,906.6340676642012
20,28.6080748806895,4.136469080066982,2.097111676261198,3690.094168666671,1015.2788768103549,2.7869928340910377,Solid-State,1598.5378619915045
321,20.484830985755732,3.392347595643784,0.7140582684220762,1338.3899058039392,2518.241798433275,2.605125331369841,Sodium-ion,1341.2401152422185
512,29.64805830398166,3.8638197659240774,2.061398608343257,2586.497284333931,3597.0244030901217,1.8234135946232857,NMC,1140.358118147481
400,59.03495019640215,3.339541476592962,2.3203922482893926,1838.2655097032825,1464.4245270084807,2.0989488840386787,Sodium-ion,1107.3428023939618
654,52.06148447531958,3.2382622913430623,1.2656667895368705,3943.176047598367,1651.011195520117,2.2618413142969165,NMC,864.0962165300267
972,58.383065772841334,3.2307905716842114,1.761270589966161,1900.547018928873,1546.5884485144743,2.7153087742550035,Solid-State,586.3380883482769
471,39.514161757054495,3.4276345260794927,1.3602854641936526,4503.212686860665,4467.524906043545,2.7586824046592473,Sodium-ion,1069.9688293529364
1167,24.38944794710014,3.537447024724777,1.375530109976257,4545.644887907774,1369.874561549116,2.864577467861664,Sodium-ion,473.24733181466286
1116,41.91837955894772,4.038686463818836,1.12074177821624,1625.0535239357005,2844.5288461678833,2.263867875754313,Silicon-Anode,459.28498117967575
1378,38.17509338239844,3.14986386684089,2.0242592409006495,3378.152969032442,4208.532102462161,2.5414121196537947,NMC,219.69734293039704
834,53.77428330958464,3.918657309243618,2.3723531283330104,1168.4140952238502,1172.896618623339,1.6677005568509058,NMC,705.4152681636135
727,23.923303231369783,3.6643186427366317,2.3815017184689222,2444.4558183268427,4386.331371684031,2.3479334399309733,LCO,935.0677825697583
854,39.529645480871125,3.3599316783449904,0.8495625697498677,3795.9512639053437,4295.161214142936,1.8730377142067027,LFP,742.9962321003817
51,26.00194658775937,3.616024480666031,2.249487299313132,3569.5776367696485,4049.830749527224,2.1475753275399168,Sodium-ion,1581.7907565953703
575,32.9870370756024,3.3749275872212783,1.9748628828542443,3423.7428115077532,1436.7704331870086,2.451075762460079,Silicon-Anode,1026.8621180810978
1214,49.49428309551199,3.7451024440478826,1.0056748013805785,1986.671627382263,3072.814718442835,1.8854789067806716,LFP,328.7349725669932
1149,39.04072517475066,3.5423049035690553,0.6345692258430291,2387.7047876244887,3567.4767445488365,1.5782775866951417,Silicon-Anode,458.525682409169
150,35.035531405830774,3.2055069113485986,1.035994533768756,1232.373807741202,4445.508919966076,1.5153507846131362,LFP,1449.694662389764
314,35.779051142801414,3.145728843194621,2.3244164735630513,3819.895845821124,1303.6529061173446,1.5332393033167824,Sodium-ion,1310.0530731540005
570,38.377870736239466,3.6833696025901626,1.7663573497915446,2916.3329465233487,3587.5010081252562,1.5125246062706545,Silicon-Anode,1020.9634941115389
1366,51.400661753482275,4.128016291607629,1.9421093217957437,3776.8156558517494,1921.3245627157405,1.6655325848368132,NMC,165.36598281466766
305,55.68338755760938,3.4299471081971067,1.0143047022181917,1845.5628041468656,1284.9432157152091,1.8592330718551948,LCO,1230.226630163166
682,58.21338746015713,3.916250134028279,1.9387763111496406,2162.640560267278,2243.370070734034,1.8318322712734487,Silicon-Anode,810.9601020412936
838,51.4761354502118,3.8233266936747086,0.5562430125558475,2203.704416492482,3695.9600573796038,2.980194891269845,Solid-State,734.550059217358
1078,32.61627582992051,4.164443642886852,1.2506426915460276,908.118120938308,2412.9142344458032,1.9590091578134148,Sodium-ion,542.8530497101126
1003,47.525388243461684,4.026226271623926,1.7535066970846624,2232.401065888619,2696.340090791889,1.6911311750390987,Sodium-ion,537.9903297988552
444,37.50412496221568,3.7082565736318287,0.7921931310826404,4173.879208775741,4481.121699780473,2.318343816251637,Solid-State,1181.6993705345014
613,30.186824881842046,3.821288122792634,2.1460071488938697,4568.653682148902,2156.5262682739613,2.7869361830962625,LFP,1035.9174436148478
993,53.634863177036905,4.122983083230044,0.9700625976238373,2976.5169256708955,3000.062943366035,2.5170905651815128,LCO,563.8985374371014
264,21.537053958493,3.4993984807336687,1.8045622256368925,2713.107119920725,2024.4523862999501,1.9441231337031755,LFP,1430.0054594762603
1077,56.07047968541694,3.408493382322222,1.3103942851506594,929.463398537355,2131.864020681949,2.3424242396871824,Solid-State,473.4999317764893
1004,38.45909858498936,3.0135138545439952,1.6920871909552944,4492.658217858607,3312.9989384370915,2.572283961300614,Solid-State,576.4738318798235
5,45.48805907233122,4.03318884273933,0.7149011052578162,854.6428963886655,4257.759206770046,2.5921567385516138,LCO,1616.7624384150265
1127,46.37415688823131,4.001225875504206,0.5338255998432146,4767.95033688289,2715.1999069200533,2.499807682946533,Solid-State,414.9129671702795
1220,55.804709628261456,3.130568147625189,2.3191288547606024,2854.7082444899806,3596.7597229002413,2.806215637163427,Solid-State,343.0127408440119
774,45.466787286688295,3.7210717264158752,1.0392600175343656,2236.124873013852,947.9055793861589,2.8051581875161564,Silicon-Anode,798.9149462754043
877,44.55734339040247,3.579977122708609,2.139354005560918,4681.717426339173,1423.5163459845153,2.368404839110505,LCO,657.9170671263622
992,22.666081622427598,3.1483863693863894,2.4987006009444004,902.4421710624063,2558.3133995861763,2.1447845536668186,Sodium-ion,660.228150038327
884,40.73632087780816,4.225710283825904,0.9228625159978223,3241.984558450166,678.0457221522217,2.4623554433476498,LFP,707.0858943326513
1374,26.006760032681665,3.2683698593291943,1.0303414823667112,3105.516602897218,1586.1344171739793,2.7273180020556946,Sodium-ion,300.6125277645364
47,49.497350748859425,3.0840427251132017,1.8257195752693314,1721.1456850878048,2617.865030317368,1.5084781572617771,Sodium-ion,1483.177824497557
867,40.488876832506975,3.743559224377387,2.4308972692012425,2601.3272116708845,658.3486731995728,2.987995513522277,Silicon-Anode,708.4958675093633
823,47.20911116833413,3.923583346416291,2.331628696381488,3539.5088249638347,1631.7305162815626,1.7743406584937989,LFP,685.761815201132
936,21.66691602409537,3.040554307558984,1.5057510401311698,3853.9510269040957,2604.720195955891,2.2053734784899643,Sodium-ion,766.701405731708
656,23.391680641832128,3.823397048408778,2.0902205650534493,803.0108065676351,2835.2820671268582,2.8080446022643,LCO,966.1715713571697
269,48.65293552250729,3.665364844939318,0.7714917061998021,4734.784406382264,4210.431602915691,1.837560598566299,LFP,1300.5610295159502
370,22.883373439946936,3.1290812610938104,2.4548763684080246,1491.006564049812,3116.8479306773706,2.2151928358505746,NMC,1285.9313104971657
636,22.850269110610345,3.2156548461829524,2.428706468071973,1781.0378237339087,2217.469629866976,1.6988732702717688,Silicon-Anode,1014.1488993879751
1130,20.484339009395498,3.709967871645101,0.8274579157583419,1906.5884719141625,4228.369590818964,2.092614488082289,Sodium-ion,554.3091935841899
657,58.2600559319792,3.3704470168916103,1.0988462496062132,958.8445735185483,3661.0436352123975,1.7657031821895037,Solid-State,914.241337779674
120,49.50033437836028,4.172894660814145,0.7003099950135339,1316.8189190793646,1380.0347923397158,2.0454416231567354,LFP,1444.2860042351087
831,34.13005634008257,4.023425286855064,1.0434351977963594,4942.669676365481,1110.285209260397,2.060196325189083,NMC,798.8567250804329
1082,31.86142325150621,4.229459008142079,2.1319115788304135,2123.9102969846017,3235.6653793966584,2.989756184397499,Solid-State,561.2765954121512
1370,33.988129189833984,3.3245885486880176,1.256631214330519,1284.2645794240073,2783.544345750237,2.9922195439556583,NMC,269.48576883892974
741,50.986141247247275,4.212154540997471,0.6767939342935168,1249.363296933418,3679.7270937917474,1.6721794179909186,Sodium-ion,789.4825255238527
1498,46.45482444281657,3.5390423372394473,1.184451049557809,3821.731864213882,3481.3396953068773,2.588953168992521,Solid-State,105.56546608914405
117,27.407822714698717,3.4343984941421932,2.46276666848256,4389.188388937091,3038.324982044309,1.5776182195036517,Sodium-ion,1547.1312057823895
791,26.964373413363376,3.0629369087116913,1.7593671905184058,1879.1996579355734,4446.89046935268,1.5452880230057828,Solid-State,890.7059315636193
1151,23.935825988535893,3.0659565723245032,1.3323218928123155,887.8199518079869,2680.9999474305937,1.6580008413674465,LFP,492.75299936244454
1417,46.41210878805353,3.865014069933318,0.83307702699454,1736.9780774704946,1041.1124503567073,2.948228485511901,LCO,135.6431239918561
1013,50.57490648886944,3.5724112430425348,2.4723535945673896,1037.3659013463807,3830.2669027823545,2.9112953218420463,LCO,533.1870487640332
1082,30.60185713300016,3.283152032545132,2.1416980185262577,1234.2587338461744,1582.228113148265,1.7908917304210208,NMC,511.32152034727426
634,20.83779844123651,3.767462882906541,1.0629546049018388,2612.334103360098,3631.4783777612815,1.7425085033305674,Silicon-Anode,1066.5218114372044
513,23.286866699057093,3.316072647812639,0.6401373914423789,1765.657157618857,4332.717674400201,1.8608026297739206,Solid-State,1156.0456198662173
802,58.71440139380122,3.722039692930528,0.6132511147551161,2966.9726898067784,3317.502504460931,2.273320491112713,Sodium-ion,716.2405916149132
1120,31.81779109909681,3.449010933728363,0.7407562990110677,1864.6737636801995,2924.517627704224,2.3545569480531148,Silicon-Anode,482.3037246104327
1142,50.768925913525344,4.0294402832647735,1.6615371672288433,4750.25666463238,2395.506085132658,1.8323901456591711,LFP,377.75235736172306
560,44.98654275417055,4.025870200958474,2.3575268424109845,4604.964665290311,2021.1984773820727,2.6349341821349177,LFP,1000.9530818464485
488,35.27758558611583,3.5966879976530017,1.493486856011969,3180.5856410439574,1976.7185287901614,1.9643297541039761,LFP,1132.3697623463763
1261,28.227490487822205,3.4385238866687695,2.185890964912394,2288.580766347022,3081.8535522674033,2.8831969882941157,LCO,385.4257583675535
897,24.855456726376257,3.453199745698868,1.3917732397196156,2400.8169045458894,3529.965156057209,2.4850840596850956,Sodium-ion,753.622961609563
1296,44.600518721554664,4.007143157085272,1.9171670915356505,2529.779589206887,3246.216570989216,2.1545267914554174,LFP,290.2660255198301
1213,50.98535122551152,3.410224353497015,1.9637454745730016,3855.833152966765,1373.7993946548945,2.684868002554268,LFP,330.6329357309195
704,45.75617014164523,3.2613242171335575,0.8479274118066773,2696.883781179119,2526.5500025596157,2.726871939069997,NMC,875.3815335895548
1471,41.21208532996633,3.1058604273441337,1.2224321179516235,4398.2657753247695,3687.3962815139457,1.9357224084134155,Solid-State,163.72248033978235
581,21.67804893726545,3.5833664011055104,1.7746043130760478,4765.198100907532,2455.245904937319,2.0095718157541267,Solid-State,1112.407540311913
790,58.739551103775355,3.6026651236498024,0.6413932163687324,2210.9738441915224,2692.830790968426,2.903932730592905,Solid-State,757.7803427912221
861,51.94856766618298,4.051135888003634,1.2230803755259132,3154.9168217778565,3607.430587866206,1.7471115575449079,Silicon-Anode,682.5561393179338
247,31.71288146803859,3.27654837055758,1.569598932562385,1199.2374546967706,3178.9346944338567,1.5632256254444012,NMC,1338.5695973878558
1100,59.19881317435403,3.4762390920854997,2.4924489860892773,1641.9700006187077,2196.445191441331,2.1810829839143238,LCO,379.5880840368028
154,44.07526358545289,4.010507173617114,1.4490671252448815,2536.5562201826724,4092.109573657454,2.7018148503654436,Silicon-Anode,1425.0708406747844
1459,43.29690632828986,4.029529513436216,2.132113514228647,1666.051406787471,1234.0115677875665,2.6575021594661186,NMC,117.53889838783843
997,49.922927177181286,3.48076384497346,1.3641345701332355,4481.554061312614,4482.514149502266,2.879295943369249,LFP,570.3043634530956
1110,52.4707915236055,3.573905029108351,2.092781445239418,1464.802275448212,1063.5250560573252,2.2998009965535604,Sodium-ion,468.02741935167984
697,46.25914429326011,3.379107363561604,1.6908296032402168,2713.775450522986,658.3048873065317,1.6500970073498,Silicon-Anode,880.1143228076929
1309,25.123829854648,4.16569359802414,2.273190883004797,3343.936809931478,4071.0737144801824,2.383033461504024,Silicon-Anode,365.97683572497857
1244,33.53070023977993,3.148304707176975,1.3218851047002198,3705.8284142755465,1555.3186826272288,2.6675934215298174,LFP,380.2442337776485
1093,57.12334561304199,4.167186778751837,1.7086088396429577,2408.8913528513285,3445.8285470422115,1.6399921804047395,LFP,414.32622561072105
1071,28.984624473754078,3.854833064794179,1.7600373612376548,4450.21608864386,3762.95996223507,1.7589861016463846,Sodium-ion,557.6148481246252
1009,34.88668095350053,3.6644651908584143,1.3347658836009466,3186.9404345272874,3950.0469250252554,1.5184359917335064,Solid-State,593.8344808430195
94,37.28307531776784,3.04082382598062,0.788624087374963,2645.9326778797176,4467.217519090251,2.3904788691702157,Silicon-Anode,1539.82507264824
958,37.57619958777809,3.5944952397775105,0.6871188138246711,1082.4106630185538,1746.7548691559964,2.8301015879188567,NMC,661.4549785622744
1012,44.51758329978102,3.5096851312534154,0.5333431011992662,2751.6957674696932,3369.9490335163105,2.5059949740031495,LCO,565.4424792165829
453,57.7230335097883,3.201523514968903,2.2470685284904293,4247.090531426067,1050.05944729523,2.973060131386473,LFP,1103.0064460165493
1228,29.6277084733002,3.8205120043758214,0.9729498244773891,3381.072276529525,2186.5562362917126,1.5945504787496423,LFP,358.98775574371854
912,24.86005505203672,4.213938634210358,0.9230134985635361,4295.082305662298,3907.0896039191025,2.8545016277272444,LCO,745.7632285754196
218,27.898819594397494,3.7027360138306564,1.972070800852131,2874.849016517084,2033.8663796305225,2.721102431080021,NMC,1387.6385770148008
474,55.47699600837078,3.893441595554932,1.1400322261747835,1297.5391613968236,2905.271984088895,1.9713622807492575,LFP,1059.9106235048755
432,45.83243250620824,3.085563065707521,1.5120893848236732,857.2873525107005,2564.716430526073,2.9602898277558776,LCO,1119.3775801634865
341,31.436271569566404,3.522083744771243,0.8250221305949126,2073.522096218083,3119.210971336976,1.9319066222571226,LFP,1305.798329024158
551,52.63787755874469,3.14544810645562,2.4194914429239383,3731.5599802907286,4394.28811861201,2.8339570857423277,Solid-State,1006.6531719890452
1313,54.45479985453744,3.765994794420638,2.203162800034475,4119.091596555114,817.3685533554683,2.821122865611284,Solid-State,265.30872992214495
1278,53.860573547611125,4.1731026977676935,2.2275792459300066,2042.1619054053835,2838.449918256356,2.636486424904459,LFP,247.51027678624015
357,56.75706134558218,3.827222165589548,1.3135474971440104,2881.7464677096377,3965.8122390761105,2.345205710719278,LFP,1189.6996143585034
23,30.08964080693446,3.096003810393027,2.0247224274143454,2568.6993986231428,2477.392575818867,1.680004124425332,Solid-State,1623.1970171947328
522,50.201677149851136,3.4433327562313534,0.7877523107795603,2524.195694275997,906.2560251721341,2.2979576017447476,LFP,992.3110346488065
1124,38.4215798909656,3.6883292243010644,0.5172380051835606,1771.6645954406322,2786.1034744254066,2.035194383482402,NMC,449.34826897306175
802,53.67994211560246,3.504009695166565,0.5399458651560562,1372.7586411237253,1895.0881742128997,2.688325549733028,NMC,729.533280699536
1204,49.13962708646453,4.042055013093965,1.673203474809121,1626.0919445710952,1204.27296281795,2.637193809745267,Sodium-ion,373.24880290143506
1247,51.057897859988984,4.018338755887487,1.4107898104958816,1032.3960260860536,3911.2346018055446,2.865918761058908,NMC,310.36148499897195
762,46.24647350724286,3.764788775129027,1.5360306978170395,1632.1491156590237,2634.238100665374,1.5222452436475618,Silicon-Anode,767.8265853740107
442,27.097150778788276,3.4668224314158813,0.5149262808344388,838.6437700265938,4239.77800827836,2.713654825234569,Silicon-Anode,1190.103491183668
769,41.80107675587753,3.319170467204055,1.3453732393148514,3434.4852826711085,3743.4643679519695,2.9076930796870033,Silicon-Anode,858.2408541963156
1016,59.38678958098033,3.132342897766412,1.9361363224017216,2128.7767110282684,3302.589995717303,2.683950673662225,LFP,505.2334250471002
1349,57.495522659884756,3.4436221043581927,1.3853874039348717,4887.207787993017,619.5994631247165,1.6952916898055501,LFP,168.83476998365109
516,21.726949431880467,3.5164656465096495,1.9644384126244445,1613.6116132604511,2268.511480889175,1.6219186572613316,LCO,1151.8856932913836
1040,26.592592629177485,3.844778656380092,0.9660379287936696,2252.4799953002944,1370.196498442926,1.5312678597115512,Silicon-Anode,616.7144564728393
792,25.269150938182477,3.822699780371967,2.126284008963451,2302.9328662944395,4152.111853090584,2.4431178387421064,Silicon-Anode,839.5191875602686
336,49.03919639941182,3.087635174551571,1.6768624809069046,835.4962834623343,1280.877540237805,2.4445089777898312,NMC,1230.4075837616385
258,52.7114131942778,3.4940741442889474,0.9215261988598125,4324.673402765728,1715.6342014712134,2.9803705713273185,Solid-State,1285.4321098061187
497,28.540454652426877,3.2272235840217025,0.9734409517076659,934.3767326061638,2615.663394164547,2.0970647611561435,Solid-State,1169.3213714360284
896,40.23410771807316,3.196015881646007,1.756060929139074,4748.755305862814,1627.1181140925091,1.997859427346245,Sodium-ion,693.3058980769894
160,53.628121120448,4.034127687171558,2.1598791864248867,4546.7122745932065,1418.4722413885725,2.4366373907765886,LCO,1380.0367111945304
1499,49.31206179065002,3.052394020895322,1.3312555640583104,3049.192047561047,2936.4873679007346,2.738413008761391,Solid-State,47.27216418321231
852,41.68948821967393,3.5239785948776516,1.0166008582551844,3083.1014146274265,946.825138744593,2.9051609242845027,Sodium-ion,706.7098875194828
690,43.613907618350915,3.2102545697081477,2.234023213821201,3545.8672764158564,826.8542590116065,2.704686249268558,NMC,909.1818021430812
380,40.3344218766512,4.099162769598093,1.8385365835016698,2425.6100501265255,2051.7566512256785,2.140010970923707,LCO,1199.1774029587577
957,31.901938052752822,3.696300641593794,1.396170974566153,3518.333590270993,3410.591372580663,2.452371352968096,LCO,665.0181163414727
691,42.600879714360644,3.28922579547106,1.4758003905586037,988.0272324916449,2763.7463572683973,2.7844489900741753,Silicon-Anode,874.9365954653945
1451,47.55541208200363,3.6280341089579706,0.9085129358727928,1027.0000348688516,2249.2182270204376,2.2359145324676093,LFP,137.2465210223266
1292,54.93291663443231,3.9143579496288945,1.7536052601296879,2720.3677624020866,2806.4311004758715,1.825029965558089,Silicon-Anode,217.0730839615293
1441,45.45165415916992,4.197647511149292,1.2174850210857773,3108.4136646453467,2025.260790147767,1.7545851596218094,NMC,123.80335236579825
1192,50.44486148172632,3.275557505306774,2.4912903533486985,4528.83408941044,4250.97070818524,1.500236616867085,Silicon-Anode,369.870374390673
1067,26.402865398182918,4.107727215161681,1.4603670305237757,1239.5746624131643,814.1290745520199,2.5773569924719264,LCO,599.212730886375
285,38.462298976791594,4.167880142709363,1.4717712123792264,4255.121294214336,3226.2267682163574,1.6666458132689859,Silicon-Anode,1292.0568218171666
397,20.37326479308373,4.145525680665083,1.6317035748213438,1682.1988166266924,4076.002392828227,1.8657586495439107,Sodium-ion,1316.4990403765623
12,29.86715458086492,3.794267946077387,2.3335120062374934,2455.151323742134,3735.150364067488,1.94681449728419,Silicon-Anode,1620.3624240188808
1326,49.05846860452019,3.7872758180433848,2.1016361997195006,2129.730226275134,1317.7600358036423,2.3405697902051523,Solid-State,214.1929190367008
1277,59.67239805397454,3.5040132914797786,1.4022601395956829,2480.6521460346758,1754.1127610231247,2.0969359159436536,NMC,243.53670899885105
499,23.967123983488637,3.940497352879735,1.937398531945592,1432.0810919048595,3396.4869609577086,2.512010988034743,NMC,1145.5565237039589
754,36.059772634451534,3.664117522938665,1.6724709975615233,2914.994312494931,928.6551808049855,1.583457988993054,LCO,855.1126216417733
35,52.00283874796638,3.846797589035368,1.4847340974024978,4166.898877291742,3766.2606293470776,1.6859087913966593,Silicon-Anode,1499.917238816626
727,28.161425385155955,3.5355723798109944,0.884631545568701,2654.442843591367,3403.7370839586824,2.2488172552999,LCO,904.7111407141298
849,42.20339797209145,3.914370580053924,1.4278725269097818,2860.577018772436,3445.465932017836,2.005447181770245,LCO,701.8965736969805
90,49.32285184118699,4.030589397005686,0.9916371740451493,4364.82385818152,990.9413440436065,1.9437200441270397,Sodium-ion,1483.4601234031609
776,44.63941801040716,3.18304532075352,2.3296842997033096,3765.4440814797294,3399.2661247833003,1.600542118556284,LFP,772.5391437795956
605,27.520989384616644,4.041162144467785,1.1708136269926939,2859.908515783096,3251.290688357883,2.843578762122002,LCO,999.6969200764086
970,34.21538274742957,3.6753706647378843,2.4045280290667446,1882.3217223945546,3840.597714205217,2.5377278791875764,LFP,658.3224777389689
1022,51.35167137941589,4.0558323863627805,1.5661105801894224,4516.69233674886,762.224229400231,1.682427235229474,LFP,568.6644206617857
418,42.16906056528067,3.5391271329262683,1.7630887573523206,3223.485687100345,690.1316070243895,1.5975689366057109,NMC,1154.508930312267
115,20.20918454171651,3.4738006067287936,1.5858808889786555,1728.8199624649124,2054.7276895263867,2.9623088001468645,Solid-State,1584.187569900733
617,50.43963040112375,4.143825915646528,0.7587612339334018,1930.3029610796434,1180.2743070116962,2.5217588256592576,Solid-State,970.5749828170937
1220,21.412454197609563,3.3139615844355017,1.251642438015882,4173.158973532232,2777.6994625238653,2.126184106640612,Silicon-Anode,458.7172941419135
826,49.82935130924929,4.055265406607679,0.6982922245552479,985.4113607673129,4177.66071587632,2.552596561133677,Sodium-ion,712.9023875336608
1099,28.099222406609496,3.605025715636755,1.7459080883667635,4966.787185521044,2126.770948302661,2.634497679720239,Sodium-ion,507.32694244371015
413,58.32293920477521,3.6426193031890746,1.3937483904008778,1347.4770548021256,3895.306471363156,2.6699433035831692,Solid-State,1061.0195540391153
1400,34.71763005208338,3.385585351861855,2.0559699431418736,4143.487806667137,600.9394106196793,2.2168159584795863,Silicon-Anode,198.55846730510666
1444,33.077264653523166,3.7163027507737696,0.9409409619987397,2458.056330441068,1257.2071094908183,2.144824137187272,Solid-State,215.6431255999617
729,25.955522013297788,3.4065139953452643,0.8291321168586698,2867.3079698073607,718.6518046509339,1.5165421264033505,Silicon-Anode,883.0737623277605
1301,32.22416861960859,3.0490867678020654,1.3126644619275356,4498.732425351227,1879.7740040087676,2.889835672712757,Silicon-Anode,331.6085717095348
1021,55.06603047312802,3.339998256680445,2.3531707664367625,2534.226996274696,4141.939423216361,2.4049618175834144,Silicon-Anode,478.9820648561911
761,59.85337350508989,3.0079738042582385,1.9208436300248235,3057.473765427585,978.1132820360522,1.804730905784952,Silicon-Anode,746.2383203893113
676,34.732381220273936,4.222943483821071,1.3378472495858373,1007.0585821185138,2964.9981293008213,2.879405129132155,NMC,952.7652654727797
1418,37.9444252381817,4.207184012274684,1.5345443395086211,809.8593902433032,2360.8341625658322,2.8723978526554443,NMC,163.7349131263125
457,48.882837528109484,3.4939441218403813,0.6684260223541967,1828.1594666072488,4260.026028226668,2.983776246549144,Solid-State,1114.230766904985
920,55.44783121860298,3.9104635679245576,2.469151792752226,3658.4489902588225,1077.824655894666,2.811084844708468,Silicon-Anode,591.8313917074549
192,43.721773367471364,3.4322576230130313,1.8328146093898379,1309.3125521083741,1426.9086169586928,2.996676581730097,LCO,1393.241623003569
739,35.661027927113174,3.83886644635747,1.070808136926845,1277.8002269791077,715.2136775848238,1.8670292821849088,Silicon-Anode,868.2388175036633
1123,36.50487363394495,4.006787553807474,1.6716167884304887,2526.0345537507937,2292.3474735623577,2.763374377798851,LCO,474.89319732495187
978,47.824725859872274,4.183445305865301,0.718964732137988,3520.9155621545515,1683.5483083021518,2.734542463193647,NMC,619.6598455640603
1009,20.128730544171148,3.5002653448120897,2.431673337615167,3790.702367441308,3992.6331421722516,1.8464105388311007,Silicon-Anode,671.0427313825229
96,44.78357349839363,3.97912247869506,0.8495699757667319,1549.4928312131742,2959.2691714712446,1.647656323501486,LFP,1463.606909353268
663,34.219720417654294,3.3324105632901486,1.7960606361104283,1134.2702189625784,2994.9538781052365,2.9691307705163994,Solid-State,960.4745208094388
1214,51.76789325108337,4.23791537974206,0.9909089250778609,4749.667542571286,2674.4517178370793,1.9440368272809154,Silicon-Anode,321.03095736867505
37,23.719625592925286,3.032211998455439,1.9351227652970715,1894.7988067608273,958.2163151938839,2.806337685701709,Sodium-ion,1616.1294869439291
1393,43.52809067793562,3.754411008126401,2.053642734480562,4384.05528995664,2335.5728665288852,1.506190732011906,LCO,238.50036920344488
279,39.23891559544495,3.824382477064159,1.8468394578228653,4426.664091943837,4498.070239863215,1.5315372108294034,Silicon-Anode,1317.3156349359951
217,45.693021036209096,3.8600569463426613,1.728998920510385,4044.5948854026865,3857.394234299458,2.198806963044553,LFP,1305.3303516025444
867,22.594143779318735,3.1504844734863613,2.2849381879040234,1509.1011479407944,4084.4903112517522,1.8580720259025953,LCO,771.553450589801
873,43.19935149712525,4.173162229341413,0.6572534219795161,4251.566128867642,3810.5828010613477,2.5347619251539464,LFP,661.8932918241038
1297,42.459383518380946,3.2264790988126033,1.1618295315603904,4030.8523488146643,1001.8626043808324,2.3483464883519316,Solid-State,287.4175095003302
62,42.426403776646836,3.778441754049801,0.9965749592616919,3306.2365584461118,1487.0481908527186,1.616228696175737,Solid-State,1481.111629150252
596,44.13950666385819,3.278345098903856,2.476027924130843,2216.2485477096016,612.1744402899975,1.7439424444735756,Solid-State,968.1522115678565
729,47.05871748905449,3.3840205212765886,1.278779559333747,1902.5361379194853,1783.6894870246347,2.082073905087621,NMC,794.747091802929
1366,52.19955998723079,3.6830731771601553,1.9652253984807975,1311.9346907375077,1023.568869151321,1.7784060959331498,LFP,190.80576450026376
397,30.792828805128572,3.5214917732057205,1.8694503277620091,2940.97968098366,2443.8940466761737,2.6883335208658927,Silicon-Anode,1223.8421688452077
699,53.001976407202484,3.200282001220633,0.9241624749547555,3258.0956771413553,3240.7972054382176,2.12410535332992,Sodium-ion,842.5661520586584
1043,39.93022729053814,3.2136705030260604,0.9779953604231026,2309.2237601663064,4010.5706506485003,1.6401478002637488,Sodium-ion,540.6653061236343
177,23.082331165373247,3.5226809852034995,1.0625691271060682,2796.508084259648,3521.946943854503,2.226514353408187,Solid-State,1458.3132315833966
396,22.342037169759166,3.946603722844376,1.3222545565187585,2326.76072095092,4260.48382353617,1.6362572715921213,Sodium-ion,1273.4698855523316
445,33.36953274784243,4.122455808559735,0.9686501313010536,3492.2254407469454,810.2033325357763,1.6934059581297258,LCO,1212.0774830153666
1257,51.3958790844587,3.1051595778242285,0.5393029654936956,4585.288672745566,647.5013581245116,1.859414748042308,LFP,303.64679812732885
76,48.307237389636626,3.4913798844492514,2.258786113614391,1488.4651005971684,3179.218643961229,2.789291557871235,LFP,1476.1229354585143
265,51.54459858689626,3.125306954653596,2.431219662761768,2401.9170015931186,1728.4743998667602,2.8869187984994578,LFP,1249.119926249779
455,40.690762257664375,3.0207406007907474,1.183140774063136,1391.6481365936174,1588.6539628125151,2.7393865939981037,LCO,1102.0352767003435
718,37.60795991821962,3.8271483533049455,1.1770137588509457,3424.7638357128944,1890.4596420057976,2.001115826126771,Silicon-Anode,886.894151741423
735,25.898101068251357,3.7530618024582347,0.514183625548742,3861.2561398521025,1652.2046257802203,1.9086696616632475,NMC,938.235546396979
1408,33.12771014437246,3.203773892268608,1.860501376660748,4714.033476909315,2594.6019845761903,2.323733536185359,LCO,208.51081379055958
851,37.36077464695501,3.29226604136633,2.1508797914972577,1971.2620902960525,2316.5789441741167,2.582779740799668,LFP,775.5540836548296
1391,23.54401718718469,3.029634692055648,0.7932166007200063,4790.887064634807,2598.47135036896,2.9900591822402625,LFP,288.5158873519423
144,28.82447810844845,4.043684007118005,0.8193326987343015,1065.7032216468342,3223.583084851701,1.6973560678183892,LFP,1509.3654473508543
885,43.92901176254955,4.218363245060689,2.0801664999428757,3332.6582261312706,2109.8089849874787,1.5739379985357067,Silicon-Anode,666.8221130682704
1093,49.42652456956759,3.1693244209933633,1.7325814967082893,1039.957421241986,1580.0999798544115,2.5415338334929065,Sodium-ion,459.6419895211084
1123,59.93390045571799,3.2893440172066226,0.589721115255434,4553.851588600168,1248.1820935541073,2.7483386752558583,NMC,366.0549530800746
396,57.32453325374231,4.085511904933668,1.7450939809245634,3025.198039694227,1962.9490661772395,2.7695231697996348,LCO,1117.6375908089833
1049,45.70260798140766,4.158079747445231,1.1178354456875321,3611.2630732037437,3493.045253460071,2.517695323615741,LFP,532.4611563510422
948,36.84992213176288,3.524534228508513,1.2374503109416919,4292.610488823901,3551.1491494347315,2.9310237061787805,Solid-State,709.0699066576199
891,45.44709458832931,3.063278090336343,2.0394628365937604,1431.3046144326688,3200.93100806842,2.26650714531688,NMC,644.4683222874919
1493,51.42606472320928,3.0492397921160244,2.121870385345221,962.0845601401621,1512.7098836968107,2.8707221975043185,Solid-State,75.83343188194551
1175,24.733447636935495,3.717437332586263,1.3007132536796613,4491.300812833979,2893.536358833321,2.9517182054872846,NMC,513.0971242428479
1168,36.39619558785153,3.4911188861164737,2.3943058720127093,2122.7195553275164,2825.689680149707,2.7707361855046617,LFP,461.38641179456374
569,53.59209142542469,3.0358155344720683,1.3129254359041445,1341.7114132940942,2488.6381726279296,1.964637844887931,NMC,987.4552703689274
1063,35.35331807732176,3.729065490390696,2.04367207046022,2767.5371957657635,2744.9180468970703,1.794323476755443,NMC,560.2791002374082
109,42.874890849087464,3.014128170736278,1.4677545291285181,3312.8855179232787,2517.9834672323054,2.3221800974727276,LFP,1507.9587988480355
1066,43.51077443448793,3.984214947686591,2.295064653044168,930.0765343745425,2805.279827689022,2.1795221255702826,Silicon-Anode,476.7699480592391
1210,27.379050125345575,3.3830410283792145,2.315522487300357,1954.5617646797684,3390.473223022402,2.8166375132890993,Solid-State,408.33563284936156
935,34.48941766609153,3.05032250376154,0.6748336157421677,937.7594719629633,1027.549958173415,1.6500475066007305,Silicon-Anode,670.8839758240025
398,33.38045154967729,3.7354402762289416,2.3729866626204514,2565.4086346210956,3523.5404333811925,1.886610091967278,Solid-State,1176.9491412119983
1247,21.04786834128259,3.497105518041318,2.1510696830408316,4559.420122078226,1129.9559854976173,2.627698416778063,Sodium-ion,445.5746717393199
634,20.96767055565421,4.217250516696437,2.082621428625334,4927.14012827299,859.8491938004613,1.6424799674659682,Solid-State,1075.1471976647692
1157,53.26788174703094,3.6802483281296277,0.9018226793710449,3475.5997247152354,4406.710776263723,1.9811466210325503,Solid-State,381.5947091347631
1187,30.922832398912497,3.34404897629626,2.11023841750933,1478.8783138952856,4332.267898594722,2.0807330910809747,NMC,430.03940548783726
1239,40.72315064955262,3.8867985807924685,2.2002654693700734,4604.567437997084,835.7025252681998,2.433890694844035,Sodium-ion,342.29871052302275
733,31.949022943550922,3.339365003178389,1.078300668908302,2968.240857440254,2328.6884217523525,1.737198968579047,LFP,896.5044244867869
235,57.62716980461362,4.130304114259456,2.4045201567246473,1445.747110832256,1326.3552593691215,2.7909067355245645,LFP,1293.6706687614026
658,30.37187035463095,3.4684024631342205,0.5997202927983285,4671.252011696977,2492.8450988242303,2.1713133531994115,LCO,976.9683212534338
751,37.186272509557405,3.6873357034702563,0.7998185064942793,3981.3700130370325,3837.6912476983907,2.8755325678208346,Sodium-ion,841.9392511365585
588,54.909210019384076,3.063216379780286,1.5751622761030286,3873.1621454372366,4307.385921497273,2.2018048704508972,NMC,965.9429925094084
1033,53.67734267167235,3.532651547440288,1.6515849422446194,3778.5589559365,3073.5853484609956,1.9125603884111,LCO,505.93932374144316
1098,27.444056713851094,4.040454424576244,1.7903001666018068,1641.4272486050577,1980.2321021260864,1.7127432430315124,LCO,519.5496869977798
954,52.10573239182842,4.007061006704177,0.5339382586309329,1686.2281051716095,2952.969706013934,1.5056176420669272,LFP,626.9548871277888
492,38.327475469515704,3.2803981985669077,2.4207335492442605,3690.830593394471,1816.8050938229562,2.298236227477253,Solid-State,1083.233673468875
913,39.31875488341421,3.2825988387632035,0.589176185468288,1722.835550463667,4148.312199245036,1.660735045390385,NMC,677.4208351958063
1277,25.33919889663775,4.021631640266546,0.7861239054468048,2642.4211265728054,3994.5618061127643,2.0875916454467673,Sodium-ion,391.8161394403357
1254,23.224060550284985,4.162998025211657,0.528029035052114,4084.4076674945536,2777.103826090678,2.3839076418556298,LCO,377.52693017605645
1198,49.117572278950604,3.1192011515912546,1.6337168665881894,4092.600576010932,1866.715769983406,1.9135288453540504,NMC,363.26860205337636
1192,39.85844609421199,3.5625732992827817,2.3645337678419445,2703.6994446086105,1744.2197347736155,1.7628364385491728,LFP,418.1497055481283
170,37.474028104607186,3.4218178487052864,1.8318943321609285,4127.19774075603,730.3301793497319,2.6620824339140126,LCO,1401.0907908820402
1417,49.18032914609587,4.088360569321799,2.1453149369608546,4322.2115440318385,3781.7013189986515,2.920186758422431,LCO,126.96674042576564
946,50.62051595964439,3.1044061433500234,0.5265624069171602,3550.0581553938932,2356.494530852131,1.650660626792949,Silicon-Anode,591.6053404061922
795,26.35632670677414,3.263907428197547,1.5840305969594521,1759.3885796953646,1868.0184207610312,1.7333854865775118,LFP,841.781246877096
634,44.40900597910565,3.940585421983118,1.4191259550110438,1950.8494776192995,2437.3303844912402,2.940018985879078,Silicon-Anode,989.9058473848468
1218,25.41416329110742,3.0641173112265196,1.497935888441586,2122.3328527166886,3793.078162773143,1.5566763327183695,LFP,417.2656879994334
29,50.05500344116183,3.6156692258928613,0.6444263706703759,1290.5772524825984,1085.9954100593327,2.966448504825708,LFP,1551.9032435870497
1189,46.278206250685585,3.55263379334965,1.868870722138615,1947.2704055537695,3944.8583541431267,1.5069667246274832,Silicon-Anode,360.0671495752291
1446,58.26458484333832,3.4180014737359357,1.506440829717269,1679.9807421126347,4100.28445692258,2.8105029834769972,NMC,43.77575590451468
339,22.75832065425685,3.493215394148655,2.030297699722528,2712.380749196129,4292.160868632163,1.9609877714816242,NMC,1322.5370734618493
1389,22.282188846050172,3.6624257336627912,1.4705812681234307,4615.437701063513,2150.2031704482483,2.907883287265945,NMC,288.0985792254868
1366,31.287482987728005,3.201709197985479,0.7987632724528642,1238.817330366624,1446.8475757469203,1.9754179329533783,Solid-State,294.36280742572995
500,30.46822734943624,3.714994847854491,1.796513908155644,3825.1252805790614,2057.1991920201244,2.481459482301084,LCO,1159.6837183686318
511,29.879151962879995,4.006790411624983,0.8447727242103324,3686.5886185351364,1898.3571753024728,1.620048854648905,NMC,1193.1145493968577
1351,56.250183220841464,3.9502011622376987,2.24478912670963,1202.1676343861022,1287.0002587611543,1.8634947171806084,Solid-State,192.76212221052407
217,29.981847993980246,3.192374880867217,1.726232478138483,4674.80410060436,2968.340013395803,2.660519019718876,LCO,1388.9953036784443
1325,30.87798904514524,3.1865618371768423,0.8144077671139085,3187.583249058642,2458.8342259836527,2.2930287805182297,NMC,312.8099019892913
1156,50.37593049671855,3.3352179596811418,2.4246761149624136,2327.6471887698735,3976.233870063614,2.891953592680567,LFP,391.8409542529635
1094,37.9895936980216,3.4513434079262963,1.5367309266706413,3977.462050680288,725.2273638800272,2.1431271125120315,Sodium-ion,523.1907784542194
1276,51.06842227820725,3.5105694767606033,0.64579690374331,1880.934925286863,3111.084917464993,2.8047185487208846,NMC,237.29720347802794
1439,22.61464630257541,3.8496215210416818,1.7536658088301345,3712.7413155945455,3575.5006261950884,2.1734331562173566,Sodium-ion,275.7497783497093
445,39.50284774693537,3.070850540207294,1.0063978140256205,966.7870718034383,3561.9976198343975,2.968872418052978,NMC,1168.3898113816465
876,21.344544007331304,3.043340880282583,2.107386903754605,4325.513757958943,4055.688471672548,2.939751572098315,LFP,752.5217235257707
1206,22.50612813821418,3.4898882036798864,2.135644147132381,2682.3175574895376,3443.231597035027,1.9937050583341205,Sodium-ion,432.249764889269
167,56.25749813377644,3.8714546151724756,2.457894711709324,3474.110240303355,4218.459240426016,2.828885505625205,Solid-State,1390.8720335677426
91,25.569814844703807,3.2417941786956033,1.5037390620490074,1729.1988431880714,1897.3607393014768,2.771417061323474,LFP,1592.1293420254713
714,41.29682729100868,3.8018806015703146,1.4099137594554743,3643.7095931654812,2562.5167253310183,1.8160205959913442,Sodium-ion,835.0067501551662
39,36.443824104028266,3.3247851724253743,2.0069512108929612,4043.409158751762,654.9106868032736,2.4364356011749044,Sodium-ion,1579.0503498447106
1150,33.8937330503537,4.107607636016896,0.7649413126838531,2787.495384914475,627.1345904828357,1.6090234733847222,Silicon-Anode,409.7415709820371
1475,55.9933338274909,4.11961243033327,1.5938310275862484,3394.453081059536,1536.4938197609276,2.7550660808751926,Silicon-Anode,42.79326805326025
173,20.87293587101958,3.371609005351658,1.5924952002617019,2716.568880054074,993.1480688424325,1.761818825255245,LFP,1527.3094275685019
653,46.551587447023564,3.2874921924540508,0.6789462456207744,4555.183750882951,1614.8243349494392,1.6062220520786468,LFP,903.0057569593313
754,58.535777368542014,3.5141299650827893,1.3359681710138271,2891.0505581601406,1290.4688486607497,2.1003286433082167,LFP,730.1838330473815
1244,42.40672733847368,3.3006644814751858,2.206569597134404,4335.596577921039,711.2280968707281,2.365383207899465,LCO,332.5284605555443
1082,57.472898481323675,3.8404798041146293,2.2123072439893203,4165.678644735044,4146.2861709835925,2.7823754378396566,Solid-State,435.4904344088183
476,22.09031517144095,4.032580855685357,0.698475329839362,2524.1202496630976,632.0702124166769,2.961363788282605,NMC,1201.3776984658823
456,36.751732762966455,3.841365163639021,0.6814417654956617,1766.3548658013951,3470.720362914633,2.1592387688547956,Silicon-Anode,1118.8599081426826
829,30.406311638482045,4.030438059061687,1.0253909540038706,2505.544956751038,1193.3767589861145,1.5906703844779053,Sodium-ion,776.0588312047444
895,49.23283859922919,3.496240202759343,2.249532125107987,4270.112978255925,4157.69552579844,2.623673368538806,Silicon-Anode,601.5435875811772
1385,59.25188361988987,3.195396213386076,0.7578051701469979,1756.0566504414478,4081.9041644005547,2.347759884335906,NMC,132.2410832967276
1025,30.26120249776991,3.9224386842469903,1.9399936052548925,3002.6326526025473,3150.214470840104,2.1718370172666948,LFP,605.9325665520054
387,46.16698405896298,3.4505931314269422,0.7023312392262064,4185.606341435139,3221.7131842223603,1.9639033181882846,Silicon-Anode,1142.6224469956464
348,27.923905310389607,3.8390885315364156,1.7462757074956508,2284.605395539191,620.8226536817854,2.2535977917653036,Solid-State,1307.6493466026188
190,42.61321018286439,3.338304927477207,1.2121345982382896,3497.280475411329,4440.9991078430485,2.0080194066855466,Solid-State,1427.7239167846458
505,38.55729946753345,3.101537043508341,2.077827925931734,1831.652611005021,4023.547153945676,2.6355178016210403,LCO,1077.8816035443926
1215,58.88021318526148,4.240727244359704,0.9673808976507272,1258.9736705462717,4090.9142803473587,2.3158405447389616,Silicon-Anode,300.1833210045034
1393,44.341090907858664,3.195251884913249,1.7784036587799197,4136.413745389997,3171.0536944984005,2.8152716612311677,LFP,192.46841760819444
1433,33.98025488347275,4.235526242454352,0.9713650691517699,1215.6682183165685,1944.6690217526925,2.315315871974163,Sodium-ion,146.97073478663498
824,24.563831395517333,4.221599915708059,1.9273205662243076,1939.8018593342554,4085.229731452875,1.857393620009895,LCO,871.6593199356206
929,26.04987314939738,3.9922726298850497,2.2473560691214978,4391.459572389249,1736.9160197896501,2.7766378233482167,LFP,711.0292616493534
934,29.012677198049403,3.8242787026024967,0.7536035982535201,2255.171005730402,2794.575019034591,2.335828567395066,LCO,708.8521962543092
1141,30.03866645361192,3.722258812813856,2.233191377191007,4886.790467959477,988.9507921411414,1.810261557215342,Silicon-Anode,502.07571611627856
134,54.024642313645515,4.082626931722293,1.6871505088285959,4914.884206050211,4195.626957517726,2.435261714934333,NMC,1396.411552567524
58,42.44891153130099,3.36179940202436,0.754220981734048,1926.7592859049382,1149.004785307732,2.0365751474136413,Silicon-Anode,1531.374229501287
685,40.935636454974656,3.584601515606096,1.355083710719424,972.1085334495399,1477.0975423485884,2.7666084184380986,LFP,913.4029347255112
672,24.5907548747687,3.774237461708127,0.8217205869701958,3761.2657936625924,2776.7232167000384,2.179949607969814,Sodium-ion,940.19598657024
173,54.4055877339774,3.513988094836864,1.900695777733139,2694.1433111230435,3579.962700830628,2.589662037161125,Sodium-ion,1347.0708315328382
815,48.91257212833935,3.534358067612835,2.0177362688358995,1223.1619446302204,3015.470093151566,1.6433043114543557,LFP,730.0359389277911
1173,22.706734476000065,3.4128558343776056,0.7115930405455979,3771.5958397077798,1505.322259920609,2.0940365194535193,LCO,467.12943606234654
80,48.313403889190745,3.70528977085567,1.5122797053892887,930.9346182700691,603.6778658572123,2.974862154708598,Solid-State,1456.646304997321
886,41.741528693705845,4.063218160018895,2.1292501120518343,4454.826100067417,3552.887263199013,2.7126904342157223,LFP,731.1947281438273
1237,23.26901382987113,3.251910472507891,2.372326083101993,1382.3406222758756,4442.308571053265,1.739911203550393,Silicon-Anode,453.97376104585084
203,38.33202566114626,4.168041298441802,1.52703573348354,1334.7098907362451,3758.661169193753,1.9166460742158826,Sodium-ion,1414.1219717553752
764,39.38785148520188,3.861359567185287,2.400558447222814,1537.823651468055,2394.8058108108,1.9947237132845417,NMC,860.2118246628711
1253,26.63098160653103,4.0290915158500376,1.5713779409120596,4833.1187056666795,4124.692319456515,2.4755483407431687,Sodium-ion,377.86020264867193
1251,57.82792588001129,3.6952383657875147,1.288380989199816,3711.311313066153,2198.4059251615654,2.6354921392344832,Solid-State,264.2818756053039
1465,53.99901485922648,3.974395876780079,2.196406257105791,4165.760448947274,2647.2429285495236,2.6242899132118644,Sodium-ion,45.5392643928013
1426,46.76089349316433,3.020250496674334,1.4859654209161781,2470.066940077563,2460.8060928431646,2.264811084459604,Solid-State,165.55804910127324
47,38.491822440024286,4.022975530974419,1.443805021129046,2212.5134555208133,2345.733103395547,2.7162308067572267,LFP,1560.7092865685065
1257,36.47062166338034,3.050173573856708,1.4806249788196566,1784.8328284893137,3623.244000246232,2.1556171241362128,Sodium-ion,341.18697055651796
1329,46.038938686038165,4.112391720453578,2.1935700037394907,2818.7217189121175,2654.398738351019,1.6858208479433427,LCO,261.7229588607309
1167,41.81727477627622,4.239953434048304,2.1638830833761045,3117.6806808435076,1835.1967758983426,2.3466627624807197,Silicon-Anode,419.8544347402787
1439,22.490924235275426,3.367584327720972,1.3070399848804224,3453.4543433415724,1606.8168538680654,2.92845207690166,LCO,192.56986212088367
1397,40.500105950813264,3.2628981953572422,1.16659971974105,1879.897716794517,747.2145361729902,2.689490477088767,Silicon-Anode,167.9768554683546
1283,52.25614468931358,3.956704204822551,1.4838560480782585,4784.3471397925605,2874.4611313438795,2.3680509715383637,Sodium-ion,271.02525372409934
656,38.369595103878325,3.3162829261503166,1.645545019474218,1512.9856924699707,1496.8495200640334,2.470208490523645,Sodium-ion,962.5649409008515
471,22.078263102170737,4.081952978965255,0.9766744212559939,4855.743334018932,1177.722295863894,2.895843040553359,Silicon-Anode,1198.4789533977162
971,51.451127975361324,3.1285532401968457,2.087910169431181,862.3957145315159,3149.936858927943,2.142514191652441,NMC,620.6177067953568
1036,28.054551285438976,3.157443995474198,1.4729655314648458,2820.7279056307516,3256.7161055040406,1.997091208413956,Sodium-ion,638.6569740015295
1354,30.34483339552155,4.22393944387577,1.1680910968399192,2200.144920089564,3533.4040798048973,2.9658623475006736,NMC,285.6465622891829
736,26.588254137291834,3.8422986228375056,0.7136419859279812,2686.3183385070533,2563.949895720507,2.7951647002655,NMC,886.682466963795
784,33.2086025948599,4.058609030536191,0.9776903208072139,3196.791231719314,4086.8129602951576,1.9845653769279035,Silicon-Anode,794.4159018272662
968,50.2700602275454,3.4054117216893975,2.3985623435119674,2629.474463653378,4251.736738253088,2.195670896041384,NMC,571.2352154644506
358,40.77543438015749,3.8456046869007556,1.1101993736390532,2542.356771266699,3748.746665190709,2.1226171935116986,NMC,1247.728598639774
972,28.195250966028503,3.7428022841357462,0.8377185787340706,3877.4383447358873,3078.81457983193,1.723643518007151,LFP,716.8851731186844
1432,55.113203126081636,3.753937650153684,1.4213455833099864,3680.6803553631516,1784.5117190056358,2.9367289857198884,LCO,100.48336335594345
668,55.18327419806117,3.8531655744221522,1.1141754867204974,4299.739384550561,4433.485194318862,2.1064686468296383,NMC,890.4849730635362
373,54.82313700184028,3.719198966411373,0.5703185005423883,1849.8277212058813,1669.1310520485595,2.812993623956862,LCO,1144.0747648379438
1032,29.55184845526157,3.5363279616283325,1.1462904345588345,3360.0197409670673,1390.361995762681,1.7840343415209976,NMC,615.3618343096425
1146,38.04957376723952,3.3449033679756837,1.5882172478789371,3257.818098649986,2324.4010437676725,2.3218062159558297,LCO,464.8856256679712
1372,59.39958624563501,3.9607266636415024,1.6034247440399338,2352.8988056652925,821.678225778315,1.5359420776864048,Sodium-ion,86.91179812114677
676,50.880499052399614,3.282840537503983,1.2131178423537774,2841.44167599126,4416.128412219984,2.646330725763463,Sodium-ion,856.1420337309888
90,21.086696849022392,3.8654428826930176,1.3946055125052013,2117.885001884061,2894.8908700240568,2.3713708473694175,LCO,1591.895722210857
698,22.608183650419683,3.291666028311658,2.431035836469533,1395.7464699913378,2772.1131574902834,2.4383843752046293,NMC,968.4289737892354
1340,38.55725507249331,3.7816627124430675,1.2546969544606232,1697.9650847834778,3157.6054916089074,1.5775813238319802,LFP,231.85810350625346
1202,56.368808234462406,3.933847833911286,1.016453626519966,1243.1573148850446,2538.392226331106,1.816557495312923,LCO,254.27170766896649
540,41.54807191810857,3.273392361133174,0.9869340881335202,3668.892215798521,725.0477166687122,1.6114963085303702,Solid-State,1047.1631936950155
732,39.91250032137161,3.0749291260766354,1.4155292254082683,3575.055051058436,2988.0140264775473,1.9333714737057177,LFP,862.5603563921666
869,24.21894799826522,3.1637171787427176,2.019040297433888,4792.546760635466,3393.0781201300797,2.4411585115232266,Solid-State,774.5261342612305
41,46.271204188971765,3.7574962090887816,0.9119763683769464,3864.6493373184135,2225.321336433807,2.3492789764760627,LCO,1519.992306669813
740,52.88412642400902,4.06180800778217,1.9185922542815361,1018.5925227757521,3553.4527310776525,2.4182247324200854,NMC,811.1231629847863
502,35.216800300302495,3.0562460265442803,0.5422996466988326,4513.829730501608,1485.3050674198403,2.3238769070668415,Solid-State,1136.3999780669458
959,51.0244740370131,3.917689073802058,1.337865955967892,4423.235684372048,1462.9787051581177,1.909543193513789,LCO,520.5041307286396
1169,58.57906615603247,3.4266483074375653,2.0517301304055735,2661.9453472453342,1229.5262519815383,1.8667612460166378,LFP,319.82660793066714
1225,28.150658365107564,3.5981604623994032,1.1774659115488628,3260.6248122172706,2050.7795631777312,1.7055895253048718,NMC,404.78180033070134
929,40.93318524778965,4.161074437306957,1.627474202890799,4899.528996384579,3903.3469380174256,2.773606312355238,Solid-State,684.0715872847779
461,31.485518323383022,3.4149643809198067,0.9099584656518216,3035.6783281622984,3828.8570423813508,2.4247190378118666,LCO,1167.788777045219
732,51.71417676135357,3.5816711674243575,1.9839907822523446,4602.351679179577,2093.014411057665,1.7797665187560896,NMC,822.9400416515026
752,43.1037346352463,3.017103018450851,0.6045582065375192,1148.762782802783,2897.5630703229226,1.7658140697318592,NMC,815.9996129097915
925,45.383296702012146,3.101998400006048,2.2050852897510005,1602.4178485764678,3411.183634252171,2.809553402289205,Sodium-ion,631.2759772592024
909,51.916566384635765,3.32323948891848,0.8963927728433363,2651.1707624535347,1540.7064210492895,2.6140962956449787,NMC,615.1255027509135
1277,35.8388189064982,3.034815301026343,2.2487960634166617,3255.9785950166797,1255.7502349895135,2.489098619858057,LCO,341.34957757665336
390,56.60360273628173,3.789219157560314,1.2050584826010347,4228.156977823761,4391.174373528012,2.1102961613089497,LFP,1116.5733693613836
883,41.3211546898456,3.532997946002028,1.9453671489489732,4950.700883601385,3008.473521517512,1.8929633464177762,Silicon-Anode,716.9662911203568
256,26.31819291341392,3.6851815034100275,1.138450595572377,2433.176285191289,4427.521315151289,2.9691761446692357,Sodium-ion,1389.9235592997857
709,47.835964726752096,3.218308982370412,2.311823342469295,999.1456717883567,1917.2483498156935,2.6958593625342004,LCO,841.0300291316129
450,51.73045401753018,3.36991503679577,0.7532742510367487,4164.9203138403645,3341.823629899113,1.9526688347044148,LCO,1069.1604239354676
10,32.670467082701066,3.829780593565906,0.8570395785451974,3338.399020147794,1468.154182510827,2.771347194417742,LCO,1567.9295851400925
824,54.28717027995012,4.206628404538,1.4860602503176046,1633.880007246447,1618.6806679682604,2.6383979229220222,Solid-State,705.1599999707483
798,56.24573019063065,3.0630209670027613,0.6638768780762923,2878.2795178099645,2596.4182729515333,1.9456208248169975,Solid-State,731.2669075218553
1266,31.076179495112356,4.112980401069082,0.8919603694035239,3917.7030312416423,1846.5106894814778,2.1398292813624593,LFP,306.4696742300193
1275,59.34085890860888,3.7211015016390103,2.3875327644240287,4035.729505688304,1253.7240989782795,1.77893016808654,LCO,225.20268548219786
877,25.628461121950338,3.7048994584445296,2.452979322295774,2898.3973303948005,1625.2347377583715,1.666578666567164,Solid-State,806.0950897128487
1029,28.0806267360996,3.6253481690097002,1.2525186586608439,2081.901026541208,739.4187384168721,2.584143049259545,Solid-State,635.3579406914484
1143,27.368993569521045,3.0867426073802293,2.346572042027871,4889.718844561672,3347.2521237621977,1.9012677860307998,Solid-State,497.6188788283781
1016,55.75958840031482,3.112346064670201,1.5896493513468635,3586.12296601727,2519.25496263486,2.7300890486193805,LFP,518.1350538591214
374,46.17170209299847,3.7511400070738574,1.039484931747534,2514.597581254455,967.5479589776498,2.9934130672716392,LFP,1183.409077392456
1089,26.084171328890914,3.426198214294448,1.9047974421611973,1977.9455416595401,1269.6065732011157,1.614929720894473,LCO,552.8823330178287
146,37.612936734733964,4.146585083222101,1.8178036131497144,3870.632528614961,999.8846986393116,2.2095526876255507,Sodium-ion,1488.0509486546648
224,44.61192100279208,3.5082381716993405,2.4782506382174665,1817.1704714938244,2989.111952275918,2.7030938389662045,LCO,1364.2647860544535
1263,23.33856339957533,3.1791018233783013,1.0300945748185666,1521.1819536894905,967.4204180887258,2.68342634481185,Solid-State,419.16560404401747
177,55.29665473629355,3.893398541877545,1.8441190053234708,3025.302333640695,3541.7010988373427,2.6399957374964527,Silicon-Anode,1333.491258245233
853,52.14414141766141,3.3666917768012623,0.6040475100588938,2017.9470491053958,679.9925853495256,2.0234924029528667,Solid-State,719.6718941529753
1306,40.20827094306553,3.6568378841948666,0.7272920773934388,3441.401608679183,1572.5655731839793,2.1807798835275785,NMC,240.99499244341155
63,58.685064610366815,3.872290981881463,0.5078367499021865,1295.3424344717805,4073.600035978438,2.3924525360122053,Silicon-Anode,1439.9509045087605
1241,36.71043917100398,4.125330139002588,2.4989213621193462,3550.7526391827505,3402.2721406767596,2.960910875359886,Silicon-Anode,370.75102881158284
827,59.36441276145991,3.990238993502095,2.1045473942949555,1989.8454175903494,884.5764984101821,1.9913209064077393,LCO,696.5528793053542
795,46.71679995214508,3.845451334840905,2.073446029467082,801.0203246249534,3802.391807492201,2.8847158315752868,Solid-State,797.3799124468131
689,45.38685093015766,3.849541477993929,1.5194521505763594,1333.1314422315409,2522.8369740067988,1.9040353772707412,Solid-State,899.3233635096117
1485,26.6381958118314,4.1824058050401085,1.1001341658108799,4721.184586907395,3902.4538059584343,2.9836116982105567,Sodium-ion,149.55409227557732
105,55.27711033218576,3.36978012187067,0.8025285689253518,4442.889484284503,2942.885120356534,2.5053955302413877,NMC,1437.3409579169193
1123,37.099587516824606,3.0013901177452342,1.0693494776929273,1781.1579345521948,3259.148824928149,2.1952672205378265,LCO,447.280123918044
511,26.489336231299173,3.3399431992477484,1.2519424438582782,4069.161999091063,4474.656085543262,2.4200856420954073,LFP,1117.9257234924721
385,20.50430079903036,3.27236422453343,2.012620193960588,3356.000691330692,1506.1086291036709,1.9087967535603103,LCO,1277.026163715386
405,42.3902273455353,3.8272932313924977,1.5793235778063048,4877.799788089452,3033.3877415694146,1.9112607862672,Silicon-Anode,1173.7690316855774
823,41.095984884907054,3.792139499706911,0.6549672531109654,2369.1437700430483,2395.2534212238534,1.6703318157652407,LCO,709.4756809962556
518,48.774144894766344,3.7418267283809046,0.5360580179178245,3662.1345725721194,753.8626163984966,1.6710754465580981,Sodium-ion,1044.2820799446727
476,55.610322120712084,3.020304304011817,0.7046643590681263,1066.8500341804581,656.4355018611736,2.021507612203367,LCO,1063.3769209651364
709,23.17626338572118,3.9109725680633094,1.3209974273947587,2464.238856628905,1064.9914534896488,2.6442832168445576,Sodium-ion,942.362815520458
771,49.259859613614495,3.404413015606864,2.3663858340980366,4848.034176990358,3131.457788100338,2.411956751397244,Silicon-Anode,835.3222186276419
1461,27.49647776390329,3.831319986258289,1.7748049624184432,3063.7196726905063,2811.9360428622294,1.6538768404965312,Sodium-ion,157.9407112865072
1047,54.327082126286555,3.6957230356276916,2.10365179975103,2009.0939140063472,2758.375288538537,2.7783547874638663,Solid-State,489.16449241018205
997,52.76254055446624,3.428413656784884,1.432749189009097,1305.1380451401487,724.2413738602144,2.4020514404850997,LFP,538.0731651289549
677,41.631750199421774,3.168220333880135,1.2233321663900856,3754.819028762428,2430.281685804028,2.9412833651771697,Silicon-Anode,898.5683089200375
714,48.40971194493246,3.1180236220756012,0.7168007454332455,3508.3953824048526,4206.028989585861,2.5052782011168113,Sodium-ion,830.1430318961128
1482,32.574004527349935,4.039397916390279,2.25186604437241,2370.5425971358536,2150.608290311522,1.7627622955562714,NMC,102.53371827547846
83,38.84671595731258,4.147996927601947,2.0663200580558057,4793.953677836504,3037.19763217498,2.2106750434617335,Silicon-Anode,1491.9494287648376
1169,52.865475908418865,3.8122350584553746,0.8362361951954502,893.2518145489713,3641.2928349302597,2.4727463963208063,NMC,367.09757897197267
1109,38.37060788692855,3.1292926435756043,1.524521127752521,2075.6401768536684,3657.3085886533618,1.5423970515749665,LFP,524.2318705038357
1102,34.31193061301767,3.502534021110301,1.4747496158424898,4668.491842458242,2625.1923213415585,1.522365396232212,Sodium-ion,561.8083593822522
457,39.768497890012,3.911174000131447,1.7501831053730572,2147.9288409416495,3946.0125870691118,1.694104500897852,Silicon-Anode,1161.3128558862184
1,53.12997009748874,3.974776105012585,2.3923737879825224,1859.4619021917156,2126.3745641186133,1.8774966525682062,Silicon-Anode,1511.09564386823
51,33.40832189483491,3.1477732778638607,1.6595428835249593,3043.7257217112387,4065.9035376607135,2.1443236852810132,LFP,1553.9714721550063
685,26.950463725429753,3.000038398556728,1.5804345335572372,4259.967349666259,1536.8859489426268,2.2311607106396827,Solid-State,965.7149306605472
717,48.48056081323123,3.890171307350756,0.6006458658693279,1233.2163956891163,1692.843987263227,1.7070414134068452,NMC,883.6917289684147
1470,53.03912850832327,3.445745219982757,0.6258149520360479,4760.686980512091,807.1704343761043,2.510087368673746,Silicon-Anode,57.70788466215957
449,24.025499140941335,3.318101664522825,0.8746935826535778,4139.306100960889,3702.769162514903,2.3942070925448022,LCO,1164.210316172799
881,29.594964510237787,3.016121837236907,0.5649415433834966,1561.2510733165182,2226.515421307552,1.9416961482617403,NMC,738.090713535223
488,25.678879590439756,3.6753742584518747,1.9867057911400248,3790.433437032283,1493.5547942544563,1.520489825152938,Sodium-ion,1174.2108816837265
34,33.91765646328666,4.0639384192824775,1.9466606079879263,2416.8266350777403,1503.9820827046606,1.6164718730299361,LFP,1603.5778810692555
1372,38.014039156216505,4.197039557840735,0.7721124688632859,2489.6376479205383,4115.459770794009,2.087542163266259,NMC,220.93842671284258
95,49.953053478532254,3.7071811882666115,2.172157801590562,4089.8183882432386,3852.274741798044,1.7309615267485259,LCO,1464.7731529248717
1096,46.04590339526696,3.643076659674868,0.809572069692224,4843.696193519076,2758.770452893015,2.0652294092219563,LCO,405.48708135526135
154,44.837142699137246,3.1063204818615513,1.1023511739947176,1331.9546659582145,3002.832121621312,2.4422739067655326,LFP,1425.2471600792685
250,34.09499786438617,3.68609100192825,0.99795379832273,2566.6469948910417,2449.869725146135,2.3208561418189255,LFP,1391.1371440766711
674,53.6579021233904,3.4749738487067434,1.2446141971460956,2819.954753954075,2127.4995172273548,1.8467638247060914,NMC,840.546809627575
438,38.85148669592658,3.758919101104471,1.0093275317799237,2380.50963121099,4170.359836751493,2.0157337368881287,Sodium-ion,1131.6855898038864
118,59.16419752060618,3.4859079348456836,1.4779018528769041,2325.394319608145,1089.889543729178,2.421046797672976,Solid-State,1361.1820060984883
771,45.36568553182947,3.3003739043129583,1.3148157627093708,1019.5284037587055,2231.9424798932887,2.791282542065173,LCO,829.7846477429496
1330,25.05058966258011,3.1187065940354706,2.473138981558653,3679.262206363018,1943.7914411527138,2.629820158108316,LFP,307.7937919241404
268,47.04710248301736,3.3936480557361195,0.6118527002564513,2632.1005519041905,2542.7878089794785,2.330100040250122,Solid-State,1312.3376720144834
1078,33.00416061726796,3.1208060428596904,0.7843627527747032,1618.1339711044925,2384.764310726183,2.043439497474729,Solid-State,567.5812835680125
236,47.4530878674439,3.2211211885299798,0.605651787817205,4227.340709668688,2623.6691734392175,2.047576916312708,Solid-State,1374.4893472587607
389,22.78564592649623,4.234170198224432,1.7516823899647516,4170.755142236838,1145.684011185277,2.8191259653965943,Sodium-ion,1262.0099719443742
990,26.995257487038376,3.5551294461332734,0.6090185548274392,2842.844837973354,2601.251855901781,1.5588653640608197,LFP,644.5332252073861
763,54.22949035623145,3.6648397081312707,2.1728794747522464,2053.4927768205944,1545.4333741601224,2.9819739666303917,LCO,766.908729789338
401,29.087182280940596,4.092023160921519,1.5238772613638556,3479.9894483451,1318.892261053946,2.4965631162773434,LFP,1270.7532777897948
624,53.4816450097176,4.24446112561336,1.5540152491630674,2010.2389702650928,852.8534532661458,2.5217065486085857,NMC,907.81910667611
767,31.171043538176416,3.728393061680852,1.6231890154243884,1791.2333073595905,3574.3449791489497,1.5569967559571132,LCO,826.9440988076925
1327,45.71527640234831,4.015592276305215,0.8416274126124215,3868.161546910572,2267.023491340584,2.4082939123369083,LFP,207.6199491827227
919,47.76602294039324,3.408676280420844,0.8953806062289751,969.3660068279929,3043.9103649158574,2.2271670901356706,LCO,601.9034736232963
1231,40.50619012580212,3.382179946809114,1.1376346457460094,1198.0275783452946,3437.614038888499,1.6586683603411005,NMC,378.58502693195817
1253,32.21242706786925,3.5033796512432005,1.6869928316437028,828.5103308990771,3249.3349947228585,1.9168830161540387,Silicon-Anode,354.13467982085274
853,28.505775054843845,3.8406340783420614,0.920235551880429,1442.3613831967898,2434.952804449761,2.835471684320477,LCO,760.2888770326069
578,21.32757418249705,3.8527396115688735,0.7326634542665225,1089.7580365839297,2112.8042629117463,2.3249826237989293,Silicon-Anode,1062.7905226904131
75,32.157856049628954,3.3940492933118134,2.4402337728368644,4982.369944675658,2066.2436475985887,2.1201248627608633,Solid-State,1560.9947223064887
435,46.126511621251325,3.166512405170786,0.5439636296192458,2013.0018738071763,3096.1903080272195,1.6090232337612165,Sodium-ion,1120.5075761708551
103,57.532192737939305,3.7904953205818854,2.1053948106720433,1426.9256532108384,2529.6979842733062,2.5711822911034585,NMC,1410.0429254552616
1446,54.84817929052208,3.1604073277359555,2.076070299150044,1812.1842835828554,3911.6157671551914,2.554276235094049,LCO,110.84038103318015
764,50.642591061412105,3.7231156352866623,1.094428227690192,4731.727400468566,4011.3377388741774,2.421065410458845,NMC,821.8800428008924
738,51.53789373013195,3.8667776600703863,0.7712532320146268,2984.672936702462,1265.185474225422,2.2653939693309737,Solid-State,778.0978832567473
806,46.59939613903981,3.8757643704930644,0.7912572934108468,2332.236004492999,1131.31124102833,2.150676603311059,Silicon-Anode,759.7922337224147
1330,30.41147430264012,3.941840138324496,1.894863234474385,4468.244123218721,3058.563611540398,2.3899066394819886,Sodium-ion,274.9325503239047
98,56.28780122823319,4.09107427695708,1.7856131821723473,2458.959136305936,1774.7804174428898,1.8500931775926102,NMC,1420.6425172405397
798,46.82929247623336,3.6249487399559857,2.0654913485027735,2207.0359938223223,672.4258031838856,2.9118885962664716,Silicon-Anode,766.4147897232339
1359,42.4176252392176,3.912811486911964,2.3749623447982096,1670.5865947088894,4065.706410515525,2.3831917937703446,Solid-State,228.51150111985663
859,24.439578768539242,3.7739659192072956,1.883854726533184,2386.7466604195283,1484.9129922508523,1.9667886665315648,Solid-State,811.5031819415339
435,37.88222175225702,3.233299924747103,0.8117030731028869,2130.0742952710893,4224.194541574656,2.174519776327736,Solid-State,1192.7953681417698
447,38.41433084807705,3.0321120560867603,0.9868852335308214,3644.6766290521923,3397.994358425189,2.7085271833153386,Silicon-Anode,1150.7070966211998
1332,54.582544380906796,3.355676732096167,2.184387461746229,2016.247359617054,3574.348610654789,1.742424091095446,LCO,175.99891487218224
249,41.86592880751154,3.553792132922024,0.9186121516684171,3224.238934974758,1385.6998335933256,1.9392534336903906,LFP,1323.8062945956958
166,35.216021958816384,3.7713824305358203,0.6450446339089628,1076.7470931342855,1513.3582599055703,2.519262034104833,NMC,1407.1432797492835
984,59.07201314042637,4.062449163129006,1.906560108084501,1603.4144581253604,2632.9442399138566,1.973233809723336,LFP,514.3639400002766
1359,24.428823733052628,3.245307145882707,1.305052710980284,2511.102140767665,1271.1894253344624,2.688752522792199,Solid-State,354.8364141152527
1020,36.901937132477784,3.1569372373730964,2.340080105091807,4735.186866416521,1791.1836014638259,1.6956802307660412,LFP,568.5921621177079
542,21.680987006856213,4.204349934342909,1.800510142187323,2384.458340005921,1853.7036639964374,2.6440292556819127,Silicon-Anode,1085.4415816614799
759,49.59616483067721,3.135055699220509,0.6808379555833215,3589.1113090393033,1222.55673968578,1.6025275722758494,Solid-State,813.1135372234105
1130,56.72306208796603,3.5981138376339867,2.3957131345073215,1871.3663341698723,1400.213050241127,1.5188889190012422,Solid-State,402.8486326658394
81,31.201493182019576,3.731954660991627,1.0171145272804918,1333.5410190875732,3675.352183832201,2.8473352782482433,Sodium-ion,1535.304196350691
133,54.33366707196483,3.6767180261342975,1.1744249808125715,1045.8537203362105,1252.0638327343468,2.372008825398448,Sodium-ion,1430.8914808724428
797,31.68872921847591,3.107540196291179,1.304520827367084,2082.736693879556,710.9838281912977,2.0277403456302174,Silicon-Anode,833.9732500150554
900,56.43080646575661,3.071283642504524,0.6024485928086265,1462.1763125470134,3054.4842762528597,1.8488919554457757,Silicon-Anode,605.0269508443866
138,50.158476143871354,3.1318542843262946,1.4930308444612097,1530.8438816677217,4406.334165630555,2.425328674891224,LFP,1406.7541974847202
184,52.19627107365754,3.7319846048407657,0.7466369821505845,3995.18909522519,1891.7338770301733,2.263503275305107,NMC,1344.6502528577275
1425,20.720262224018178,3.6804311095429014,1.3019406533767035,866.5198979684717,1062.757242465384,2.9873966632949776,LFP,269.9874416434337
1354,58.51241428296104,3.2921759900459304,1.2014195759841686,3142.8025280888246,2824.51056893337,2.9748239799806186,Silicon-Anode,148.2466521318274
785,49.066839682812926,3.7972176773069894,2.045680166853007,2393.7377984925524,4134.78142327302,2.4525368492124144,NMC,723.9038037073944
984,32.190043815445335,4.025084377569562,2.106341023265462,2927.5099996158983,3657.8409413310674,2.164305759158836,LFP,642.0318327698601
69,53.17578659435388,3.0519736998082423,0.806825764778176,3163.886996301332,3027.8118868095926,2.236711453701993,LCO,1422.371203594386
546,31.260847936597198,3.622662429435053,1.2331023747584524,2116.1443167205684,1828.7203367696375,2.523718599355293,LCO,1126.0623732974836
53,54.910153582645115,3.8616380151283627,1.2467063220636634,2039.4572127739982,2713.332675777258,1.652361816353072,NMC,1453.2176878232387
1474,24.50321561647748,3.315389908837109,0.8028208878721701,3880.287767206604,955.8548810865959,1.9925281107160773,Sodium-ion,169.94051840014683
205,48.14743909843183,3.384713631616436,2.096907010102381,4459.363350108861,3247.887154694613,1.6129083615054058,NMC,1358.865311973801
126,41.62793906579641,3.76704737873673,1.9144566566708465,1608.8428563258171,3427.8744737008383,1.6100411392753793,LFP,1456.2717897198336
43,23.861378807817633,4.1224191168046715,0.8807635725940695,1209.9987942476255,4363.623329348684,1.7937588628413506,Solid-State,1616.8037247320747
111,29.67575313035356,4.012405525378624,1.233443817187598,4570.742386846508,1615.5496991057794,2.2278798818898404,LCO,1523.3426696326078
761,20.49616145109259,3.7289127738744794,0.7116100497130284,2269.5609473190743,671.9800342677884,2.677161481744184,Solid-State,957.6707531655367
1207,38.75071861858024,3.9127771471965618,1.7564131941860879,3115.5330407838196,2727.8730112658873,2.228243836748809,LCO,399.6848525711115
848,32.05061043040001,3.4560280877597482,0.7427438490972393,2310.0812069840144,3356.4829671475763,2.003214915841305,LFP,816.7604052427386
95,43.934299371910356,3.8012069101234474,2.471868337249836,1328.3698126534155,3682.589155943653,1.6235294855051372,LCO,1445.597324810021
1398,31.88951230834469,3.582726988909446,2.0613641493757244,3275.192908780458,1355.5818387967613,2.3254432847746944,NMC,232.37601659800526
900,31.996764460279387,3.237420170571951,1.2804770991679901,3005.5915774324444,1620.8361892443922,1.9069028797247651,Solid-State,738.3940934603394
360,49.727727949264136,3.8771728423465714,1.6571278645587089,1652.5729486030282,2599.104608542456,2.4224012668757213,Silicon-Anode,1193.866370494862
900,21.92571343913414,3.6955807966860275,2.3226836324328177,2697.849987539567,1889.3431588830072,2.9657816086986273,Solid-State,809.2029455093527
281,56.11579980767949,3.4482769774419895,1.6081985607916522,4147.179516865713,3955.9947976910357,1.6669714822163253,LFP,1245.0170720244807
1219,54.09055497564726,4.139173987598289,0.8489969727959104,3279.7896330531435,2447.664599581009,1.81818809808291,Silicon-Anode,298.5001959335588
1219,46.71218732905626,3.0261676472834167,1.2574067111623186,1207.0527736813783,3718.3567119978115,2.209641807149062,Solid-State,370.00077061924156
667,43.728862804295375,3.3947164390618703,2.1862897300594906,3101.6902883623675,2864.4170658811795,2.9529207230188943,LFP,869.6294805936723
93,55.69209992558609,3.071101747222058,1.7884260319792358,3751.500857016265,3615.0515523067365,2.6577146644049936,Sodium-ion,1424.3102990696011
672,27.41320718114858,3.958159145277034,1.8014487686676006,4129.354304279155,1897.424647468263,2.847343789744245,NMC,964.9922290432694
61,23.158766487633144,3.877634317642241,2.2336429713769785,3442.2938302639204,3842.5248255282136,2.0005722727136894,LCO,1565.8559686417943
634,29.580406796381524,3.414190273420396,2.2879461149250093,1441.1642910712917,1670.832030648984,2.988057710667892,LCO,1016.6048480983884
1075,51.78313114800761,3.844578627758841,2.339585143558873,3782.727719678675,2729.785351212834,1.654249224096236,LCO,433.8114674743874
1427,21.386810669059333,3.494921532744937,0.6896983865063122,3644.835753542369,1434.6277413781095,1.5794593590691512,Sodium-ion,230.05593111466777
1029,43.31227340333959,3.945317239278043,1.5882520039262018,902.5929083506595,2454.553434342154,2.7834039405810422,NMC,555.0798370197159
1490,59.817500647652395,3.5677295784208827,1.9810190424366372,2529.3402038790214,1840.8833170839423,2.8908973053104794,Solid-State,67.06628644629339
604,54.227843753501574,3.5153496597895817,2.0138536902540274,2198.3910372419678,1640.1433794851355,1.6358780363191525,Solid-State,941.3247141139723
682,40.857827561743576,4.168412394360376,1.7134324039400077,3611.530669865302,4371.241570309347,1.6701411401187622,NMC,927.9725296062309
534,22.545636371465694,3.3135988748633753,0.8335746703673483,1707.770411705867,1224.2890113982494,1.5497612366336608,Silicon-Anode,1137.3323394460654
1429,53.25494057542839,3.1505591749957067,2.0948411078833287,3281.6620764918857,3670.5707660838416,1.656761343964086,NMC,111.06667660251499
838,43.95914032708842,3.730678891574323,1.9402226670298914,4635.465039619524,4438.243341984538,1.8141297252004214,LCO,701.4256034848099
645,24.597319882382674,4.211652265355223,0.6722715430980726,4150.769963276152,677.6157865863036,2.9551149283650013,Solid-State,983.2461989478606
233,23.75429139293425,3.472299017158983,1.4276196493487525,4670.122492109427,3326.2069147641705,2.5017903333595206,NMC,1424.6454694637428
524,56.3850727774637,3.077545954535977,0.8479547990436072,4909.725061117298,1586.3560416695198,2.667829538277813,Solid-State,999.3922870425798
346,46.76801051752314,3.4241315841369593,1.1749540914259438,844.8145334258836,757.9025148803873,2.6642091055372834,NMC,1239.9094852219398
1070,53.17147197267022,3.632414567899448,0.5361621844113709,3415.513360785406,2171.26935793086,2.302610624668822,LFP,491.9605250617836
546,55.15915601129069,3.2024037582902674,1.3006597368215165,2533.9254705874073,4247.349459666413,2.6962334665695256,LCO,971.248101093911
1102,42.87089408193289,3.8226277725706153,1.599753842312421,4411.388859407511,645.883868031291,2.3937112985849547,NMC,447.5736005737367
1097,40.69785407020165,4.2471867362627505,1.7391651856541737,1857.621748438353,2892.7541985261487,1.9718191464050365,Sodium-ion,498.9769724593752
794,37.21709641283961,3.5646743449768046,1.8269806902574202,4920.32385428332,2555.4462665217648,2.341665163152601,NMC,781.6828781952628
249,32.67786351164477,3.4434106959127657,2.17258262620492,3377.5734720837386,4006.198241047085,2.30026287920177,LFP,1357.3269478801492
47,37.38383843434847,3.5008802085430832,0.9309258145514601,4132.85708936109,927.6066866304401,2.735179580638981,Sodium-ion,1524.979252807227
1145,50.955186229206255,3.1439327229940015,0.7409636448769359,1159.518121855627,3257.9515165579364,2.9725908260724885,Sodium-ion,393.7167295346762
214,44.07693724060526,4.10409200178278,2.2030743437958513,1570.5231159872333,3252.4278238897814,2.1165638481313955,NMC,1388.947059389343
239,55.70093159819385,3.51853206940169,0.8132256297852998,3985.2954267436535,3209.4120657629046,2.6450860176620394,LFP,1294.0702518516364
1080,37.73520057516751,3.4840930142810516,2.449520162672391,892.3433925651591,4275.104530246645,1.6496445060572003,Sodium-ion,503.9787303886376
350,44.28358314875016,3.824612841163093,2.185076458797274,4230.887540753887,3810.041363126834,2.6652470541724327,LCO,1177.2252941538684
107,45.25230212367955,3.5525417761639044,1.5017532117791983,858.585878506028,763.6936323496734,2.0571253679898485,Silicon-Anode,1469.793906123528
831,43.66788649225302,3.8102918360098075,2.4628428498440504,3559.8991240573478,2437.2231177476015,1.55908524433453,LCO,717.3183388827722
48,48.10535092342065,3.0768078626634843,0.6947534582160084,2333.394464973585,2152.0169191852005,2.044869267843266,Solid-State,1525.0165367852699
337,29.49733873499225,4.017154179652785,1.1061315223502033,3368.2783814206364,1809.574162254128,2.415964126382467,Solid-State,1298.655179662115
1050,40.494551101831625,4.1756299410992535,1.776448830081223,3723.3319093542777,2360.2132281009794,1.6788752515221999,LFP,564.9762260826594
804,24.168992112333907,3.8109567326992324,1.2000137369463575,2238.3959205824776,2098.3573212113124,2.886051738645382,Sodium-ion,841.3931217499505
1281,35.3804531057925,4.193207411073513,2.3567451039615834,1253.4422820655093,2286.1022095267945,1.6165086199092578,LCO,318.50502871375375
8,39.50668274485058,3.1892903929624543,0.6312521763556351,1092.5126445427156,4419.121275873706,2.895010079749749,LCO,1588.616947706984
625,46.088970381818896,3.596770236850442,1.5988236641219291,3273.531294762701,945.6686015233649,2.5607062769035296,Silicon-Anode,987.3176230293041
1277,58.02124210344814,3.752258417431809,1.681732534790229,2986.7524856832683,4196.700392371046,1.9945682631213053,LFP,269.1262048451713
719,44.026042661934234,3.7271708092764833,1.8054562475544482,3917.2442383087564,2472.9231825370043,2.08612552156364,Sodium-ion,848.6806766935478
303,49.74375664706239,3.501827223861304,1.0113324466636289,2940.889142016536,3032.5947574482107,2.611214047099116,LFP,1254.1049231771326
639,40.25064237980811,3.4226055117078267,1.229132855039729,2574.2723181296924,3837.713569809006,2.402206651321811,NMC,936.8759439726567
56,45.364161255053254,3.1585300281880233,2.1873610593299553,2471.9661485921697,2005.8058136820966,2.507464382182418,LCO,1481.2934623917945
726,22.837288645350938,3.489678063202848,0.8898855379403197,911.0769909102033,2278.645441543071,2.08374692477022,LFP,924.8320757419382
526,30.17566323367388,3.2033260188818566,2.1537356943467243,2209.34024712596,2197.1220730869845,2.2317202227113984,LFP,1089.9936229725058
474,34.47412372820555,3.917957095615273,1.6253108458054848,4899.2846616028755,2061.4509878894632,2.98480122605684,Silicon-Anode,1148.437714682075
28,38.89973420026054,3.2610386693682374,2.0243750223881642,4468.933420153773,4209.56435442289,1.8208843057495765,NMC,1539.6211917522332
78,21.82594982009535,3.073206631605667,1.927214732526943,2183.3878815437142,3832.826575652747,2.1267842797831973,Solid-State,1630.5264647541198
1240,25.60096390213271,3.6904576722715428,0.915022990769758,3268.740701278763,1025.0999604656067,1.937734781360951,LCO,418.8973039819399
1410,31.07257231165223,3.744037165899252,1.6376254728677457,4358.646331249074,1021.6810746606745,2.647667265659775,Silicon-Anode,210.2222539875828
365,58.86130763604203,4.089891326600632,2.2354463056101848,2653.3522143502887,2268.6911079266656,2.646018938498581,LFP,1155.5627347424586
666,33.25388028412203,3.7212270155221026,1.3642324736038587,875.423027750634,984.7637692579553,1.938668191496094,LCO,929.552446123148
526,39.2816423244833,3.431851067154307,2.4331815404466335,1112.9439396382884,3014.4630715573667,1.6220854749494744,Solid-State,1086.1255409857608
699,27.843908509535716,4.003764851907901,1.4044302002034361,2943.649429664568,1160.3972683207621,1.517149015008306,LFP,972.8266775420719
1336,44.43120284303073,3.6753486164842766,0.7855712733357694,4871.6453778386895,2637.255729470524,2.141175799863728,NMC,218.69627707148172
883,31.22732862063897,3.09910035578899,1.2788693601553465,3711.4800773192446,628.1577933144993,2.115506391503656,LCO,696.2558832944759
1031,28.27970313753707,3.7073132003915585,2.4034048127810745,1097.848004041992,1834.7257588093223,2.9825848179597942,Silicon-Anode,617.4616438212703
1027,40.66290513783916,4.135023181777078,1.1394416986797085,1595.3156783258237,3241.0438223233564,2.204703113546519,NMC,568.4575288047383
919,20.220231966416833,3.495390781872776,2.236196319734126,4039.55720151077,2487.7518668886087,1.884627554363131,Solid-State,734.6141020983032
750,20.306561305969012,3.37040725237475,2.2625013633637794,4334.046991816228,4415.250995396053,2.836844161547201,Solid-State,912.938970503271
363,28.76275236407431,3.1793368212725253,1.2003730486639221,3394.3172619920815,4009.004804658222,2.2366019244803677,LCO,1242.9713836924493
1298,21.468854500032847,3.1893069024191965,0.6665153161012642,3506.57731244523,2000.3760382682897,2.398763452815867,Solid-State,360.5112752740124
806,24.321030165227654,3.5409643554272736,1.9491158183176365,919.0172916102155,777.397511741871,1.643503065642319,Sodium-ion,834.6238104880597
739,33.55442597355007,3.744599780201912,1.123024598027972,4279.8270902423355,3897.9425704485734,2.074374610994661,Silicon-Anode,864.1186134987811
1039,52.103427183192515,3.1007692564620024,2.065847228515145,4110.755874317485,4153.813810227219,2.91633551171068,LCO,478.81644989051847
1216,42.88194573477203,4.174460736281457,1.3853096965208662,1887.947605234058,3800.4468343342432,2.384258076263138,Sodium-ion,339.5181215734137
485,40.50670903825666,3.943917021806495,1.4705334846852431,3776.442223855129,1099.004769587083,2.0167527827136924,Solid-State,1109.753555248989
28,31.739552928324866,3.7332798978545783,2.0558188134970736,1702.389346984992,4491.869024207923,2.43850077094739,LCO,1591.7340766581895
714,57.270148777312656,4.035548338673738,1.2647266621232558,969.3866764163546,1608.4784640558178,2.865616634367174,Sodium-ion,795.0119914816282
1063,35.880601649487666,3.1002334460151415,1.386254690645829,1644.7734788795847,3424.3991599526435,1.910985900708885,Solid-State,584.9442689855819
1297,23.48371067183086,3.5960485971664053,1.2523809375392443,1550.241282368058,4141.336017709315,2.2576750777060117,LFP,377.76735017319623
1255,44.68266064471205,3.787616408577079,1.23468103055456,2218.5415862863583,1519.1797458897668,2.938035980867633,LFP,282.4982109996844
86,24.553535739064056,4.035816132647861,1.5518931538029188,2557.487888136924,4142.208363240557,1.758594214947679,NMC,1578.87905117909
1498,33.80892571206768,3.9793369500615845,2.117598889002301,2935.8633442903733,1806.9781588599812,2.5794958883950674,LFP,137.90289671636884
126,40.29647754871235,3.3463365621417496,1.2235366238451317,2802.366277134978,4408.011567297819,2.4217215123044733,Sodium-ion,1447.9457156020458
812,54.96890098740703,4.176100211949006,1.5485094410754734,1936.8333450542152,1696.9140794838509,2.5195126967109522,Silicon-Anode,674.744456367793
537,39.741863213604745,3.155432301788588,1.8414546508852017,922.5168080111127,4318.3997165555575,2.0268294460013543,LFP,1060.2342161308595
145,48.09035064126657,4.09391702327644,1.03887889260731,3341.426813396033,808.8241384814321,1.9708190602256475,LCO,1404.9458811478776
1236,59.712673559962816,4.2136753120057735,1.0550456098047851,2462.128285358888,3366.160845512271,2.5263145058825556,LCO,239.6081498468189
25,25.259564795919264,3.221441904028282,2.3668262540469094,2054.423061027709,2675.2334219643144,1.823314927656818,LCO,1580.1812604098245
1418,30.98926102078078,3.9025825802547316,1.9470691466621772,4441.152379888152,2463.7206007786494,2.1294821172885077,LFP,211.8541172555409
67,35.783043023905854,3.050356898472498,1.6543733524466178,3936.321892752271,1471.6278255977759,1.782261969079377,LFP,1540.040898103106
233,36.873127141553255,3.5067785314239437,1.795440108841224,4402.615303164257,3351.8235801283186,1.5124572616849945,NMC,1359.0758573007272
109,36.44084301062183,3.645354123997093,0.5585988862068367,2878.9277377923363,1344.1570166405977,2.955086040057104,Silicon-Anode,1487.1513595888487
1170,56.3044401022622,3.7258065323870424,1.7362059311233937,1349.9112589324654,2756.0830043405963,2.1475544679846283,Silicon-Anode,321.21283024544323
111,48.56130577867425,4.1699215603107,1.5190177464484038,3724.130031709344,1587.6569158569782,2.9540244216297378,Solid-State,1446.3842615636502
228,44.31620856362815,3.8403133591177436,1.5914993595588713,1665.509875736136,4326.923381147289,1.7104852796517391,NMC,1358.0682915108462
111,32.374908714511285,3.6015974390240464,1.2188476536616342,2653.16461018521,711.661655959046,2.381050169186229,Sodium-ion,1496.7511131331728
1494,52.95161536885179,4.012093795332362,0.6629477954258838,1073.0033135853316,1378.9402924338226,1.8014610491868595,LCO,0.0
34,58.202420459399555,4.188166026193011,0.8866784672241044,4266.295290176526,1545.0113649110463,2.6851111904449123,LFP,1477.3730112193125
623,52.84793130200906,3.0275826858528636,2.4014894264253437,1328.9506923995025,2214.864520494484,2.675554483141463,Solid-State,901.3543132042923
1393,20.062604207658914,4.228151590320048,1.317399124541868,4593.009529607101,1507.6479432932088,1.6689107235589677,Solid-State,295.9279905809076
748,45.45605480733628,3.1076651738296004,1.4333663116617283,4429.76852949854,2516.2614520482625,2.8680966793145837,LFP,834.1467158551656
595,22.045415257684027,4.017983474085952,0.605419579706878,2751.2476106448335,4002.615540708302,1.7919444708048369,NMC,1025.3489733421131
425,30.304288813348876,3.350418440689266,0.5751324590879612,3926.346458076761,3377.047343495766,2.4194660123840404,Solid-State,1235.2581690111592
613,22.380988013910866,3.1652245721923395,1.9343628940935154,3401.6693100362436,2861.8517240869332,2.978450430131556,Silicon-Anode,1013.6713904123927
692,44.15181811797551,3.5498195496422937,1.5761893282422226,4172.917697818528,947.1123941324506,2.823594802149546,NMC,920.3722847901568
1306,47.46359653970427,3.804945724309517,1.5174119684325333,2613.5814233008305,3306.569222718175,2.9348458928417536,LFP,258.9262072286675
1344,24.579505522636204,3.476189806279344,0.9862490608453374,4100.395633826271,1249.0157088126655,2.013898156827179,NMC,276.52214044597616
1467,35.35355532179918,3.0682067603533736,1.9895014632598444,2742.3186316736214,3666.832805250622,1.658363463329195,Silicon-Anode,107.03612694548625
315,38.24946035822168,3.749326424573396,0.8364731582169838,4752.056308939735,1575.2213581895976,1.782520309934175,LCO,1283.204540861797
877,34.76212087043666,4.128004095138343,0.8798694873220401,2842.76282346562,2226.490040451514,2.2507423426149207,LFP,730.1690192707939
1401,24.841000019407723,3.4790192074340647,1.421424342696551,2743.000942121664,1966.8337890399189,2.689844517409983,Silicon-Anode,241.2196521819156
1313,36.75791160749902,3.270415972038534,1.0725597242238818,4097.301818566753,3949.3742672319413,1.725230466275813,LFP,336.28785938742993
1461,50.04712191233672,3.5532216824160194,0.9949259624662927,4250.626305395519,1093.5233889822916,2.4895972983911356,Silicon-Anode,65.33041074492624
662,22.840306581330218,3.060453388810976,1.7904752891066633,3128.854280148917,2806.0150413006754,1.9853664060592677,Silicon-Anode,992.1378451170717
277,23.20720056327614,4.025609480600344,1.801943490437089,1555.1508166793167,1154.0402768279428,2.0118031085882304,Solid-State,1428.1673099312218
624,34.19085167343937,4.032926013687733,2.1490341395998582,2764.584570021834,3348.703760915528,2.4928765952368894,Solid-State,1008.4994301929025
516,57.669028464757005,3.7350005792870355,1.3354171339459517,4865.90451222065,4129.804698398477,2.20049912929983,Solid-State,975.6588177570219
1374,46.742905868916566,3.4413786111729867,0.6461701820523005,3962.5420107645778,2294.9698500822883,2.7180499395389908,LCO,194.16310181763717
843,47.14679826690259,3.9997292055572293,1.0473327698429153,4206.882936292355,2503.559815033406,1.7338777644942405,LCO,681.8377354878036
1470,34.4767996335146,3.693358780985459,2.460010926393634,937.8670950408085,4216.9490622827725,2.6849224046505578,Silicon-Anode,171.26298968426573
350,43.74643164834154,4.0324153856875204,1.6925171504654042,2765.0097430634714,2631.866415732493,1.5963528720861313,Sodium-ion,1200.4425832816844
823,20.405247361109737,3.789323490728776,1.9194741696020405,3515.8087613617326,2501.6339083932876,1.7910808203684074,LFP,925.6167482492027
1161,45.44384185638169,3.9805068415159965,0.5147156592508291,4286.137271237914,2855.483500546786,2.484224571754748,Solid-State,456.40903228266524
759,56.53147790304947,3.7482037415222,1.5364114643650417,1006.9493450476402,3287.9959718155123,2.782388484766607,LFP,750.9587741471026
899,44.50293873379277,3.5176763352695826,0.5750573150636062,4380.243319695866,1016.8451628394224,1.8790194416090236,Silicon-Anode,667.4885901898691
243,54.947943738653805,4.1974323249076715,1.638460424182896,3103.283934316029,3802.3310581919127,1.9907874087433695,NMC,1306.0493320862213
543,48.95892221864375,3.676392281098556,2.3415416992721507,1628.7186764194516,2298.469607067711,2.30568112243011,Silicon-Anode,1024.7558229810927
1064,24.82233665614761,3.756361898175673,2.4368382610008155,2132.47190908874,882.1591886001936,1.8173592097339535,LCO,590.2690598748145
229,56.09813229143367,3.2756095492684367,1.5811053507778483,1984.1041173565552,3666.112409873031,2.7167343923812584,Sodium-ion,1323.9114467584182
548,22.657753774230997,3.7820634867840957,1.416409610504432,3029.607944011598,2070.104889576461,2.6604549675086413,NMC,1108.2947612372168
920,41.35869890191055,3.7145095618536796,2.390034188496988,1017.0798556267537,991.4332308707103,1.7179375679486724,LFP,661.397262677957
1247,25.685484951738307,3.231047997433781,1.8472196639933902,1465.851865699679,3071.738254218677,2.195744597724948,LCO,384.08646049493154
6,20.468264429236164,3.0744838716914296,0.6297985590768189,4213.310782178286,4032.5122783912025,2.662241649981932,Solid-State,1696.0862730823585
1346,36.88137040510556,3.755449149643464,1.4314511553349951,1356.9367611366065,4062.238686714547,2.005994296655122,NMC,265.6040443871439
468,31.80162830616625,3.9546153366879007,0.9804900369286078,1780.2643317241332,4334.887551754995,2.4496602340765974,LCO,1154.5755784175913
75,39.44001975190412,3.6542517136525103,1.4396086428973631,2704.1565435374605,3984.051293090083,1.575319682186359,LFP,1543.120777223813
4,43.08799546938204,3.283465781649557,1.4109311440127235,2971.9077300759877,608.3495854473533,2.413033140793977,Silicon-Anode,1516.3717079261255
646,21.749562892357893,3.8331524708662936,1.664289605629484,4007.164014379466,2082.9405490122217,1.7289794700009105,LFP,1030.7534690274472
118,24.920131804949825,3.100132158262003,1.2135409806985025,2678.796191997989,3792.3160616314617,2.745874987671677,NMC,1537.7836950020435
881,42.34569585801701,3.552292131002443,0.8285408989118561,4117.431408349263,2028.3867233940493,2.0331741953707176,NMC,741.3374186004496
504,33.72669412690633,3.2042084479980253,1.5074388691799125,3397.054489590921,2946.039174880854,1.9223307940922936,Silicon-Anode,1066.8785239357828
947,49.16693950197792,3.2305738138248543,2.160405768691524,1275.0189055800543,2964.636094760675,2.7613334650672274,NMC,645.2619078015072
574,46.09166594367758,3.2528674364477546,1.8280244561352046,1456.5920412499222,2023.59868575141,1.5752160346077153,Sodium-ion,989.5185644484063
1465,53.82417451959627,3.4833838213049724,1.1767357318504317,2635.541646889037,4127.448316397022,2.094913199001517,Solid-State,94.42804018811604
194,47.69971306676901,3.063937757025497,2.3710460455177147,2466.935450973966,2562.5905470058588,2.055005310862547,LCO,1399.5991174231585
847,37.19724309560593,3.4972418011613726,2.3244151424983643,3922.885932476637,2412.6584031562534,1.9272005613743262,Silicon-Anode,762.2300593177156
715,46.9186648957773,3.639634308893376,0.9186967987681975,3239.0959871488776,4490.3036080813945,2.8676314980022157,LFP,863.3345476534549
1416,31.01524697021674,3.6041178562079064,0.578835170240726,2430.158940209447,2524.6514198832047,2.626392590275083,LFP,221.99629176419103
1050,32.25253995112851,3.4784801255038005,1.9826174167015245,1517.1931904916196,1295.753182521466,1.5958847462879082,Solid-State,571.4028868206266
1459,51.55940639683173,4.0489332600884405,2.1552205226983068,1752.7158297670796,2600.970749167408,2.572031174152431,NMC,84.05014629991325
173,37.856780656063286,3.1816583655256303,2.4357291319027103,3217.1042775700475,3774.665268527727,2.2909486996931907,NMC,1407.6850582226782
1324,51.9352136207341,3.6321209297267174,2.2796727881766214,2578.4429805791283,3629.7552749032975,2.8513018416023685,LFP,223.14497303142653
326,52.89689494673114,3.077551771195693,1.7010695364128297,2962.6955372148227,3675.468883923037,1.9694184260225378,Solid-State,1166.5141527866979
1434,54.30249350645135,3.0889445985973873,1.5601046784247616,1516.8452282693816,3361.292757591856,2.361242999414374,LFP,115.51601516338332
1142,56.66540943364829,3.7173323120963704,0.5556821025251726,3584.206259847176,1591.449533360084,2.251132912111479,NMC,378.29493092081617
836,37.23940882053185,3.707523031109776,0.9933128936895557,4380.662711595061,3962.1279347769027,2.2343413593414088,Silicon-Anode,750.6372713012034
724,32.75467273284555,4.097541891055571,1.4192295034658529,1883.3459285049826,4084.4295149674335,2.1841580992758187,LCO,892.9752611671213
225,43.28794986376455,3.6973420945750917,1.7570078001671356,2864.3597484936718,1357.1955168123413,1.808444213298422,NMC,1316.0091024708058
532,34.84689693750511,4.199738775506063,1.6145036666368213,4897.2147818877875,1108.7769825504363,2.633564883738589,Silicon-Anode,1120.8441621655115
113,44.042966672009314,3.0608685604999124,1.985271979363381,2199.6153103130564,4404.859377497537,2.177004049108933,LCO,1450.7589467747728
140,48.223434505752984,3.1225096059759263,1.0595338617740817,3299.194648679797,3986.4634582364347,2.9377744125039085,Sodium-ion,1409.4601511526832
559,47.536200739685476,3.0550823269629768,1.6299052153049465,1178.8219408410264,4083.620974118792,1.8912126407891645,Solid-State,989.220291787935
1,34.98211548080485,3.231596062916925,0.6762844867815843,3345.2630104136615,4056.8679000351412,2.5241157594405617,Silicon-Anode,1603.670197638012
90,26.67440806795011,3.6765876386770975,1.327331047166414,1176.4534478793953,2712.578613731541,2.9110756194586624,Sodium-ion,1583.9763649850315
654,37.2211735384883,3.806965226784285,2.000321665909202,4828.788828360053,3120.9667729966186,2.4951874845241386,NMC,973.0132110818477
320,25.70376576327635,3.056981447435836,1.886801706858088,3805.7831387037077,2726.9151233212024,2.806909361426092,Solid-State,1361.0458807254086
139,55.60388140735233,4.182463612306999,2.481285474344358,4110.271110169967,799.7047618422833,2.7412214396355092,Silicon-Anode,1396.2444481622724
845,33.8350984295143,4.052706720812976,1.055782251975512,3757.2383152408747,3507.4620328758133,2.0401765732335058,NMC,760.6960430928776
259,26.17838988893295,3.370765602696366,1.4963785983479583,3276.8619515211562,2570.794930009933,2.400185909909245,Solid-State,1362.5323612683508
902,21.017910396230036,3.096484412783085,1.1590608275479934,2689.6336805591227,3126.065391681896,1.7343920097170333,Solid-State,771.402389118414
690,45.83289545145937,3.212358841523822,1.3812062281183495,4405.168194996462,2560.295239404588,2.303288824043399,NMC,870.7716315808207
10,45.47609269818973,3.158680517193716,2.213900259738776,4818.709803680865,2518.064157057578,1.8456329577215058,NMC,1584.315490199022
261,33.62416666325167,3.1541047241236835,1.8684181503769732,2895.9519261971413,1269.9775269632905,2.6156052224286683,Silicon-Anode,1356.2380944084887
172,22.86847555390604,3.6482021108321674,2.2648823826951636,4712.4472064521,1686.983489050481,2.2920876328381867,Solid-State,1539.3338859819646
898,36.38515579580928,3.3073093031167504,0.9070222166637729,3249.9982219517733,1219.5254985814277,2.116841043947491,Silicon-Anode,730.3965903177173
13,32.44869980253574,3.4476746456614307,2.246722235682876,3061.2135849650194,1363.0985529388354,1.9031956442504663,Solid-State,1608.2928105522544
1192,47.084825589400374,4.236881666730403,0.6195245483567688,2708.827478412498,4394.6117836391895,2.99804772276193,Silicon-Anode,318.7824677269018
321,44.231169978107616,3.855392811156681,2.2771985608743046,1679.0085984265033,1197.1424385115738,1.607565781327399,NMC,1286.7147009361065
1343,34.5837491279016,4.186225833808752,1.1581475589214558,815.6225754358486,1650.15465479031,1.56534102085863,NMC,302.64963406916223
329,28.715702170199606,3.1781956937913947,1.129175266828133,1814.3261527954573,2903.2996651804815,1.8258861007407967,LFP,1277.9819015466458
785,59.52143864622367,3.477674343540712,1.5241771533973278,2940.8373207349737,2979.696447322903,2.9566086879417295,Silicon-Anode,758.6452459107929
777,38.160064847844595,3.693414754102943,2.3813803754464633,2395.8317994909607,1200.4991060009334,2.968857252479977,LFP,835.9126698734347
911,47.530969431209485,3.0959475773609224,0.5955627293628107,2683.637957611062,3695.497960562328,2.482391602158204,LFP,658.8932597283034
1443,25.622118703134433,3.005234304534947,1.2044619501414906,4918.722522169008,3662.2911848600174,2.820160000809607,Sodium-ion,240.88110654364544
1119,39.423587986375914,3.8380429172461468,2.2131439773666717,2271.143956811176,1525.5390463951753,1.8209425962611931,Solid-State,519.4227773852617
318,21.10146879477862,3.802274396001794,1.2921089548709335,2699.1683453124533,1725.7985804342957,2.9580631412649354,LCO,1356.3773986207657
236,40.218204716418,3.5134860124995146,0.898313795194134,1360.7653156818421,4258.152675292038,1.714177275209347,Sodium-ion,1360.9576077796278
334,58.560696284708094,3.6120550950400405,1.3495883626628236,1001.4224762353481,3820.1186393199646,1.6516877822724874,Solid-State,1209.6670721244266
376,35.36826851943201,3.519303750740112,1.2711050029833386,4056.7199612884774,3321.408428943843,1.6683173088709093,LCO,1215.0254900752086
1483,21.559840502996465,3.030006306056111,2.3308324029334067,3196.8693353023104,920.709563891342,2.3596918849088473,LFP,185.38310174470612
1161,21.23823163677374,3.419214507771828,2.0238687514861944,3994.960185384359,2231.2299155200453,2.6714616010770786,LCO,473.9891445880414
588,35.519470397874784,3.2213528192466123,1.5102311114880127,1429.4237553235168,2781.277301099625,2.0500007668119498,NMC,1011.5961240150278
513,26.400997458527762,3.123030236376711,2.4767411334431424,3201.680838967302,1330.90402313673,2.96684398167919,NMC,1122.2301631991656
1320,20.934083853127436,4.195900542361687,1.4305550625518466,1865.2983922337773,2348.083670222076,2.151630207177494,Silicon-Anode,324.38103034694865
1344,50.24854455800707,3.7491996563027072,0.6164756616405505,1757.8596309800837,2944.0009222058907,1.7256728261598244,Solid-State,220.9244843341833
918,38.34092035527563,3.9108203552957534,1.0245486436299698,848.4092590225381,1876.769052450057,2.198950122279205,Sodium-ion,666.5367973113831
1373,31.569790878906183,3.394204679082647,1.3721409604386252,1347.431038990102,3645.6847939069,2.51855574813366,LFP,269.27670449317463
873,56.00332732065923,3.491433911867519,0.8138052482922402,2098.9260682987206,3877.753368391341,2.748338670756568,Solid-State,624.928675385019
1253,24.645558408021024,3.296154992370904,2.395130252648086,1290.8907944819439,1862.076930792876,2.1881524349348895,LFP,401.5838965152334
270,58.23675315821277,3.121207088706781,2.033697795635546,4940.605449725937,3870.762902520583,2.390410239073751,NMC,1250.3417783715863
798,32.55866869509411,3.2237895468019797,1.0365744008555453,2096.257123800593,1003.9486078017586,1.90101706823828,Sodium-ion,809.9995942237015
1315,55.53614689234725,3.9968925566206073,1.6816090670358317,1347.3605761497784,3867.1434846283596,2.468874789608271,Sodium-ion,204.54559493538022
725,44.117715059178465,3.84693225647972,1.942898314219144,1636.1457138774226,1195.7266835037049,2.9789579159255153,NMC,808.8979894950397
1189,53.0682943896595,3.6836610949818462,2.382557857813596,3268.353559034201,923.4158947879316,1.5735803588816908,LCO,350.1387500580993
5,59.360526528418575,3.59386234108346,2.263270698350821,1068.9828002321117,3102.924077319944,2.8297960060577516,Sodium-ion,1519.7480434505026
851,31.53621751274983,4.153042854570156,1.5303844522764274,4422.223346592858,2440.555726445648,2.343423754151284,LCO,777.6935623040948
1403,58.44541941630372,3.0909186847233356,2.049305239586035,4838.298652796018,4140.773341610047,1.8781479893434498,LFP,145.1864988208397
78,35.579275796096816,3.350751016547395,1.62428950765517,1836.3391668029997,2016.437864754312,2.932334565013887,Sodium-ion,1530.7211369601753
1434,35.420476189476894,3.4374223169633926,1.6054077800910802,2690.400128081609,1719.8938274067518,2.2250314545883483,Silicon-Anode,180.28512475836584
574,33.615484170180224,3.978032265265985,0.7294839166763838,892.9646943238877,2552.8661339623736,1.9975353775100784,NMC,1045.4403317807003
132,41.6563042939034,4.240643275202464,0.7522753160323041,3490.98294385433,2378.190124497779,1.7722464424062618,LCO,1461.0635508141986
601,26.165801727139485,3.300838143446441,1.5590672300449149,2538.489443820873,1943.2693802470342,1.866678315384993,Silicon-Anode,998.9060521881388
1066,42.14845941432045,4.09288416767135,1.0377230899580132,1934.245557626534,3305.5910649234816,2.749273562387164,LFP,499.0666381432679
89,41.66819249640016,4.038278450539739,0.5420738049209373,1668.7158645897557,3562.2911522642426,2.4216150139757486,LFP,1539.9997214402267
402,50.4760725041948,3.280821747052208,1.9456784078004246,3546.896926166794,3926.637479217533,2.869868429232474,Sodium-ion,1080.5848144308156
296,53.34599847750342,3.4991657252490285,0.5649731933803299,2548.111530335721,4394.140758370337,1.8479526782366786,Sodium-ion,1233.1115578443528
1319,37.61765401249696,3.5120910866156487,1.690553682208109,1554.5690139256303,1639.9591493167675,1.6817078607733522,Silicon-Anode,303.8362579402139
616,32.09332997405975,4.222775835658198,1.5783875882546288,3694.258142244661,3392.76458171085,1.509131296463385,Solid-State,1015.7951634652169
800,30.373395892683778,3.226114876723623,2.4376293811556087,3173.303588754113,2137.6071184334064,2.2617930564239908,Solid-State,830.8811396429974
422,27.784953468194878,3.9989474638809774,1.4684262786952833,4406.422630703884,3240.6196906093214,2.997460395572982,Sodium-ion,1216.095728047603
1047,22.305903287960994,3.4177408927163873,0.6272028727555947,1293.3987752812702,2456.3285923619596,2.5424479032279583,Solid-State,617.4483823480948
575,33.69791915338853,3.9135879322202003,1.6033759356129234,4099.799728166716,4475.715100794933,1.962591887947719,NMC,1040.9795607053695
143,30.80990768523133,3.525013755369579,2.182192341232203,3628.7705046324877,3442.7183295839245,2.8152878745392576,Silicon-Anode,1460.6758433460714
993,58.65669543465629,3.722949703895675,2.4936985685628796,1283.0459346780108,4314.716071693865,2.6725833989819394,NMC,550.0900787602679
665,42.308353050001756,4.040764716657664,1.360686347378145,3718.247065461227,3856.3812429766244,1.523122749114809,Solid-State,963.8482108266345
145,33.891081561220304,4.005206956229856,1.140597484993485,2654.4986132952877,4121.313943537147,2.725290720811534,Sodium-ion,1462.1009157023282
1249,43.21870403974784,4.0830289794246255,2.313306593903998,4768.936099334541,3776.234869137232,1.950790135857744,NMC,293.4629483237275
1007,25.56786805382782,3.0745216566808238,0.8824842581522427,1394.7676725951771,2390.7206084660547,1.7245101968754017,LFP,633.6324485268539
503,37.76174996808812,3.865063191299681,1.7308578300658533,3499.9002414260995,1581.974968052849,1.839496259605612,Sodium-ion,1087.3532836250733
821,45.04937285684255,3.1749842209022034,1.3114288483618954,2404.316190944373,2044.2486842570365,2.2028697065627085,Silicon-Anode,755.4409804952099
104,39.55591327169806,3.519773210023014,0.5821647299111106,4818.621616481687,678.9213072958067,2.1373018906020165,LCO,1455.076016333941
1063,36.07115202617297,3.6857355188183605,1.1945769486113955,2185.894560219161,2643.5733531122023,1.9333309490613402,LCO,515.9863339292543
198,59.75393555598793,3.5034243559335385,1.0304570450053492,4841.180819865561,2569.725421054594,1.758327483310549,Sodium-ion,1321.7511612225185
579,55.21259048595708,3.6495145947537595,1.8721823078869737,4586.240574623146,2648.476812838904,2.6433461844632538,Solid-State,986.1223588571605
391,44.936238326377605,4.245657885998273,2.3975809953838363,1935.6095883047567,4398.721777391049,2.9851646756023755,NMC,1163.7151955652223
1203,42.77509444729131,3.169021642141068,1.0360943747572755,4174.875462670996,4154.670613473873,2.6666873706295355,NMC,342.56919586205987
554,44.826419192983366,3.844320056670532,2.1229318783033637,4981.537647574725,1230.6798354874213,1.9439054515073118,Sodium-ion,1094.7972782602637
1472,28.05248431289733,3.495001207982019,0.610719633876819,1861.1846091193859,2038.641834067968,1.8672134421182,LFP,191.37266867562852
1039,35.805509730572744,3.166262248634161,1.5762420200796263,2634.4641111579426,2253.4290999067216,1.8264988140989074,Silicon-Anode,555.1028670335332
1313,21.578381315635973,3.198420954217887,0.6411001274197892,2984.7590935803905,2006.0783796214262,1.7050426117335544,Solid-State,384.91225662572714
478,39.02184149947307,4.186591382807022,2.3680659822612786,2038.7107703762301,3714.134258055261,2.326995824538452,LFP,1118.8012182592472
1255,41.720983358306526,4.099501870889703,2.0327025611147804,864.112326513325,2643.746912483589,2.408100557930016,Sodium-ion,345.79498879427854
923,29.109989444128384,4.133802450518777,1.8158998224091847,1724.542825629612,2831.1892861893375,2.558253990994706,Sodium-ion,710.544872167892
420,58.56115388662055,4.239415969784233,2.1477927632493286,1984.1349142353854,3926.7528800529094,2.520320056400502,LFP,1104.037181907707
157,56.37818443748968,3.2603942375106474,1.7950395911403263,2663.118745536386,3743.1197983198986,1.9384999669250738,LCO,1357.1477155442717
550,48.88572941823624,3.4442991717050773,2.4378887943485825,1518.6304093362878,1115.6249389991688,1.9954665080952698,Sodium-ion,964.2725489904778
1465,41.3354651506145,3.836523787406083,1.927915895729543,4467.668298105025,3384.2668779261735,2.5222718031635067,Silicon-Anode,162.11051188237047
1121,54.7987663859074,3.604753174825809,2.3493172191644938,3760.6267574716117,2298.2009027179383,2.0241714611754427,Solid-State,398.7665864496768
1021,25.226093752938517,3.5229869167229166,1.534263784021276,1157.8420057505803,1749.1307219437517,1.8189347844289696,LFP,600.0950355804811
997,51.6203917709954,3.4472640616694914,0.7341288259637253,3530.388294787712,795.0734015185267,2.0615042305451095,LCO,533.6969358471092
1435,24.992832558673932,3.742225789929315,1.5563554428460342,3545.3572009036056,2500.273285347259,1.9081262363669664,LFP,196.9918744275416
951,51.768426501976215,3.7194917858001024,0.7537456561261866,4816.128929303237,1986.2030548256723,1.6324690818278667,LCO,583.1334742280883
289,31.03070273005428,3.2018222925803,1.68498695835281,812.6876596958772,1580.900854737963,2.7452083534149803,LCO,1346.5712852938273
1278,55.083623240727555,3.589674796898049,1.4649861210553259,1841.3162891843901,3309.2197454281345,2.7796670837355544,Silicon-Anode,270.5480795503204
196,57.761683753015916,3.6918397202623123,1.7451507956655634,4696.724213376325,3600.9930105307894,1.8296254502503193,Solid-State,1355.8215330284784
598,25.951838776204625,3.712858673414238,0.5200939621096632,4714.9624446727885,1554.6791242147567,1.5971582992878026,Sodium-ion,1036.5518435255394
517,38.50702420261574,3.2626339911404396,0.8896809833107282,3826.462961356677,792.8450030494544,2.6082411560267693,LCO,1072.7116988810767
865,59.23949512650741,3.9278392403153584,1.4826608638242618,4016.2059483996677,3910.1355322044164,1.8172929387951204,Sodium-ion,654.2389957664077
1142,39.33629743892587,3.031498868526337,2.4010071231782697,1184.228423304518,638.842990696783,2.0901532341552906,Solid-State,419.2101246457447
806,54.54190090058181,3.4435398194289535,1.2672180807103168,2958.278506068581,4254.738726293741,1.5962028783560749,Sodium-ion,736.0970139006693
1183,43.54926088525279,3.975265810669542,1.3487440521072693,1772.6485634137975,3047.717508532553,1.8394043771376527,Silicon-Anode,350.37047426939307
815,35.013196316784075,3.704866151319253,1.9293921780132444,1561.1157831771925,1855.201877285149,2.689353417494454,Silicon-Anode,839.955879705526
228,31.431342221034807,3.326453040638575,1.707585514572236,4203.273856317997,1561.2638473492711,2.7065946703728025,NMC,1386.1617539998183
216,28.128923643443493,3.8686913991788097,1.0978523001966665,1367.1601740582992,635.1220906314535,1.8106272373315657,Silicon-Anode,1410.8624259963613
948,50.47192765510789,3.709238680195092,1.3216327911348555,2768.336875384818,1518.338526342421,2.0038707676600342,LCO,573.369611898622
15,35.46162027292112,3.9953045118204837,0.9353995977144649,4742.028606261339,1137.1403759168502,1.7013576286406153,Solid-State,1589.9042681119233
1181,40.451018488030044,3.918781482737279,2.432042918260417,1580.4946333744388,2987.448260820268,1.6112589454273836,Silicon-Anode,458.0482652764608
1285,39.693019200047274,3.7626349025452934,0.7612687631147195,4907.572379700586,1249.5277955158251,2.988257571672614,LFP,335.73716541539335
1181,43.09116116932525,3.6102220941385177,1.2436735691328389,4976.009540196448,2661.6563663928155,2.483390926867259,Solid-State,370.40529419400303
47,54.62308582498209,3.166477657084404,0.5516779444400224,3133.5920496660924,2901.454047143436,2.313144763797478,LCO,1514.6129792172026
324,59.22957374333718,3.3266662723567295,0.9435589838670928,1514.5995087440633,1762.3626235529666,2.6482477506079496,Solid-State,1231.412761905187
844,36.30336834295268,3.5238743411463567,2.0609422767603096,2127.640529351762,736.7533011730029,2.760115739531586,Silicon-Anode,747.756215070982
130,53.10075688425212,3.749124108757986,0.9023504645777589,2582.8698972414477,745.2901343953648,2.710072152067091,LFP,1421.2643960137375
1435,50.58111178618871,3.642134819019131,0.6601268050579312,2099.1617423045363,702.7545955562787,1.5248091739348149,NMC,112.30195086971831
95,42.94115805822293,3.360230657449412,1.4489063596890466,1978.6694354813662,3482.58620183253,1.7802118472857478,LCO,1525.0498653782815
627,58.24188574447732,3.008080447237138,0.519938469469037,4883.364778708701,1840.2378487757628,2.482357953176747,LCO,862.6252022972885
755,28.018980621136112,3.620299027376017,0.6695323088526663,1444.1322751461316,3705.570725273888,2.0636390217059444,Solid-State,899.0743427598487
1316,24.370568412384856,3.357032485702804,2.1152517391259504,3879.9772166108214,2283.7580129871117,2.9737239765916605,Sodium-ion,321.81409307564047
794,54.15847867821689,3.9182603758881687,2.042946689719213,801.7232156445344,2366.692593236859,2.498107188957381,Sodium-ion,699.5400751716861
1307,37.56599266534993,3.0299328315881042,2.330277640809792,3303.9672114899827,2600.2421497873374,2.93482336309381,LFP,353.526985714975
69,53.87875416828242,3.7310347641322386,2.209030871821499,4646.96061660702,3380.8226798629053,1.8021697224686908,NMC,1435.9458188493102
11,55.723608207816596,4.176842796882582,1.8663511264796362,2009.32319519152,1666.6611767358575,2.7959355421725345,NMC,1521.608796855928
1278,22.498303744762858,3.2180115838893744,0.6046657146013257,1579.2090960824207,1074.1906631807549,1.982028458722838,Solid-State,350.98926986144016
872,55.33859051944243,3.5895618634382442,2.065697235973315,3537.0551384893934,2768.6236072467,2.98434721235671,Solid-State,659.168874441153
550,37.932762214776886,3.114277489771423,2.191021621681121,3792.9259106532513,1875.2127306466832,1.736533008109721,Sodium-ion,1054.818171676729
1158,40.41729956016929,3.782102390326691,2.0981642915439087,3689.7281795983213,2325.7161233053457,2.27450972825749,Silicon-Anode,403.7124522717638
712,45.06370044372841,3.688164600745282,1.5169580706160521,2141.130896089771,3123.092162515491,2.689266800755683,NMC,872.4152444934778
23,57.05530426920347,3.5092069052660406,0.9658036772989633,1859.2500890691897,2527.090390450955,2.1489637209060537,Silicon-Anode,1486.052755625984
815,20.76464377719056,3.6517212768421765,2.1906599513774534,4814.858959840585,3019.087386693287,2.20212609028147,NMC,880.943487701203
346,39.073738732712684,4.120718323086263,1.954325619480277,4677.857934733704,2722.3800082431485,2.9795336932586114,Silicon-Anode,1275.7490679026548
302,47.50888169722243,3.245367877888834,2.461522348777703,2720.7297615498455,3485.2058505507866,2.13796222545173,Silicon-Anode,1237.2958541928601
363,48.90827830792914,3.028205639631684,0.8113851955118658,4354.014237848369,3353.1528090753177,2.4061081508985955,NMC,1193.2852082531074
396,47.70129726148432,4.0770811058738765,0.9513291661041101,2699.7586060640433,2683.340578053615,1.581809491012726,LFP,1173.7811666158684
218,25.377405176324874,3.721396352984883,0.9235962997630054,2582.4338759045436,3247.721781352857,2.76331512031539,LFP,1451.9741116805678
141,31.97582353486725,4.113323069327303,2.0850795352426736,1458.4043799170377,4006.88244886319,2.472252073469315,Solid-State,1493.9562557666377
958,34.34862101668054,3.7461815292664657,0.8738145929002363,2590.905437266286,2285.8580223738572,2.1060301542942206,Silicon-Anode,653.360789916849
1234,52.1774883071802,4.012701362449628,0.6333196596466122,3057.1511421191894,2209.7759837202952,1.5242543099317796,Silicon-Anode,295.2048849014012
985,31.15039489658212,3.537091704193935,2.4971216131712572,894.5181752004831,3580.5579213242827,2.387503230890256,Silicon-Anode,637.279417087972
993,28.428198554688127,3.937324914110336,0.5496344228902983,2665.2746217367066,2871.959964463777,1.5189867427262433,Silicon-Anode,669.7357106196258
828,58.29792076152385,4.14130183361232,2.1704881203177315,4081.6961172598412,876.9264428680954,1.5018054208635268,Silicon-Anode,698.960397984201
683,20.354531404538754,3.715153704652758,1.2307336831013056,3656.193436771933,4079.2368611952174,2.424147843224032,Sodium-ion,999.1132653679292
1484,59.91283422727913,3.2259814382029743,2.1832309195156308,3467.659353228527,720.0540987267965,1.7835256010018314,LCO,36.92542119427294
1004,47.07285195429583,3.3359970187877477,1.60924098242229,4620.132799436251,3518.745789217998,1.7878313245771429,Silicon-Anode,547.8633727357908
356,53.13877197796468,3.248305721121757,2.3032624589727204,875.7344412659661,3559.29715654682,2.4799073487491157,Sodium-ion,1185.4155881776296
1008,31.784775853847727,3.308571284494666,2.3523859728292535,3139.5998620073833,4317.133232599528,1.5805457819090614,LFP,593.7315546262155
1348,20.5726111066824,3.3830193116887957,0.518196362561552,4106.86516332077,811.124192769051,1.9701083422118346,Silicon-Anode,345.42974698119434
1157,49.5147807424612,3.6939172334414856,0.6508243519855765,3073.6086073453225,2927.741757059515,1.7241478532130285,LFP,331.3668662215747
888,53.36578388002703,3.734989536829791,1.000717459141711,2160.3613208375928,2268.578225445506,2.370264554694801,Solid-State,658.8581546715062
127,49.61904527814077,3.5331246840523263,1.8386308327270033,1372.252373386307,1889.468523952214,2.492647732091094,LCO,1445.5462183161937
1130,25.714011492033542,3.7692759747760443,2.276544393023012,4527.764901628003,952.2423851663848,2.5817037803985654,NMC,483.0472556911323
1009,50.13711689027876,3.1019686570142073,1.4198839025879255,2777.2020480279325,2794.351066718106,1.882846825377848,LCO,542.9460303793062
604,50.75691128430564,3.1097352963227,1.7139462325485308,4488.083827339946,2468.2588301309934,1.633874627454876,Silicon-Anode,919.9531936983018
1402,46.3416206268022,3.214786825447073,0.8769997055911223,3260.578914219307,1007.7623867889947,1.6180254854128466,Silicon-Anode,147.4134358630695
1014,50.644637311823445,3.647596872550431,2.1099336677633707,3631.606889783003,2988.7090776786254,2.139227322676086,LCO,549.5699747686922
51,53.836857587109286,3.267493348372892,2.4346562227069395,4177.89684838949,3478.01716898646,2.9187666135940726,LCO,1481.1039927986915
1053,44.544164569498335,3.3541055043657217,1.037197865829195,3568.4532873205644,3592.385374109228,1.826593551370537,Solid-State,480.46444502489766
1486,23.544188558787162,3.500391045216243,1.4896519032010926,2471.8303308515383,4130.955434223467,1.885112402012324,LFP,151.4126072715614
1320,39.50511238668844,4.014832655012975,0.6722322210127476,2957.260212500334,2196.935893366231,1.6513332031587884,NMC,296.3629438254652
1321,23.105973386864203,3.017327669891075,1.6182733129259368,4172.791203638695,4316.983797626334,2.4083554108408953,LCO,340.2996744073681
779,36.30172124129723,3.811723525295778,1.5055668836933611,2369.331244766534,3975.174679822476,2.5198093109207624,NMC,869.4965043479182
1431,36.28425956502511,3.8360956638008568,0.7888729683101552,2430.1101184276877,1756.3561269933623,2.46439681224114,LCO,208.42915159023198
814,22.640393765609662,3.9983197254457954,1.38413242623615,1201.8984874436048,1221.203845662888,2.791695364567172,LFP,842.8822966838915
1429,33.952821358779175,4.1659411738253915,1.1682093041731265,4641.254627931341,2298.0186448992526,2.2296387525391075,NMC,247.76965969162052
1370,24.439923951652595,3.0251723111866125,1.5436617506103787,1182.3525227708553,2167.40496102827,1.7016855611505965,Sodium-ion,278.8522959396874
420,52.329408400368884,3.19222963189152,1.6713086708575984,3522.4785452839346,2845.3052907916967,1.934107696056619,LFP,1102.615653038299
1206,57.90752103857883,4.107714117569992,0.516991157214419,2535.4168109717502,2875.206306078217,2.493644960132028,NMC,296.52891919792023
983,22.892659010317544,3.573148202733769,2.022011965899111,2503.601439072858,3524.949239081903,2.41968296061234,LCO,611.5112363264943
825,58.20460829166806,3.7057382986668292,1.9260285837234816,3654.1177136052725,2588.5707980018797,2.296504694614444,LCO,724.8570420395598
1025,40.903063973469806,3.8287840046539343,1.2325727724130444,1081.7936770454908,1008.8082996689857,2.5244466280330307,LFP,607.2567938322173
567,31.982627118154955,3.848833255619547,0.6058718711376365,3293.5642883960254,3947.3362086571137,2.456086275559949,LFP,1035.6818055570473
371,23.07448301104654,4.164675504145635,2.0098650795701007,4042.53350108389,1808.0818744222295,2.8219873341974275,LCO,1273.5049607462663
936,40.02497072281671,4.246186771764587,2.410350320956265,4278.493583123696,4388.060095195709,2.3790245662174447,NMC,656.2903057115476
661,51.780621779629946,3.9001968261636755,0.9803031920440284,1516.2276354538562,1059.6544238511035,2.6679020380508347,Sodium-ion,853.8686865779274
1455,48.283459090667925,3.3590265115064386,1.1470492274740758,4569.160010328329,4337.1795717067625,1.8730607339497019,Solid-State,70.48861285554926
969,22.00904045855895,4.099690502867929,0.8676257789636299,3555.8135857592574,954.9460468418163,2.517273876883602,LFP,693.7048980713414
1333,22.91607341471614,3.061526143175952,1.6538722466896794,4503.790163446867,1501.0409379935318,2.8532911775740137,LCO,309.8087206046543
1161,36.11493130530548,3.2888510660931205,0.8096827892949099,2838.179011862833,781.6617741375122,2.0785984918497498,NMC,434.8299937540587
202,31.811619761917733,4.121732146829643,1.212387886922759,3076.5400494082487,3349.9412718920803,2.66865628100797,LFP,1432.3214225173533
1460,29.295372922241913,3.3202393930491936,1.894026027868526,4659.960763520419,3916.165072629988,2.587183951793153,NMC,208.55649977418216
313,31.240179956348545,3.2758138245271855,1.6202319660186968,4579.620082089621,2292.877219082324,1.5892892953077338,LFP,1310.4619621823128
117,52.139309731875386,3.172656616425309,1.2729251286558705,2682.2756681498086,4221.236092665476,2.3722624644361083,LCO,1421.2038360405325
937,57.16912214527416,4.073889697058646,1.3404992036150838,1952.5330528698632,2902.1663798468385,1.6952840238012037,NMC,602.4952745125267
575,36.20410778110266,3.6250728239888583,1.624221765246459,2451.3158251699097,3057.0278282414406,2.9509787583458866,LCO,1036.537142038408
244,56.244440085299885,3.8436165038176933,0.5117294557743226,2428.6101798249492,3897.1348866330027,2.7171112540509843,NMC,1265.6616515476046
537,32.85982804991528,3.298832980093787,0.6570197369072197,2004.8408749277346,1757.5207997021716,1.6645857018706802,LFP,1089.9701158781897
75,39.05747945375167,3.9475505262640205,2.262516135526023,1928.0343381984596,1981.6363131777407,1.6826279964715176,Solid-State,1544.9585776892195
386,29.04115991263999,3.950006931202623,0.6557579781825815,4416.464333214822,4133.212484859113,2.3917107823689285,Solid-State,1232.1265769116706
1234,45.61904168703376,3.390747531135375,1.9136071924210103,1093.420066875579,4113.757634551179,2.017333761259775,Sodium-ion,361.11230852177766
475,59.15924460699236,3.5133532912628533,2.340076328218105,3645.9669648182953,4408.282827183397,1.552358788609664,Sodium-ion,1070.1527442023832
418,44.13972384173515,3.262112846787751,1.0413672086034622,1525.8442161170997,4117.1694341225175,2.3124622617495794,Silicon-Anode,1131.371598246947
347,34.31256336454196,4.22070127915363,1.2409828741190285,2246.924752255066,1096.7509405301075,2.0817676495287705,LCO,1263.0914970005363
640,45.91269783962113,3.8070032213230145,1.6378428116894326,1058.4807433663148,3812.5247159342507,1.651614738557614,NMC,942.4061650582912
939,24.916827138615503,4.168179850894394,2.2634179392771694,1933.8892747929406,2198.370064627417,2.702880588383974,Sodium-ion,693.6923375373192
955,55.546363210615944,3.3792319295364166,2.38381117452084,4027.368498692417,4464.125288189158,2.872615147918209,LFP,590.8548932997386
876,40.123358031193455,3.977363641246112,1.9791264962225361,4517.064363098487,2441.895760882324,2.634890901021195,Solid-State,730.0879585325304
763,37.97398968158568,3.9573233048559278,0.6732395217093881,1730.4140379899416,2759.9607217586604,2.733633465024416,NMC,798.4060868326872
1203,43.434591538140765,3.864569564833177,1.8383083110697016,2746.900924887472,2666.1221695015142,1.824735850899176,Silicon-Anode,378.7406667469009
1206,44.9913545115761,4.207048719083501,1.3206074437453241,2775.361001336267,1854.7744164472833,1.8953594263779014,Solid-State,349.0310215469197
664,22.87103224906052,3.4919441701328946,1.4414019989821232,4469.016284190884,892.5861466823808,1.8127913104487816,NMC,1017.9959422953091
25,47.304688848936095,3.1633966544871965,0.5982967806903541,4003.7560220783826,4093.039798567482,2.647595147048346,Sodium-ion,1515.0009677259084
1204,29.67726721262118,3.839636074055076,0.8821242786927164,2954.9243171458093,3730.4356688525186,2.921875618401746,Sodium-ion,419.25879530798665
710,48.55810530026359,3.911637250596508,2.0810272150672953,3617.138241981448,1144.15444418271,2.575255810100854,LCO,872.57455163511
1185,52.90139177536787,3.7188257168235186,1.4079176660957196,4358.8912264193405,3629.3962582652844,2.822200147319334,Silicon-Anode,359.80397406174967
177,52.15834030210081,3.258522366416745,1.1033244832622977,840.0636069072888,3040.801997597379,2.458048642324759,NMC,1337.3797908022332
285,42.100038696315565,3.630569927086694,1.2680381479299163,2492.138130410204,2195.6607728787267,2.0814898508381985,Silicon-Anode,1265.2269309447606
63,40.80679569243004,3.3902371707114116,2.20879902665136,4610.421302563731,1590.6824814726947,2.1386424223954577,LFP,1514.7902475146866
1003,25.71503845357647,3.5343331602083614,1.9979980348099138,3909.314729544596,3952.9422556587065,1.6129821482511073,Silicon-Anode,648.0059482696107
662,51.01384601612543,3.80652321980583,1.0446307943621655,3079.9337722031137,3330.734211246807,1.5471857928690391,Sodium-ion,888.9021113088174
666,30.856375217868575,3.9315184283635434,0.7350036804247466,3024.5070135475603,2736.1856469296335,2.5432134062836163,LCO,931.996941511954
156,39.86781691271786,3.2902808636266787,1.0039964432881434,2260.634409938639,2977.31728220401,2.157643338016771,Sodium-ion,1401.3484952087697
1493,31.37096371710067,3.5066567008086915,2.3415129021094674,2986.186241294361,955.1581101205059,2.3283226020819443,Solid-State,151.0557302587432
1073,25.353134519987726,3.3364519637395365,1.6631776756995107,3552.6094377465038,2448.2870675536487,2.3364918714336245,Sodium-ion,567.0409602752951
967,45.182307875669466,3.2482895173273363,1.5669604174895657,2557.1247614009308,1355.4311418642378,1.9160637199999522,NMC,656.2011656835156
849,22.173281392916152,3.979234024994798,1.692787199384923,3799.4432148471305,1412.696348134419,2.213838766244236,LCO,805.7219658424124
1108,49.945809365048,4.13656586804624,1.2320565314930305,4417.17535449362,3179.08545291878,2.2061403325015534,NMC,487.57308323231484
1385,32.70347181044467,3.462790232105721,2.1142140406390255,1449.6763623764168,4153.898992153723,2.0826408318417853,LFP,210.92652280561282
689,20.005387720179414,3.9390986554672085,1.5465724986004996,2696.4974958331823,2174.6507808655515,2.7310130751016057,LFP,947.6481256302396
148,40.44516556948919,4.121244111705514,0.7334958055375911,2513.6843833973408,1410.2221647475426,2.1767460055313936,Sodium-ion,1408.2172094089049
342,21.874076341104125,4.05765526316279,0.7581302496581259,3687.352177008858,3130.1130552229515,2.4054667867589816,LCO,1342.7319391719202
476,31.04678231283598,3.2285167356740323,1.5737182930052367,1849.4433540833033,3997.6294807662393,2.843280180571239,Silicon-Anode,1187.7154104909944
1087,48.27905949822865,4.195364851891702,2.3731404361416786,3489.0538427995602,3518.4433243777144,2.7993504342883835,LCO,442.8292756582696
1384,22.507584864874634,3.4708455505368283,1.1167042433523975,4485.454815272249,3988.15319909269,2.8356333056687477,LCO,256.95550979651256
561,53.5735396942401,3.4240508264672953,2.2390823377184366,2556.152719133215,2692.5632169421174,1.905007494697521,LCO,937.9813184677272
327,20.152796906343326,3.0780391590972256,2.028191173157759,4626.265939912724,3532.3173530398444,1.5524737324620943,Sodium-ion,1293.097816196667
1165,29.87295476807609,3.607717067631104,0.9956248858138137,4971.287703520609,1146.2517814998523,1.8916001998429939,NMC,483.4684733721114
990,49.63616224608286,3.136267019551161,0.5726814966324849,1245.5866097813987,1958.2709999164467,1.918061018431063,Sodium-ion,563.0308585897227
215,32.65080598917227,3.3106747761592823,0.7036945302847655,1778.8233895364062,2119.2417414779375,2.864040490087452,Silicon-Anode,1398.6589756101578
435,24.07569552264054,3.396178277209102,1.9569878676948804,4791.5949562247915,2594.0534103595346,2.473864099256956,NMC,1183.6958044803532
952,34.40935675201712,4.011032904364605,0.8993394760812934,4824.976283221824,4223.397805001612,1.622555939403343,Silicon-Anode,695.3614900376481
723,30.81573145538102,4.0943608129948705,1.2425418410107876,1210.3705566243857,4009.75658486648,1.7030678940166517,Solid-State,903.6531557272391
1342,53.708476086422195,3.3780828968268373,1.5033983320128497,862.993701583974,1124.6494199278197,1.733514188312963,Solid-State,219.0067562747231
32,32.53391670340572,4.073372651555717,1.9509363369003256,1476.6200976769735,1273.8796423416065,2.4456326222533846,NMC,1551.500298055259
670,51.55729887104029,4.071538671712239,0.7264624465182508,4983.253690205443,1994.7981433967543,2.603121038260505,Sodium-ion,865.0076747753378
285,55.67488579242939,3.9558136879810917,1.312732810554923,1555.998389764885,1733.9010769736283,2.7894658658480944,Silicon-Anode,1243.584818236247
1329,37.35269678306118,3.1833688925189767,1.4701458182853908,2910.6999482324973,2997.606717309423,2.9109548262093647,Silicon-Anode,273.766093319088
429,56.39772575417568,3.862903558625911,1.5816541279430794,4363.3544510081465,4120.826586281725,1.8025568360796627,LFP,1105.275310564213
286,35.092722158527714,4.181280080725711,2.1367212827904334,885.6867648904666,4352.937012523089,1.9646587270860736,Silicon-Anode,1329.9921736671085
1168,58.563136659604325,3.853175598458946,0.8433563900864338,3338.85372548553,3149.0515148873833,1.860484321117246,Sodium-ion,315.48444196075866
1448,23.57158098102292,3.4145210613847925,2.1156629036532446,1963.506885252422,3868.820885464238,2.0381423511992067,LFP,218.64799121189984
1043,47.48077066012971,3.625724146788539,1.8857568553933044,4421.806649046873,2648.2885809001086,2.871997661135624,Sodium-ion,515.9208594464881
18,39.75256161827715,3.8071563041888172,1.6117416283979187,1990.5368269091325,1412.475092754155,2.362668850409042,LCO,1571.281570631768
769,35.505952218225886,3.638213010910629,1.8990557408051438,3684.3740251840172,2646.2848071645617,2.6072878459867486,Silicon-Anode,834.7848215600759
590,45.30847514994404,3.1499411771637122,1.3240354779033128,3631.722456279067,2764.822145606839,2.235178854190173,LCO,939.435780052389
1395,48.15428366537325,3.3900800558150257,0.7767951719362491,1730.272905210488,3495.5845004328708,1.5432868700041869,Solid-State,141.93787153578268
1199,20.17453078601236,4.002995038192041,1.8315304805307346,946.1566394470705,1457.5436598586616,1.5962932289967215,Solid-State,427.44517220883677
1010,26.67812354988795,4.076772557619397,1.5493446133712445,2518.8482098986688,2036.4104901382536,2.306884546901829,NMC,653.7258685465806
194,48.52184202537275,3.1716250408944626,1.778749601085551,2014.6112382566528,2019.7071299368085,2.5781835522300387,Silicon-Anode,1376.604069641889
502,46.655416543128254,4.190483440498406,1.17599756205698,4197.706548377576,4341.814423390543,1.8229957912930972,LFP,1088.46709110804
988,58.64190020514709,3.4110282723107614,2.3137331546796718,4161.52959151245,2331.385345274204,2.582864360988456,LCO,527.6021482409479
1137,50.44151161003132,3.8278921734134,1.6747397371511539,2719.5005992090273,3544.866472462771,2.7159986602252686,Sodium-ion,353.905973116922
114,58.03090830925352,3.9397814324458516,0.6708049685817477,3347.3513463575196,3528.164387360312,2.1178462175431667,Silicon-Anode,1372.2086044683542
1246,48.10162006139228,4.014932793297354,1.3996079814088573,3337.889967145086,1635.6223207326414,2.6196288492661575,NMC,315.8539051942587
947,31.922088345577727,4.182187127782413,2.0127121094872686,4274.064223396018,2830.291788549755,2.10604492549269,Sodium-ion,674.699596687484
831,24.214596890034258,3.391149435036028,2.0882691234645447,2585.0101393174295,4087.7812839427274,2.51752594418253,LCO,809.0729071110624
1288,51.272954533797424,4.073133068189443,1.4891941055275175,1956.876055120138,2453.271105882103,2.645995573979315,Silicon-Anode,260.1311119375165
925,45.76596885903663,3.164608629295259,2.289495141662602,1913.1466561902994,4285.95827863593,2.987889927462166,LCO,634.7274172559846
55,21.92744049573185,3.881301132941991,1.0353368743885951,3052.0075729852574,1436.38709436423,2.018094993095394,Silicon-Anode,1604.3094996558566
800,34.40201863603913,3.9274721618924824,1.3211973944765332,2686.4224514752927,889.2205125187198,2.1165611708619174,Silicon-Anode,790.415292135043
778,58.271992619371446,3.8471540515016507,2.29719382113794,2648.5072381367318,4076.6701052645226,1.7484300891152569,LCO,755.962304175554
1482,40.01604582840805,3.3153934201689412,2.292513432943158,1182.7768241767703,3905.956672052645,1.8061095876027102,LCO,89.66652646935819
162,37.309165440788185,4.091303933769004,1.8714255376493618,3818.135710898822,4471.100516141994,2.540092503897567,Sodium-ion,1401.4971111613315
1404,38.307984206371756,3.211073079212994,2.2179610942444405,1697.694089524025,3249.6346036384616,2.875568385231714,NMC,173.49308785404475
87,28.35530896020655,3.0670434894010388,0.6775465339124653,1627.2052468766296,4253.082914001883,2.0919074274918605,LCO,1533.3671093751243
55,34.74828683459181,3.89683123826489,2.2299899524155524,2533.5849451650524,3825.101197828032,1.769766670253312,Solid-State,1593.356922370854
1202,34.792530239487064,3.594344644040917,1.1412398131004535,1756.669034794766,3893.2626991683387,1.927649249074491,NMC,407.7731790811819
1415,22.094200807498897,4.061372524948345,0.8566630248564326,3252.2047226936647,2819.6521247716464,2.182577557212208,Solid-State,254.4694912958632
1373,50.70270514071673,3.4792464263228235,0.9787396726840927,2360.14602520478,2091.2219318751722,1.9359754940480527,Sodium-ion,138.9725938180674
1032,36.66017727615516,3.210348235634641,1.3359370160277741,2685.4292348897184,4244.776482918799,1.8503686246827993,LCO,583.4963556411187
833,52.887195472656934,4.045552740587337,1.0023840092089344,3056.111150736921,2285.2569849019883,2.603976733135619,NMC,689.1524142587876
313,54.01392004479582,3.68613703955009,1.141135172032998,1654.8491944235802,2701.3955322737093,1.5117673818609347,LCO,1210.9436233472832
759,28.47976218794632,3.2364947404879434,0.7699569721432842,1454.1568160352251,2339.845797788232,2.3088457910047246,Silicon-Anode,908.0855281702612
443,46.29413928680514,3.900479998233057,1.092353531117997,4497.77199206914,2802.791424444769,2.690650210544631,LCO,1127.042526129012
328,38.89127216651927,3.6388920481118756,1.6445676290840023,2621.639551891968,2434.969808070076,1.8993424294762022,NMC,1225.7285601410435
1078,55.2062695168594,3.7553912278004,1.383707416182128,2530.7931604566647,787.0734784599559,2.404937265918026,LCO,399.4371660237506
761,28.629627167058164,3.5761229227582274,1.1934375224718223,949.5710311459343,4039.9879254300245,2.503350158427927,LCO,865.3737300787861
1263,47.11252801240177,4.035886229772508,1.992904257714228,2891.5004708670517,2333.135893771502,2.4825370446076347,LFP,274.2313725785228
1253,44.310084890108904,4.036953394603812,2.287019942786636,3127.5128307662003,2896.88022917866,2.1687744512980767,LFP,341.97332913038935
579,31.812059102873313,3.8867360272804827,2.013578445804794,3147.1316580095995,1142.8324307561493,2.019866981813669,NMC,1044.8083402126313
1075,25.464036146046904,3.131751721745578,1.1640014042353584,3769.530911156114,613.2126071322926,2.75388610954172,NMC,577.2784746414089
1007,46.065590419091066,4.048567327380086,1.9888843356751074,1545.4237069622495,1556.6313652102076,2.6376689354997964,Silicon-Anode,535.0690587825769
1288,49.54389832529323,3.838766225666137,0.8039603649481024,1859.337163768599,3347.885525320066,1.9818827601208688,Silicon-Anode,301.35899808099475
1442,32.625093750534,3.8712802075053743,0.7606359761825818,4205.067953967733,986.8586674402266,1.6545287916633091,LCO,241.0644681981255
96,45.79330416089255,3.4537285505048394,1.1912540740723179,4778.116590742255,4144.661017507225,1.607711318168204,Solid-State,1476.362165262512
1112,35.80523630446013,4.099099445196258,2.115404738088114,1370.9175389427467,1438.58802048912,1.641413966848404,NMC,503.6050359925345
1102,48.52827533130471,3.906714500293572,0.9926964944846037,2890.1281289219164,1397.9150957379256,2.374304041788064,LCO,448.82233225138896
1312,27.968610995762123,3.140738083161493,0.6265068177973592,1699.5402615062649,1307.8810503238324,1.5774932637434844,Solid-State,332.1333844309248
1144,55.608600105446975,3.5097225430077033,0.7634190704127102,1052.3073070909263,654.5286805883225,2.0053903124460577,LFP,368.76383788489215
814,31.49638385862319,4.107975452450177,2.2174899370591605,2167.1140201297685,3610.041327065115,2.629799552871344,Silicon-Anode,776.8902648784954
491,34.711439510246116,3.0589958771217236,1.7675665694945752,1403.4880257736936,4012.6346718565082,1.941522249773067,NMC,1091.7643103208775
452,22.32367808321399,4.201770774552562,1.0064023267399533,3781.7189084238344,2995.2345402031756,2.644962115770195,LCO,1211.3362883058728
165,24.460488492851056,3.8489532103994533,1.6105916506563627,3041.6467374200665,1333.979928551463,2.618200557310583,LFP,1480.166184073505
182,40.634476108493125,3.789219972054221,1.5551592448507008,1404.1047781593056,1712.584188069431,1.8687406989498245,Sodium-ion,1337.0047743125142
469,30.70370706911886,3.3381990706099893,1.8108719568813225,838.8146713031604,2456.114119723357,2.5932332701391183,LFP,1175.3066272384826
910,53.41920902968778,3.3109897359239713,0.9663751088432326,4194.259605901693,4321.949211330873,2.621664957408151,LCO,617.866631819645
735,20.587735546198154,4.177572774360744,2.2288059743887954,1540.0165058898397,1564.670350089197,2.09618088850054,Silicon-Anode,960.315882850236
823,35.16376194687744,3.3728405677926534,1.1187371241600257,3346.1098973272174,3453.4190252875633,1.8156307256122775,Solid-State,808.1730121397654
944,33.49382187076371,3.969381620898749,1.8882633079524738,2215.072034922331,2313.8480708423895,2.2819062103378034,Sodium-ion,631.0578726091877
7,20.77310523670404,3.491402247758849,0.5322492927444298,3259.0409409231493,1761.604658604085,2.8820963820002943,Sodium-ion,1600.1656630349344
330,24.97473596002041,3.17406758848088,1.2453142597882945,2125.7452333257606,2378.0721543862437,2.4594250986480928,Silicon-Anode,1296.1142465514697
775,36.54570699674541,3.0133941221191987,1.2034196359176166,1165.1461549074675,877.7061984108069,1.759383746440892,Sodium-ion,809.189486495677
151,39.71458337789787,3.6803216712690636,1.586968857166029,1736.3900359425652,3714.880746628414,2.52413538710028,NMC,1463.7206465134127
1109,36.17158989019477,4.219723523186166,0.645472523554393,1589.8459792121175,1548.8775191335717,2.140804540922752,LCO,488.5918671319816
147,41.23750713648376,3.4614202422615055,2.080262747452217,2597.6812802465042,3429.1072804525847,2.3872931960330597,Sodium-ion,1462.3921839065276
1405,43.80526699622726,3.4464904174913062,0.9355616035351371,3564.791890389861,866.5586486479594,2.601096052534662,LFP,142.65810562252508
915,20.396952845113425,3.4301145223118024,1.8540756297640204,1907.9855147747016,4324.884369046176,2.272421027271667,Solid-State,790.0437982290575
1309,38.56380637814016,3.650679796631073,2.1064242464881864,850.6937282625954,1352.7584430822246,2.720975961859963,LCO,297.26950332321235
700,58.53996963550353,3.550831104280367,1.6237539124830263,2979.536929911979,4042.6940972076136,2.5832333689749416,Silicon-Anode,759.384268672206
82,40.76129120518195,4.099893283408768,1.981766413443971,3344.1898553076826,3756.9455175001945,2.422610010027766,LFP,1544.0202812107916
514,47.10169069835813,3.631900989654363,1.823720624430011,4844.0560748076,4374.653703917522,1.7261892237485272,NMC,1049.9296995007262
815,32.474554316675324,3.634697297735711,1.2110595943040152,3275.7773729916366,2463.7735776884238,2.7539236663673528,Sodium-ion,810.9028953300113
709,50.959655126110505,3.1729644934006958,2.1177170780671304,2778.924749388196,3436.849445999211,2.903858377979724,LFP,821.5389766848474
746,50.9168592750446,4.228424426137982,1.089402739771056,3208.286828770356,2045.7715624473578,1.7054476857139422,LCO,824.7137382228709
1023,40.85184190616556,3.312466113586037,1.6424258355030343,4697.182645420513,1319.0361282768058,2.232361694150146,LFP,539.946324144366
1410,59.04055293116854,3.0917050843245035,1.990795478283079,4279.1882115269145,2327.9961384404505,1.8883331129557568,NMC,124.64008873467449
707,25.022008590506136,3.828932811219011,1.2579118196250152,2156.5106801279935,1246.421160014974,2.631784961138347,Solid-State,975.9271525356922
471,20.677906595583238,3.7442079626960907,1.10553521523485,1796.4683273599765,4429.974028866897,2.58244445400705,Sodium-ion,1167.9341879133615
1143,50.80632847028384,3.5189320674909323,1.4186920203456455,1903.0611719375092,975.3613154487939,1.711327680855598,LCO,445.85902610442906
396,52.2862214945953,3.5277402923508476,2.135926988698307,2918.5683668038946,2897.92572146522,2.8155409068924557,Sodium-ion,1146.643326027057
261,24.80828916482305,3.981329901308039,2.3598435262913293,3925.0076951600267,3043.209035490818,1.7714595959670034,Sodium-ion,1402.1141585974833
805,30.623313318344245,3.2446408001245612,1.5901668257197803,2913.5206701684406,2698.5102172088114,2.695888538472161,Silicon-Anode,778.3287268432292
934,20.702094534665157,4.0253166486811125,1.8229324106473037,1084.744862478073,3182.5249542761508,2.185470539442007,Sodium-ion,782.1348719365535
1280,31.732344431222586,3.8109338923687726,2.3065472444778283,3839.03894184792,1053.1050225463746,1.9924084403372269,LFP,318.4566987694824
905,50.92567495674686,3.5237122172244053,0.6970937028258848,4185.074540418006,2764.572244400635,1.7373588940113203,LFP,672.9194609921608
1250,40.71842110850316,3.5725357707298357,0.9641571557323301,2015.8910335028224,1720.12902739671,1.751421384219944,Solid-State,324.75702261769504
1077,33.92382372673153,3.3208090089826197,1.917800012503165,3589.3281049900716,4266.686646874121,2.4928358320513504,NMC,521.8299850218817
940,34.86957179625321,3.9401429158712187,2.147488923824599,2591.6859844284522,3572.07944841493,2.3256455819206807,LCO,682.7405639121233
854,20.054145028618727,3.641093427881585,2.214058056661156,4534.30129405526,4392.806480422996,1.683128132476849,LFP,847.472237727404
1388,31.992021102609435,3.4010681784373045,1.3302143537098652,4349.947344275108,746.4686719867392,1.6690467906574877,Sodium-ion,198.2498093617097
1304,45.858349665517224,3.745062644701188,0.6786798045837337,3006.8143929004973,1712.019383204764,1.6084658621591872,NMC,289.82840556435593
593,58.967777752654285,4.244668065064154,1.3755629545992398,3704.3232924170966,1362.148087889561,2.615651021060316,LCO,939.7534013677127
714,53.88243307935598,3.544077849570692,0.9614691804141076,4510.0687442928365,643.5028905161389,2.567823127843934,LCO,789.5214324614539
1182,20.943798585821163,4.1508642509732745,1.0823929099932483,2882.0114423287573,1545.0703479606536,1.5876464862818627,LCO,516.6909954964931
632,55.94242418699358,3.4312710499057077,2.0445351136750114,2115.653110053052,3247.226335729673,2.3404051133954593,LCO,850.3088625458247
59,51.32793653194504,3.0684158836562325,0.6510541720517737,3965.3977792202413,1501.2467963248173,1.627014232864035,Solid-State,1482.5689393027794
128,51.215044942839214,3.255302632960536,2.1551624349614045,1724.2782700957055,2585.113437382211,2.8556186559134122,LCO,1421.614885830943
736,38.31983036014286,3.5233689291596053,1.3553381716483381,2431.8308216253763,4062.4906483634945,2.8606761287701987,NMC,839.3815214418634
721,35.92021171818011,3.2745436607432112,1.6921278622011902,4436.054395848533,3305.6558893613933,2.547349484719695,LFP,897.9146302692632
1139,32.11662915332771,3.0002837977728194,0.679304462471358,3842.573829131123,2139.0533726335248,2.8892833821591752,NMC,488.5603853567716
1233,22.627794358174633,4.143751922184409,1.1747181567145593,2496.0062220394966,2052.6288617572227,2.717179545620536,Sodium-ion,417.8119658192334
526,29.129414539747962,4.054849264038661,0.6794018380296916,1701.9269101151012,2377.3696746330907,2.742807863890574,Silicon-Anode,1122.2923553057722
521,29.864145399120986,3.927865289358684,2.423087445762219,2295.0672414953933,1290.4616201336348,2.3545617758549,Solid-State,1116.3343985870752
552,39.363082788408065,3.209768244557536,2.114523298652501,1993.2374267552186,3072.6029929223537,1.9590887973242639,Solid-State,1058.8361955667128
237,49.897776263867755,3.1504544702624826,1.4192655087129205,1539.5750093641864,2020.1959945079616,1.8266986726746324,Sodium-ion,1338.0706918817266
1305,38.952393135917866,3.084505936840479,0.9472050966473422,3921.998236975758,3924.22486212197,1.9908000330583937,NMC,308.9575827069745
1383,22.313777977886424,3.9050364859661517,2.3669102104997046,1858.6935247707204,3550.555374225484,2.4427431451335933,NMC,297.39532035880956
1225,58.31159203952816,4.161009950859857,1.1891931914539435,2707.503374704608,2981.001339959424,1.7589848037485984,Sodium-ion,259.02414178646785
1302,57.70897276376449,3.538169776141296,0.8219688633747495,2420.609676711658,2020.3886683331127,1.8879603549559825,Silicon-Anode,224.28392333247507
1259,51.40758172593634,3.1489258399950604,1.6263287769079098,4924.724990269649,1418.7341435265892,2.2020912941931967,LCO,255.90720332201704
494,59.65311606256882,3.640491025915133,2.3875482406896325,2442.5874254225264,3626.992270011929,1.8495751477869233,LCO,977.852161255274
4,41.779293312010516,3.4360398843232876,0.5076605810006452,1135.92642774637,2496.9954860652374,2.3829655045740923,LFP,1583.0901680948336
666,58.510734010128246,3.468531155437497,0.9762496865079975,1177.2681608027528,1476.5251488916942,2.8847640426844947,NMC,827.3496842931972
442,23.02420162467003,3.776663280194634,2.3768952808208152,3281.1656296828723,1361.1809986560243,2.6221340485546896,NMC,1235.6686364723193
29,34.62722993045485,3.898397641577753,0.8421719337143241,3317.3269173007156,1245.0635275553002,2.4996399212233698,Sodium-ion,1598.8544667705637
1133,29.015250720270632,3.138254498591451,0.7264869032796397,2558.787760027151,3630.9286652018204,2.374082213975668,Sodium-ion,449.3733412081314
610,27.833323365370802,3.0444877885080954,1.640374431599609,2613.7435077105247,1493.0500226712156,2.2319218638855975,LCO,1000.4591430490946
805,25.632117955707045,4.242912878357144,2.22368764658966,1026.5168479316592,2653.9048277482702,1.7798457894519895,NMC,805.9768613792219
75,44.896545662639866,3.29091043614444,1.4542196353878523,2969.4953436349015,2361.0308077949203,2.8420656831402984,NMC,1483.8480854346183
838,51.2528742298922,3.067288156135574,2.4891285133690495,2919.905796597477,2860.4825069903072,1.8728040030192545,Solid-State,730.8678948271518
1170,43.131935976814425,3.2373441613699,1.8583433990759857,1428.107137939167,4020.9041114476577,1.636963316367241,LFP,407.41505363828264
128,25.878508383528388,3.0486973079355804,0.6481498144208955,1236.1254216658958,3984.2148213187493,2.625022768843043,LFP,1509.741985449208
42,52.444950797338834,3.4897636182714646,2.485664263363951,1319.00446051786,2359.196680116953,1.7634233014967495,LCO,1523.2246099809731
1380,45.438188286549135,4.003002230564155,1.3157884735603809,1224.3186352632858,659.9283778654209,2.057843999311764,Silicon-Anode,124.62581753889626
41,35.52662824507982,3.4265555621971506,1.074805067690965,3360.774421254391,2263.1308422857824,1.5424273924364695,NMC,1597.8152843576365
934,46.96521182144252,3.555229258597958,1.6157583671557711,1625.2271400922582,2964.1547959541476,1.7056019138106722,Solid-State,627.0319453853427
34,30.396199169713313,3.844483466959298,1.1086151836417286,1856.0066391873465,2775.282560482441,1.7598054461398682,NMC,1592.4624780683268
1041,33.80768833976842,3.6361175875873504,0.6729150142403046,1529.0030054360468,3140.2108126208013,1.581615191625267,Sodium-ion,556.5851631979236
1177,56.69943372527961,4.076807107526655,0.5028566861583534,4822.908278683713,1200.8953566450255,2.4849854349342677,LCO,377.2744677373595
998,31.620180226856817,4.082544593807196,1.3991667058405246,4389.393345237709,3121.486885244857,2.7555116937046757,Silicon-Anode,588.7448166724413
1402,38.799530726317464,3.012388369363942,2.1737268444531845,1768.0783168763878,1312.3413131007117,2.0599731095489116,LFP,199.09528633777853
588,55.605645495840584,3.972557883103999,1.644630371260153,2175.778434472929,3527.043524717321,2.8118647150773013,NMC,952.7633843131376
342,48.3088540107011,3.575917000302092,2.4984145978868817,1681.549937680988,1922.441691724452,1.8200198618401897,Silicon-Anode,1168.4895147600664
27,22.48812904658811,4.236050676629579,1.0736932912944,2865.87902973546,3368.592190187669,1.9880856353418592,LCO,1602.550029552494
1311,25.892121771158813,3.6040400948442937,1.0609101295201107,882.3642363918651,786.6758357338176,1.7261054895467525,LFP,337.72704957790904
646,20.313663630876672,4.233619931735372,0.8194989204678884,3619.745637366542,2190.654099804562,2.430838793128498,NMC,1000.5787196093839
731,45.236871609166535,3.943211701507171,0.8281271765306704,2997.2642292340947,3349.634636826998,2.1298043863054605,Solid-State,830.162719282855
168,37.906937016416734,3.310756105766633,1.0703731920200956,4574.283498864634,1484.795013692827,2.419925020262848,LCO,1414.125685357422
610,25.37099403609102,3.672993724108697,2.0856800905470543,1490.4492741793392,3701.619474709168,2.6425123580912753,NMC,1054.7555571467904
268,58.31736484227082,4.240169549348229,2.3115135812728957,4177.258833456754,3060.040959109235,2.3185545240494227,LFP,1246.1625962089631
821,41.186388957824796,4.071913259689905,2.4501743394153626,4126.236260760206,2891.4909113842136,2.441445532352682,LFP,797.2150990305245
455,29.675731764515568,3.1217086172390265,0.9645793081929053,1334.160994710925,1978.8405313969147,2.9028754715914995,Solid-State,1163.853128375454
906,40.0241428461883,3.882964996012495,2.2625950912281834,2473.9487414053356,2481.5607344863583,1.9485964644132647,LCO,645.1053721034106
1425,47.18481330940431,3.431974482338516,1.156510178554674,1514.6410928069708,2929.662273813627,2.0387459079509296,LCO,176.91938190541111
922,23.04956871894258,3.008727827350435,0.7256810890337688,1869.8261019217055,2442.602244268073,2.5765550425640056,Silicon-Anode,713.352771932592
981,30.98815260191568,3.5043512112837494,2.2400498510403315,1905.6339342882864,3323.4219633681846,2.41695827558308,NMC,612.2745894155332
702,52.278619635359746,3.293443027156214,1.7722112692872372,3136.1928549082454,2291.418039117142,1.7677993568095722,Silicon-Anode,789.3341729142653
634,38.38659481610645,4.0235865881505894,0.8294617921621235,2527.925913393955,1388.8654087939185,2.0642209650157355,LFP,995.3312070807976
130,41.86308568129179,3.4216632610572066,1.359662515026005,4780.477776826483,1434.3417529240842,2.201757019687072,LFP,1450.0150444083313
1020,37.31264008837877,4.034404617442272,1.0745153897541353,1330.7545961774217,622.6346984874702,2.129084756952584,Solid-State,586.9066962698249
1387,21.755997705720205,3.000747423543494,1.973589137420394,4889.506966370835,1773.7350906788226,1.7674122124830611,Solid-State,284.49596638745317
819,26.629991192806237,3.384773937532649,1.4068324612485361,1768.6822888999086,3520.7787978662263,2.8866451376763935,LCO,842.3036073455196
693,37.821665549675636,3.301456517884702,2.47855989021277,4046.070532803783,3697.234564466677,2.643478142540964,Silicon-Anode,895.2250919518995
1316,28.367418616317114,3.2919592013357635,0.6094899645191902,2223.67368992585,1389.623414173425,2.2220337481617785,LFP,385.1316700055472
1395,21.99916114638715,3.0852332747068285,1.2100305322724934,1400.9418607527184,4340.27158779849,2.520091542460255,NMC,270.3473697658071
794,53.74598656207295,3.2339053380131273,1.4638003342199548,4403.134578034207,2559.3708945724943,2.8459240082032826,Sodium-ion,763.5606729256663
29,59.24770116656463,3.694436962357025,1.5062671094966396,2097.215776793146,4176.21712117216,1.704261213542357,NMC,1504.1401917813516
149,51.72571495986958,3.3642013410471807,1.1318716447712736,3567.1926977527373,3356.3845992603615,1.8755595760604664,Solid-State,1405.6859571540706
1320,54.15139686818668,3.5217434779114347,1.958480498195136,3179.0634773638317,3417.490349787411,2.3140518708849678,NMC,198.7201378767417
11,29.679085212681816,3.471083600433986,2.2494941469779492,2781.3764994416724,931.6701230936774,2.698515557028538,LFP,1634.5827573634367
676,58.42507902052799,4.094881156249868,2.377438603955726,2882.441785123864,1457.9653948980297,1.554382343162291,Silicon-Anode,847.0521521980698
1137,27.877028178137135,4.131623748763144,2.110186753599052,3875.3992391876077,634.3778498484432,2.9760272252945406,LCO,479.67723608428827
187,58.05719241447329,3.616196214569825,2.201160394613199,1168.6462393184504,3392.897797859276,2.1823599043235955,Silicon-Anode,1328.9297019908731
807,59.79277175863804,3.4126949378945053,1.601090601239991,3606.358780223202,1943.309324871189,2.0388467109325843,Sodium-ion,730.7340374219378
744,48.46891222984195,3.1335008800029547,2.151776452853629,4562.410825874031,3667.9448126977522,1.9390866567596579,LCO,856.3730445573742
1251,59.24574927167288,4.191753599227619,1.1070078182959044,1042.7104274834294,1921.8512577544025,1.7615350614763075,Sodium-ion,279.37623592204403
1334,42.781591182684146,3.075283681125372,1.2969575242184288,1390.7440247814002,3795.401633965558,2.6873608633950417,Sodium-ion,287.4426274287705
98,30.381671327043613,3.3720628469603504,1.1338260276370886,3809.854134148532,1109.7231896184207,2.9331212471191446,LFP,1520.7389594116642
55,37.47983542662483,3.372582751462505,1.4347746708958509,2636.5829226273936,1276.1553113542818,2.1204671322680975,LFP,1568.627714594983
623,43.74243741515144,3.4005016076752685,1.0711592324772727,2494.9042074174913,1929.4185043773523,2.9286310421301844,Solid-State,997.993238053926
664,22.9232624810806,3.2053585540905116,2.4232228845088937,1375.2598650857906,2193.100816640866,2.735696423152551,Solid-State,984.3986167513777
758,44.89373058468985,3.9789517886546215,1.1256892560113363,2928.43417101471,1959.9409622876158,2.2215766912144774,Sodium-ion,796.2853248601153
406,59.24711347049178,3.1531223274574867,0.6960890762218797,1331.4903070247844,3578.2234268405573,2.511039268689199,Silicon-Anode,1144.4591651639141
69,27.604305991349104,3.7936333239414535,1.5536343321008268,2801.8059165042696,978.1104312441873,2.152476268755694,Solid-State,1558.70530463993
1336,51.703804651535336,3.1548075333822716,0.6141981568903527,4007.1842556389583,1969.7463765901034,2.3380851123188284,LFP,179.6565305774659
1313,56.31595175118478,3.0881695469911956,0.721086332617161,1884.7103031260867,3865.2359981102913,1.5870695055277557,Solid-State,262.4357323362487
751,57.74806371280883,4.136786879607346,0.9387787783924926,2819.3019063548545,860.5086013224708,2.5443952129508,Sodium-ion,793.9268257732756
1172,58.40542417621789,3.237660957898382,1.4287004997642834,4966.46707146671,4275.139679918294,1.5792369667262052,LCO,347.6813093947227
1491,40.85838554885888,4.02656269319963,1.3665018646180558,3683.9317780869565,4446.63568486085,2.725627420379474,Silicon-Anode,88.4236889384188
1268,59.09231631966015,3.68078858888392,2.099383724005582,4333.698439481834,945.4158779178124,2.737420394190836,Silicon-Anode,228.66762208123487
958,50.292408285377554,3.097320649510962,1.9789493077682268,2542.3599475542924,1735.9628367973742,1.855615931334322,NMC,597.8790887037161
365,26.466857449478475,4.194310239297584,1.3526365879814026,4025.0158771285924,2052.362597537889,1.9854941715537004,Solid-State,1331.1277441371249
482,39.0760042587188,3.3087014587398658,1.1674084151512598,970.1385263535517,3627.926337745632,2.22196556783744,Silicon-Anode,1111.6601361186767
201,48.73324701488016,4.074556681690758,1.1329375681229972,1316.226966677429,2924.114567255262,2.394994360398722,LFP,1414.2409936216536
154,29.893612632763332,3.211012507230705,2.0479901745880182,1652.896490264261,3113.026231921013,1.931030492612995,LCO,1446.476999827941
1474,45.624607341955496,4.067428602677316,0.6041448124425395,2488.198083383922,3554.2883089921734,2.3887296069478876,LFP,99.00955177397128
73,46.66401916186477,3.0165360161316173,0.5256432990212117,4352.128488968205,1060.1180978044003,1.9466806098439484,Solid-State,1493.517456660943
713,26.507989752342635,3.639725570711851,2.091088783853296,2254.317413309308,3849.516881950023,1.5832360816065911,Sodium-ion,899.8395024115712
296,42.60341249811025,3.961803224276946,1.4542927519780986,3549.4090127649442,3351.917236302562,1.5037913247478634,NMC,1279.7592566823178
1041,50.8650764391443,4.168494396865979,0.7617622771071519,3779.1200381746303,2851.632728265844,1.651726586877643,NMC,515.9729267849337
1241,39.95582658143768,4.136502670258109,0.9711318691890025,3261.965887171034,4069.967805653921,2.688376050246027,LCO,354.78244817305006
61,20.4841246710443,4.024531086934556,2.365007906194765,2300.416266314572,3331.1947801468477,2.9421469685750057,Silicon-Anode,1655.3248057894366
939,20.361538763171687,4.11023918707663,2.219005951249796,3223.624035196886,1386.629854260999,2.140449298921829,Silicon-Anode,735.1655316904022
42,34.28117375880049,3.2490246072963456,1.919570100447945,2237.515489716934,2276.0069861951006,2.269025930174914,Silicon-Anode,1593.6287250567884
25,57.04776273727128,3.355230369639661,1.4644504606746531,1152.2697019184507,2526.76718104936,1.7202722536101391,NMC,1498.4613052083891
1063,29.14707118414435,3.3612106561513233,1.5406472523827714,4969.7767083812605,815.348744326582,2.3265470290202357,Sodium-ion,608.3631052747374
131,45.37454755486749,3.4713174137521237,2.450489070567917,1334.166305256546,4323.086302104217,1.7169823530104653,Silicon-Anode,1491.4630419202317
1253,28.88303482773282,3.491650837981486,2.4315408877685742,1103.8632121114408,1101.451317107826,2.416821496798245,LFP,400.7449889634675
108,32.866799586381944,3.6806941558183444,0.9305380915716686,4489.829146670055,3320.0989421842346,2.8998880013712807,Silicon-Anode,1479.7163262681827
172,53.92168358405936,3.199849704208052,2.122209132610636,2067.7055757501594,2574.3010407544325,1.7935478089545593,Sodium-ion,1344.5931400943334
1459,49.15445769079788,3.8640583297324866,0.8944853323340336,3531.247291108732,699.9657745492481,2.646845577085653,LCO,93.93052681693754
102,23.815971092528425,3.209458174130633,0.9270749557679028,2181.824064581378,4206.51515587101,1.535253634227486,LCO,1556.6485665111525
866,37.14808083945734,3.3878856026306843,1.8521860683291536,2444.107937336779,3922.1635543938396,2.0632458619824314,NMC,752.8683050017798
524,21.166790545810578,3.6291814132576925,1.3100021971750968,1900.8744824705454,2644.6059188249583,1.6661227617457635,Sodium-ion,1148.8377798475087
275,39.23560586412036,3.995550701904347,2.3630888142130404,2240.7848243306426,1492.8751109438365,2.028713162393549,LFP,1324.232199449917
1068,46.49736046804272,3.924336541548409,0.6780194697920177,2524.941682463481,1074.3292736523676,1.7603053794583252,Sodium-ion,476.10559709777584
817,24.740104943926063,3.8069179455131525,1.523051281618986,3825.7474901878404,2017.2306697852937,2.059957485184331,LFP,850.0680367559014
957,31.55539755636663,3.1947165757252125,2.3370430608862423,2948.4520157861257,1596.170296079753,2.1262842091612955,LFP,719.1530937115499
1041,35.91346502008628,3.683806682019472,2.30822732095901,4762.973912059303,2576.095683924565,1.9508866841713774,Sodium-ion,586.8443550553487
330,56.78124098624199,3.109308127249857,0.8130584268314824,975.8976541228571,4368.996254881373,2.484932924209694,Solid-State,1218.742634795937
12,59.73020061691856,3.4717039709958133,1.233275400192913,2912.8869550545182,2842.3186235956014,2.8782780768883645,Sodium-ion,1520.8183706278944
1342,21.796451959824633,3.516895662862449,1.7382428000933925,3253.744113093216,4070.731117971382,2.1008930611579086,LFP,317.53759143818013
216,50.44031693981568,3.049764299307192,0.8187897695428044,4664.827341511951,3138.427466233531,1.788514734712532,Silicon-Anode,1313.5321035886543
339,34.86896265609373,3.3424851243374647,2.4360443440914774,1006.4657992099958,2453.4614536900817,1.906084137293975,LCO,1245.3295217664754
661,35.6983274491792,4.194561834083112,2.3294986574553205,3208.6982567279074,3932.969494660148,2.7810012352445534,LCO,935.5745246340473
1105,50.17059893388091,4.192040759787112,0.8339003580689384,4385.24569981742,2438.3356296746906,2.3574595849052216,NMC,433.7674568467494
374,56.73705728581635,3.440408817815674,0.7423109225219708,1816.0964581007936,3987.649864990408,2.182516548460436,LCO,1171.758639373038
976,58.037143780101935,3.053875136185405,0.6708169656165306,4480.427863800537,1737.1494013454846,1.7244550822633902,Solid-State,542.4683394375376
710,43.08490344153283,3.2238686741602267,2.318887328073262,879.9823189520257,1102.3709876756536,2.1745909624856727,LFP,853.5923433282458
1224,34.28484637202011,3.490272241791925,0.8872476195909216,3876.309442361665,3935.7264110154597,1.91773800503608,Sodium-ion,433.42504398268534
466,51.50196343435117,4.1847246224615375,1.3325698570887095,4719.075528908343,2890.9191387914007,2.9147446917800237,Sodium-ion,1062.7077654855616
1113,30.04005533049201,3.1764988294214813,1.397702731304006,3560.2301788882614,4067.4603531709445,2.826105164123597,Solid-State,533.1779901092907
1292,42.56296115334071,3.9543948045852653,1.698022088427135,2643.9228247178817,4257.526107270294,1.625853812742297,LCO,291.53122600522244
489,34.34313846099492,3.135853174218365,0.6434706874948499,988.5002691854157,809.1507224486518,2.2749802338918643,LFP,1101.210118183
47,46.26524294831505,4.226571971739096,0.9535172348010319,4664.478015955041,2553.7802772495866,1.837587518272008,LCO,1541.3261224443165
1312,29.615956515740276,3.4770206238864185,2.362980773837852,2775.2441353046142,2062.361741390664,2.116165634286436,NMC,335.4641499473196
778,27.66371782939303,3.9690431736238203,2.316820214537139,921.7863262109817,3040.847748573457,2.8152719973771845,LCO,892.8047289794474
1040,56.729563467017485,3.428238853513915,2.0625812948113844,3697.2484995808,3695.005669089062,2.291271779832817,NMC,466.10119770147753
711,24.072147317981475,3.784586096448511,0.5388024912364309,2823.7164650202844,1694.301842300039,2.0013229400561396,Sodium-ion,941.1895555399781
401,40.23831630939726,3.240020105925046,1.1540135369922042,1322.250333258125,2771.513699055369,1.8118325311574957,LFP,1195.0306286372659
981,28.834111318520357,3.1825262741212033,1.7559174706858156,1699.94159910309,3364.041461629108,2.700487289109734,Silicon-Anode,654.2607670846692
1110,21.5571985330267,4.172580174460164,1.0503804235469514,1070.8608579145543,1124.2812230593627,2.4367770230465204,NMC,517.4058371534642
250,21.440752731657057,4.1470590973805415,2.3191733901075544,3212.032866776009,3774.860933209941,2.202098190639347,LCO,1409.5078985406772
391,27.008870884233094,4.109336175266103,1.7677789236648838,3412.5238128584388,2963.827439426595,1.8262265307944672,LCO,1207.802918677474
335,54.67081418024001,3.7817918127082417,0.6438134346328912,2924.1176530928665,4303.196004743242,2.001369561235697,Sodium-ion,1201.275095058963
629,31.299149759081068,4.010335264020348,2.318011177671406,4231.828958610982,1924.1627846097037,2.939765140107778,Solid-State,955.0871728507127
137,58.01836682301183,3.0862961711392187,2.415533316352445,4416.237049493657,1021.7691751150747,2.2801349064087515,Silicon-Anode,1328.636861850688
883,43.26489171956774,3.418486302363349,0.655424836783451,3385.622466069132,2575.3546840440085,2.101048921864879,Solid-State,726.904151032729
688,37.46456759075065,3.3921289059464454,1.5647204697226298,853.5772147712083,934.6620096668115,2.282133063522486,LCO,890.9707682571278
827,43.20355338677818,3.7945566524407663,1.1067285644283409,3719.96455414049,4381.153440963626,2.668482758849413,Solid-State,737.9893346120812
727,40.66793540905071,3.4449472168383006,1.2856781529628047,2555.5967110654765,750.871337203047,2.0101634047543033,Silicon-Anode,886.099398890686
594,50.351050150293005,3.185633477054601,0.8593024359106838,3175.3414295508255,3538.6652143185015,1.7680591813989133,Silicon-Anode,956.7864548320383
1247,31.29984263891409,3.7455838442669296,1.656144204024825,3526.1385284793146,2647.899352754752,2.3774041775085717,LFP,405.60288433268823
990,34.122015664012096,4.017979900836352,2.415958706497781,2270.9937801737224,2037.6205447433258,2.4978061552216007,Solid-State,631.8558855359308
372,55.76377210133003,3.4776543680749663,1.506145200543218,4651.813721721535,856.7844415837532,2.5690770044378244,LFP,1227.93562894218
935,57.85826052601622,3.165335893873102,0.6658291627889623,1362.694440349081,3026.4510042770703,2.8229813861491944,LCO,560.9541113819403
995,55.70232909945898,3.245860246641029,1.7400026669548168,3620.349590580357,2882.3592846247257,2.0567611810336697,LCO,568.3030723361613
402,36.77791975829254,3.29685413146173,1.180445988902514,818.3102358176378,1695.444764963639,1.6130323443433376,LCO,1191.854169964332
1467,51.21462012027527,3.3748719912431704,2.2118503791825956,4683.534642701759,4149.864635500217,2.9375228754464136,Sodium-ion,32.77875964608027
615,39.05342933204395,3.803493838132886,1.3693562966329405,1272.5173595999843,1786.029028637064,2.152517891156213,Solid-State,1003.357501315527
1297,39.90159408584409,3.751181855672149,0.8856792178844912,1198.5137666198134,2353.929101309214,2.434886264509697,NMC,301.2626876930027
1183,28.187204362291357,3.870099826958799,0.8822112453822899,2198.6320588194258,2720.673578082757,2.4994579846924383,Silicon-Anode,421.96813719485385
1176,43.64521213034066,3.4531274806643912,2.0375283614423205,2368.9784013641383,990.9043248875157,2.3197705630518053,NMC,376.3636695502695
995,27.445435910133916,4.029997064849972,1.0311751966147198,1700.0603037560902,4235.4307049331655,1.8078862946044052,LCO,637.1008152823396
620,33.262587962687746,3.2551095764447004,2.034466788318446,3257.510975893924,2060.6909945590605,2.6327145751742123,Solid-State,1018.1933435304486
188,54.201208064797406,3.586300934397692,0.9117746215331988,2660.239211776247,915.0389341099401,2.7056279614561225,LFP,1289.4285856688252
1122,28.28303236843421,4.001173401926788,1.1433727374026188,943.5374739725671,2110.4355773337866,2.3294633790261594,NMC,541.1959068393583
131,22.846331406937313,3.225198309665774,1.4309739448793988,2142.538661472263,2940.789933661065,2.2328417408772623,LCO,1507.7522250268762
805,22.76030370451265,3.1373288921759785,2.3863916993869014,4203.8182370073155,2603.245420103185,1.670907274691978,NMC,820.6650980719951
1195,57.63138082012431,4.104604959609987,2.3634628495076493,3696.746446419848,3308.7136987453687,1.6259274922496758,NMC,348.001140505801
936,40.276817518473386,3.428662078448995,0.9137437508445756,3844.457585035498,816.3873740648514,2.009347268345293,Silicon-Anode,646.3022804406451
986,36.37648287268073,3.85483765613629,1.2164380824861456,3732.091081150799,1709.708380061019,1.9662692332760898,NMC,648.8982129288335
183,52.435143240316734,3.031685755329923,0.7987987769075446,2106.0866898087397,3794.999249676399,2.930484676444907,LCO,1360.7082336132269
983,53.43303711642064,3.862558610511812,1.5199701586269942,1218.5884727224586,911.5853823863074,2.675434113665145,Silicon-Anode,547.2299889606162
364,33.28764132462418,3.3951266394337134,1.4211651013893332,1944.3621729390031,3936.3952233142345,2.48988644288859,LCO,1241.5311860769993
39,47.744722298951814,3.069676066984302,2.301520324901465,4293.498260777669,958.3947591007144,2.2764721335264078,Sodium-ion,1528.0889298180962
497,50.84491263407546,3.762265951935146,2.3600107555821452,4917.977350688899,3854.3714380776155,1.751051296089977,Sodium-ion,1035.2820679934648
1373,46.18602747463818,3.3010047700914664,1.2671347820145842,2874.1574619145576,2007.074764207034,2.967685008276426,Sodium-ion,166.94157538278478
982,26.063802992003975,3.48350905256485,1.4834758860379789,840.7414906767773,2987.6153467031418,2.0625610473603153,NMC,678.9925160983502
921,55.03532334068228,3.100726015358142,2.292472498292266,1388.188210963762,1196.259751027193,1.6603884036708672,Solid-State,617.7465106011601
1421,41.563782109440346,3.183954063868682,2.1134156154901227,2152.738416328316,858.0580147282053,2.2406983435736194,LCO,156.08406276396377
722,31.298897054800147,3.372471544369805,0.5073126226892986,3230.058464090389,1442.158995678527,2.810997017419625,Sodium-ion,926.0389076846647
1185,37.009127417507756,3.1121993757001962,1.140119128367165,1115.3933123823185,1098.6298898439127,2.830936502665994,Solid-State,426.6165751365755
16,21.502843615956294,4.138532830857894,1.3435484838722518,4762.100654581503,1818.3830009505639,1.5164488740846709,Sodium-ion,1644.3644736747196
493,25.1146720488967,3.007558803979973,0.9594325673664634,2333.3514277944832,2606.0946613929787,2.8294436171270996,Sodium-ion,1137.5500740181399
1450,50.62187002063443,3.6048252735803894,0.8991432317918775,4632.853715284256,2896.161907903537,1.9072263262497877,Solid-State,120.78101826700853
1132,20.000465390214647,3.1540593226656894,0.5755690131913593,4078.191571579491,3680.4856187809974,1.5584585459526346,Sodium-ion,542.7438362561437
894,36.662633139291685,3.3845988618474356,1.786739450139521,3972.836544565441,3159.3355836685987,2.7716854055443116,NMC,731.8688457375971
1474,40.90040724342354,4.157574449772832,1.0250205809663313,3348.2222350853745,2974.1574680052568,2.795800133982312,NMC,97.92015010113394
311,22.185376800038892,3.2021181915924837,0.6046943568626262,3432.492031617747,2205.949907194521,2.394346619763525,Silicon-Anode,1332.8130685600897
739,58.92312651889331,4.207290399647916,0.9619586210561273,3479.613587908242,2447.8528963445406,2.3616506359445375,NMC,795.1109289030635
1194,29.045013249986877,3.257242971236777,2.103827905672253,3440.629825507445,2216.6312346217064,2.7196804089321294,LFP,452.12527208412405
546,32.16794878545123,3.9269576355835367,2.2029783632930933,3125.658571873117,3884.447517239394,2.6794643290654196,Silicon-Anode,1046.6727517033776
414,32.157700490201094,3.68334658112164,1.4661324903866053,4942.938877628133,1497.0017649387594,2.8351582101640562,Sodium-ion,1236.033049732558
251,29.216666484693995,4.105598409495949,1.3321413408173723,3875.6203831879234,622.311633013662,2.3291211713950553,LFP,1345.6720698512179
759,20.058952883452456,3.6924915693789138,2.4557073870035637,4063.174831248589,3140.147599182333,2.951470639099213,LCO,922.8713072977839
1165,49.17379176351986,3.6681990239453857,0.9011293191761398,4464.343823351432,1389.6025161914424,2.9942202464000074,Solid-State,369.17453204596563
1298,58.67381999197141,3.2443225004605,0.930718565709217,1705.6870034485664,4071.4490316082565,1.6748169149979488,LCO,256.9494329442525
1440,28.971739331401803,3.207786702564573,1.0837343540727995,1151.9774681992553,3950.280685855959,2.774315639331183,LFP,161.49804950175218
1063,46.5218876721369,4.1456114388943925,0.8455146365621746,2828.1566337141144,899.2367505200029,2.2497333866228835,NMC,529.7187156082712
814,49.6758530783486,3.409797748562543,1.2587311964083732,2959.1389216009475,1014.9147811149016,2.0813495074497483,Sodium-ion,731.2557286863245
29,53.93701516362099,3.46510281870362,2.3216684539795076,4282.563475789654,2531.1692097619984,2.4196084648240728,Silicon-Anode,1490.0868750995476
958,36.90516788054437,3.949779573035485,1.7306956812571486,2663.89103298581,2975.9683848004834,1.5839483358930107,Sodium-ion,645.0142448895166
477,32.11723622561717,3.4235293530285094,1.3238930972245273,3197.5827072861134,1672.142516180739,2.2596916781506198,NMC,1160.3285635764767
318,33.011805360921244,4.190078058298753,2.3688215891424296,3013.697941756525,3395.5110951275456,2.80633585504,Sodium-ion,1273.3427659980432
245,48.50485332394051,3.9224097112485,0.5969284649516446,960.4516917810424,2920.172481583599,1.8201922742084533,Solid-State,1303.0858935750236
748,52.67117866022544,3.746786553216775,0.9205523558037227,3383.902565707039,1866.8140280193634,2.1395848421541377,Solid-State,820.0554069869204
697,27.264558710264104,4.101118950680941,1.631777210203518,4277.78180025186,698.9488033650308,2.909221331572313,Solid-State,913.7581913177036
272,34.837640326310606,3.0620073854368535,1.7311052463863583,1461.502301918376,3525.586097064219,2.142845756708546,LCO,1316.5437113649552
1464,56.077607869966,3.321328365236511,0.5791150131252263,3296.193282491702,1437.5392967178227,2.0375514484985975,NMC,137.70674237412203
1263,52.26774078778957,3.5812954177761376,1.3060775158142643,3293.1642866749403,3854.447599504251,2.1608049721850673,Solid-State,266.2287127341097
377,59.39433611049903,3.2837231743394013,1.7983079296617455,1489.5768490367068,2239.132014211595,2.2791791497763345,LFP,1170.1177253519977
266,50.16993038728323,3.92988148412769,1.8961410928068032,1318.5470096690913,2850.602026263885,2.447987016197203,Solid-State,1281.1715092330219
926,35.72780804111689,4.149010038817156,1.7762798050325386,4916.2181605012365,4004.5000485951073,2.701039201375097,Silicon-Anode,687.814896455461
921,43.625513359785515,3.5297126499136544,1.141126448721849,2453.6205125427578,3968.1297035878183,2.1781533086464715,LCO,663.3568388257634
1383,46.44057016989281,3.4276657501398686,0.687040247195819,1755.171260638823,2048.9263434499358,2.7262214026352103,LFP,215.46163770000246
340,23.13823265268496,4.201938415171957,1.3542248928386682,1519.5630867083748,1414.6666815878882,2.300580992028121,NMC,1312.4407237189407
389,41.779878364154605,3.556065541034426,0.757508874736111,3603.9271970495874,3623.0697031415193,2.0077207655519667,NMC,1243.6026025122528
577,48.37283313890438,3.611310500561604,2.395247317041334,3359.670248774571,2289.0127940483117,2.486926242179121,Silicon-Anode,958.775253329753
3,26.692852160042413,3.439562340427382,1.4503417320452565,3502.9189165471535,1348.963774880116,2.576583382115237,Solid-State,1658.5841016998193
1453,51.22526869702229,4.136935591265173,1.1345183487137351,1169.6253155480995,4127.258835036886,2.337073463444231,LFP,104.23084851735103
1166,43.35091122056447,3.7111943541023136,2.0326081422378,4552.845250693435,1372.6063575402409,1.584922459702085,Silicon-Anode,376.54715211900674
376,58.08887142790378,3.952718233977056,1.4958971851645277,2434.9188665980028,700.6479559458012,1.7548243127412373,LFP,1140.4977079139069
324,21.69689192827567,4.014758397938608,1.1200680480249001,2116.1515070075034,679.0918976929379,1.9279465813353422,Solid-State,1355.7502697678576
146,30.61304550221868,3.4273113023965727,2.1239354847816037,2741.9180784405044,3027.0298901716305,1.9239384089272398,Solid-State,1483.24479191289
293,44.06215517199296,3.542117914150475,2.234304302002244,2438.2774761400387,3180.532736798368,2.5101312003703056,Sodium-ion,1337.7744784484414
432,31.862396488237227,4.060589718007831,1.846016332577354,4427.023413184413,1813.0626497222372,1.5275229925104488,Sodium-ion,1165.5848222070629
705,48.57696656284969,3.4540691895947626,0.5939288448153346,4702.896095831147,1848.0428580635473,2.63352266557428,Solid-State,892.6777454521119
949,50.36021130087724,3.992418916814814,1.6326457603330642,2074.503509088346,1924.0262687337768,1.8980137122103997,LCO,613.4706501252107
585,24.10063856265898,4.1762404032180465,2.026589823994563,4428.53039133181,3252.618332359627,1.9650327693241536,Silicon-Anode,1062.2508923867572
399,40.55417856827071,3.7790129663350087,0.7730060241671644,4082.397144038882,826.7217850046314,2.2918647419158864,Sodium-ion,1163.153059380611
817,40.355622223642236,3.927034109314861,0.9573415027692067,4709.392223847999,4223.55377549617,1.8238884014084362,Solid-State,764.8711280956368
1368,34.77123080862164,4.006371640051419,2.264990210136273,1832.151311180729,1467.8320722920412,2.826706970363291,LFP,235.96589428510072
964,57.31699450278688,4.056299561120803,0.5402434437061481,3223.228430508112,4498.7255004441595,1.6280531689898479,Silicon-Anode,506.08848994019587
1164,53.10025279492885,3.493816672320995,2.0054542756519522,1953.0872559098675,1268.9385057700292,2.166573543451597,Sodium-ion,344.51235317530234
187,47.888375276385474,3.064079323969998,1.4475465850288458,4261.196860034372,3609.031183518272,2.7741334041823347,LCO,1326.884586010367
61,48.573065429399904,3.5023453390459243,1.3935443176792137,822.3616003984699,1471.3089252255377,2.4237658416318535,Silicon-Anode,1522.3546133618433
939,38.468645752524765,3.842195287230112,0.5141930649897744,3172.2404841228636,915.3025264086905,1.9384942737639501,Silicon-Anode,666.5869767996064
1404,56.83978084386303,3.562937982225991,2.1387964619329853,2224.6544113420555,4012.2399649675303,2.131140311664691,NMC,138.2902290961844
710,47.783817090131414,3.936203938575498,1.219649801273133,2155.271569726845,3949.129910844478,2.5600415705137722,LFP,869.585530428023
807,49.159242466232655,3.44622803683583,1.5815312626010858,3508.606560232651,2173.924530553445,2.959891115045849,LCO,743.0372207184234
1464,54.46763615149381,3.7934301763800367,1.8546013726713189,4376.234687118775,3339.3449559076644,2.83970807756915,LCO,97.14646369725321
1343,30.962863573687642,3.233024756067468,1.9052591528758316,3358.6206438519703,2772.557137467277,2.013649212573565,LCO,260.379479311956
1326,52.28283615466812,3.936711795806196,2.4119601176521446,4383.326510316234,3926.5288433276205,2.9972968189317863,LFP,223.53539676550366
1368,27.80962411825968,3.6821199610162823,1.5626799064732182,1911.3078699003258,1828.7182803427522,1.5052569952965875,LCO,281.9379742225644
11,33.813678089795516,3.2550804856832505,1.2994391019488551,2981.9077900129205,2642.322359996042,1.5414446337126226,NMC,1570.7150568444147
1086,33.42441817079371,3.3648889668722592,2.4074072529834156,2692.2534640817194,2492.9522476977468,2.735760772756791,Sodium-ion,603.7170497203889
226,59.14101873556562,3.9357608857272903,1.7842204700510422,848.9085779130041,1980.232722401749,1.799194030249578,LFP,1294.1500691271772
1177,54.26148894991707,3.603251544576901,1.0963007125531112,3138.6110011911087,4076.674751769852,1.5911539025943613,LCO,352.00378046472156
564,48.04679446361039,3.2700393004913404,0.7529284908071423,3578.4021614139347,1246.9239061838884,1.8557221098547534,Solid-State,1037.7347729374314
772,49.082270464615604,4.209088987962872,2.1851090029303624,3286.0404985600944,1183.083694130715,2.1391502309712904,Sodium-ion,800.5448014667933
1334,42.48291177610284,3.89390627477111,1.2243632055883031,3892.3755748903704,2849.9471877587303,2.595849405650107,Silicon-Anode,241.02030338050014
885,57.88362668434076,4.196418540674745,1.8209394427288623,3199.626019502924,3164.227496941274,2.436503289826808,LFP,642.718729215088
1267,39.85035011529446,3.533881306700429,1.4416328387317963,1080.351070373179,1359.0150918658042,1.8564318263406308,Solid-State,298.49488626512266
1390,35.22070839479578,3.593875425864651,0.8978595595900767,1289.071201155788,2123.798024793034,2.2549056721508767,Silicon-Anode,199.2055219745675
1354,26.52141347726364,4.122444020231274,1.7033732172409302,3305.1932256846,4291.598987617101,2.889321158097853,Solid-State,315.34460149491946
1131,51.44822609044232,3.656311675306731,0.6213661379013646,1954.9126062892888,1561.8079484936286,2.7225116654756363,LCO,416.8044166143029
226,49.377757283023655,3.884098639882084,1.3266849197423844,1134.5095419460165,3206.6067382578367,1.98478467724769,LFP,1363.0181146180075
825,35.374201540965394,3.3152160968694124,1.593229879327342,2604.331522483896,3486.582635420604,2.9733968420335444,LCO,772.9906673805552
218,21.007736558369174,3.558408085878301,1.3720939482371581,3128.1549119513525,2347.7019279141223,2.562930600652696,Silicon-Anode,1407.2868909307517
937,53.55989310872043,3.154312332262944,1.9973443505019817,2180.7331510683475,4256.351348362374,1.5936740335001727,NMC,625.1786883345103
753,20.456719338162944,3.257475044846202,2.155849909090625,3825.8215493482676,3472.961267353283,1.552741069932958,Solid-State,963.5753563018986
506,48.14799118516204,3.0011792690845387,2.042486148066356,3503.8365540252275,2385.9058614575015,1.752611923515045,NMC,1073.8641495807576
259,58.81028438904228,3.049081314560825,0.5776258956236042,2197.837116585022,2820.4072869267666,2.59178380207522,Silicon-Anode,1245.6680206723936
54,37.50645312592814,4.2216047789711615,0.8882575408919444,3970.4646214159548,3301.1924293578927,1.7756083887636418,LCO,1564.583838793202
1071,29.39893619983811,3.302942118920953,1.5732150185275486,3524.519178638749,2909.541703673951,2.26723015381325,Sodium-ion,643.1270171508529
727,48.19484040173527,3.829138386880002,2.3696440808876025,3477.2705906151887,4026.920576921696,1.6398901802712476,Solid-State,845.5994462540708
689,52.68512568062341,4.048874623499515,2.1699135501042335,3124.3963433056856,1991.8657828935645,2.8813292367452927,Sodium-ion,813.4660799713782
1123,41.8572126431139,3.688325574045705,2.1850690167036033,847.8366059719217,1769.5543862176391,2.0159409203753516,LFP,450.9140231887406
1044,58.681411010245846,3.191430625104945,1.1064163875193498,3725.3301706029342,1433.9716690315308,2.862198084840946,Solid-State,499.4112559666179
419,22.066748866318445,3.9101455466702078,1.3588957941574051,2379.375522658457,747.353575451921,2.9173134628658164,NMC,1202.6128967622747
690,40.19182393218112,3.750314262624479,1.4414118946318748,4758.960782666353,767.7544610822158,1.5091929709705212,Sodium-ion,899.4677811440772
850,48.738157892902,3.914063236684219,0.8147431666998208,4235.536038524262,3993.215253126203,2.196202780798098,Silicon-Anode,708.5557846862891
62,54.505618845967156,3.962183278571359,0.5621362604889126,3268.3167720315114,3245.7332709830384,1.5369840835603394,LFP,1514.3555681114476
1169,27.170224476311603,4.219262959605931,2.3938057989210337,1859.1643236409316,3176.076420202296,2.863039149454359,Solid-State,517.5739734961111
216,52.00013927054726,3.716954100033387,0.9814251713270135,1655.6130517661995,2997.1069938460555,2.2776113171018637,Silicon-Anode,1341.6140627116051
3,42.10828302874181,3.4270513908632525,0.9798978074472626,2229.616318245706,3911.954664307009,1.6124160190477452,LFP,1530.4998926221695
160,35.86214727959853,3.8105806961252964,0.6667581075375191,2801.585363036078,2473.041010095947,1.6654150924148503,NMC,1469.577739082804
781,25.268601143163743,3.085550886553283,2.357015503887557,2043.4751421635779,3994.602231377371,2.075263536739109,Silicon-Anode,879.5634300788512
1144,54.6118303563565,4.121746647901983,1.659474229879544,2962.703880648428,2001.8356021107327,2.910351289309334,Solid-State,406.45128800153265
893,26.290928327188613,3.149226264172746,1.8340737142507078,1494.555787155381,4214.159266922454,2.5393637273521215,LFP,714.5807335376084
1113,32.39151436836397,3.409803547357273,2.323153774526105,4906.3938138671,3324.7622223168364,2.8014282992836987,LCO,480.5145947968676
329,31.601821278497475,4.019681725782651,1.191240337801579,1253.2831308529742,1602.9908304952664,2.0496849695099693,Solid-State,1277.9221456476585
580,54.85656136763417,3.7466404729133895,1.7430146222761682,4714.165386548362,2799.931194585638,1.5648205493249976,Solid-State,912.698543541786
1381,46.90811976835592,3.4920444003468027,0.5775989094577749,4637.027647891318,2678.819189804197,2.961476455806621,Solid-State,193.79464214120648
1291,51.86725588765489,3.5917945742187767,0.8735450564622587,3006.5140236418915,1137.8054047483024,1.5257594859935544,Solid-State,244.08542341331093
952,30.01871595169996,4.068184241502726,2.162491610179885,3844.623141711554,2905.847332427395,2.9214774796216334,LCO,736.057775699923
1347,44.994963984279956,3.425005482574865,2.0335367126766712,2631.4028514848687,1827.663932496136,2.053016135773717,Silicon-Anode,212.80084557693243
635,42.86983932574995,4.087062106015214,1.2012853829142938,3446.1452256782404,804.1601905574495,1.5151356075328222,Silicon-Anode,969.8644715936492
988,53.31321507153084,3.1101680387208646,1.253621255548425,2230.4189371686984,4299.7590150556025,2.5337358475867626,Silicon-Anode,503.5196640965461
1219,56.24348241925042,3.9709980465107884,1.567108867107159,2064.86788309887,3101.8124393507223,2.9708104560470314,NMC,292.77383067287656
921,20.486270859095473,4.059434541318421,0.5004820093702691,3228.5651019119578,4019.9838342963035,2.9484385842563885,LCO,741.977363464476
738,46.960796762351706,3.2272720660466736,0.9824886720760557,2892.1446315727176,3236.618419551687,1.7414055168036278,LCO,793.9529642354014
1356,22.07343196478916,3.5379331654652506,0.9164636172164289,3234.0527504299207,1992.2363993464405,1.7718717090992324,LFP,301.1512550207247
170,41.95434660309424,3.2068747183295696,1.000965893499527,2003.9744414054965,2599.4834820823644,2.34830837192949,Sodium-ion,1402.7338409315346
521,31.505309161747128,3.883255161242772,2.1118116850668827,2341.2228936313804,3235.4123653539905,2.455957239642487,Silicon-Anode,1091.1310637168892
1487,32.27106398088565,3.669184710077071,1.0593477130928863,1152.371434641419,4344.984068285607,2.609126870498798,Sodium-ion,176.29370840234105
40,34.11834013809426,3.7941541833854013,0.8830426441002963,1019.560763543264,1589.3108905746162,1.7715755407082212,LFP,1588.9822965834107
1285,44.85169796198441,3.245608708695264,1.508526921586063,1864.5199446266683,4012.410528634059,2.9385106301466517,LCO,290.08097222559496
1419,33.36199862675077,3.2646823275655246,2.231290072745464,1111.8368091882921,4203.903440647651,2.458108884433857,LFP,217.0433748516237
955,49.30796202361122,3.051871656887383,0.9826994076749997,1235.853776265911,3214.6205071699305,2.770570378305832,Solid-State,625.583811338983
1250,36.18109542295478,3.402584418994662,0.6570724855855974,4214.2993026545355,4231.939846865218,2.3100985729262575,LFP,359.2034437113092
984,22.734128012398344,3.6996808266670937,1.2128094716993294,963.269527470095,2151.726491161737,2.1214152713848238,LFP,673.0448286634355
1148,51.35039369936429,4.072418642496661,1.9953036491299556,3567.55973452592,4316.763086557727,2.965774359892494,Solid-State,413.2688266904998
975,31.43033298370824,3.833659309323351,1.6013810893895892,1944.7425450246822,3340.853220947302,2.373182056229754,Sodium-ion,674.1987667880038
38,37.3106751839705,3.5442454042496894,2.133586739148695,4460.491858974131,763.8224929333664,2.8003103741987685,Solid-State,1603.4132539750276
328,47.41775532887606,4.191400142992672,2.419184295218468,2836.9675952254984,4136.804044094306,2.929938594549435,NMC,1226.3190167922855
1275,33.29824628594848,3.89905650071979,2.085324953503234,2083.421129176868,2489.4439552294507,2.513031940512989,LFP,367.00310722290885
1200,22.263426245868626,4.162706503578187,1.7076061576875068,2974.083529895625,2395.275240633548,2.3234080177780125,LFP,462.0816784405338
914,34.95684188051254,3.659484966590207,1.486683176104761,2404.2236799901293,2809.2197633205737,1.5052662763659759,Sodium-ion,693.019396213831
454,57.777943307772134,3.3236303434914243,0.5801381726965333,3170.064471613287,1182.599732407789,1.560029461108509,LCO,1045.5501422300565
37,45.66937589194232,3.0660333579559023,2.4686439576280828,1281.0380469706627,2429.7475894128547,1.8012768240766746,Solid-State,1538.281367959575
1340,46.85916594668828,3.9076060643548134,1.266962245150085,4987.360111812714,3841.396145199208,1.779012647783993,LCO,248.59658795198888
973,45.291286145505595,3.151628747506918,0.8044564278337336,2587.3346863262136,660.3815906363099,1.882138192799768,NMC,598.1453841014586
796,27.959685558377473,3.3784689103399588,1.8334177107929135,2262.5686867709483,1664.3769252650482,1.9574019565464913,Solid-State,858.043320480298
973,36.7333545640912,3.665588634854872,1.0685765781909187,3782.8813629283127,609.5728871309925,2.0400982403260923,NMC,593.8861372621863
593,50.03759193453273,3.7055207347246846,1.6715565418620952,2328.3775072803965,2221.274105684409,2.1308065351033147,NMC,949.1185345710509
1138,24.054915902126368,3.75072899623392,1.6735358156891824,4299.752081120782,3440.430490925565,1.6482995076840221,NMC,509.7474637978763
1064,31.11411104358849,3.2078191629371258,1.3914596418057383,2707.937042313786,3715.210133547051,1.563542897929173,Silicon-Anode,534.8149686895609
1325,31.052764338634145,3.474671756027061,2.1722372310900853,3822.1453357148266,4286.240068395326,2.510916673609535,Solid-State,313.8305779380525
224,37.28075710378024,3.7714927838962082,1.029934123110886,1251.3035090559235,2973.1679905860674,2.3060022372646163,Solid-State,1378.6474143291878
318,59.214749637687405,4.212273580792231,1.3972651832354683,4353.700579331469,1593.0447799462922,2.1662163033301796,Silicon-Anode,1191.1408978303398
349,22.700101867352878,3.909538922124611,1.575384257181943,3890.0155444680613,4204.177001633127,2.4516599117525284,Sodium-ion,1309.2371677760618
115,40.7480397752238,4.153254696367448,1.8272494415345992,1689.2104695402559,3623.731440133467,2.741519110805311,Silicon-Anode,1442.1139819535388
698,27.174587280488417,3.9527650728927215,2.067943701011179,1410.2012409323038,2840.2710837122636,2.141539363674307,LFP,939.3341063159666
1347,58.827061816389765,3.7396462111155007,1.2896145657565121,2128.4278646476223,3312.9968413038505,2.4616791975779693,LCO,162.1261098034618
1064,24.53214018909857,3.2400292114204308,1.792093888193192,4899.496461333998,4204.833784528973,2.930358335752738,LCO,609.9789250225238
40,36.14404009446365,3.833357064865641,0.8012219061370383,1878.6926131816463,3378.3367110443946,2.759436743792341,NMC,1571.8418189420388
1313,49.51539939338424,3.779224457449884,2.3652962010849574,2715.73427757586,2036.6605795804626,2.1390012157536145,Solid-State,234.89002292852734
1286,48.18217712109781,3.753086463071583,1.266117612842007,926.0849480128126,3380.809988927477,2.4670752567221146,Solid-State,293.7464104967051
216,36.90914547575729,3.612232334985301,1.9590428439528769,2468.3556241781766,757.0848346680127,1.7656063828739097,NMC,1429.052140330015
1171,33.86096671810873,3.6608207549865943,0.5406821637643553,3199.5440648190315,2107.020691139267,2.3407832773426347,LFP,472.47379494229057
336,35.904495142114826,3.41805315889763,0.910374285809614,4803.123372533453,2184.659824197759,2.971992436707664,LCO,1276.5701826924312
1192,30.571050526345573,3.649140865802879,1.474165088647156,2970.2913887482705,1250.669114241255,2.2774726728037833,Silicon-Anode,447.8555522816757
92,28.21331754827199,3.2469448820980977,2.256504935464693,4240.2507699462885,690.0333741519037,2.891457448785221,Sodium-ion,1577.1455808426276
353,39.3215879023556,4.006467996700471,1.5545102999013543,3097.9360987893824,1120.186822887197,2.1110023807548908,LFP,1272.6043182410192
571,30.741350242704293,3.232221193373385,2.359740964587758,971.297056429176,3153.023833608515,2.998267240776947,Solid-State,1082.7036085571242
816,31.498466595890005,3.106207862361833,1.4675937931655927,2123.034755797051,3728.9263838183815,2.3688300528413366,NMC,834.7221891061921
781,46.27024253898228,3.5453075329464467,1.4808981934718999,3217.3079328906338,4453.9936216352,1.5634034913539019,LCO,749.3777524374693
363,58.741493267995686,3.8228842993825776,0.7394935770010638,4792.494656910722,1950.8176621231278,2.380132195037082,NMC,1114.4773956195102
557,44.145488022375005,3.5471460311669265,2.1053124883044396,4408.34751095518,2937.578966818297,1.911859043519395,Solid-State,1032.8455141765958
1369,23.079178682598652,3.3459426649391357,0.993930824934125,1759.09357955116,4254.865370578976,1.5487219830538421,NMC,290.40030301086887
1194,23.02334455416268,3.697713979863051,2.29922497874463,1724.4612860804868,1251.4629472187953,2.7312799570419948,Silicon-Anode,444.30887044551787
356,58.05692883382264,3.43375291926525,2.321648440660792,1644.9264618783832,3398.8177867366962,1.913594455471134,LCO,1174.918601410402
191,31.891631612293345,4.166084612658292,2.3866202237482996,4674.495364470513,3544.4170592817363,2.6948228310697475,NMC,1384.8618838895457
422,23.682679443299016,4.153306424504465,1.54046097820618,4381.197843027227,947.0045898904197,1.9323263744338004,LCO,1212.3999758253588
700,43.961783486015264,3.627964774965119,1.8541875695672887,4054.5104154623846,3958.8726022139535,1.7914895308106615,NMC,862.0289774339985
7,44.94595113161064,3.409854992522823,2.0570317601233272,2449.487479741756,3771.109683732291,2.960903361156641,NMC,1522.308650846071
133,45.940192804747525,3.9214155174457987,0.7620292373009312,2918.3989580548205,730.2717256519943,2.0424679916325292,LCO,1463.1075039627424
557,30.696081114301652,3.0458911793538332,1.7019143899949944,2750.193328139642,955.2292180322008,2.402064317164741,Silicon-Anode,1030.2356438262104
826,20.604427368579003,3.593461257554564,0.5685958026066233,1864.2720517493651,791.594886178224,2.4149722392217075,NMC,826.8737890929918
761,58.60061477817887,3.420404242837917,1.4951321667774518,2921.117793824821,1905.4997740175127,2.3407102232602526,Silicon-Anode,771.2970348324128
1055,30.0357218276441,4.150669856378194,0.8096853632404548,928.0855009815688,2586.2270636517123,2.872043615281822,LFP,597.0082462751419
535,47.041051522101895,3.0150037840908532,0.8658458519241694,1353.6035686893285,2676.156139023052,2.5116616070503026,Sodium-ion,995.1314264994737
426,48.26519479514838,3.6910185946479364,1.230095133385203,4523.676303909575,1643.9003631008263,2.1055995061573953,LFP,1154.0014510509225
1418,44.40029668317943,3.9258294763332824,1.364874333433006,3957.0550215319777,4155.227857585069,2.793570576786411,Sodium-ion,157.64342523373784
672,32.51629576854593,3.6062724844050518,1.7463448490643745,2576.047318048166,2036.2248805004615,1.7715943486739465,LFP,1012.2607059786029
363,30.84385015056263,3.106753787703402,0.6488568368770313,2972.031521592284,777.6456082648748,2.316355136415626,Sodium-ion,1269.7231097994572
1461,43.90673130810812,4.215576737534878,1.5073835224748893,2353.9953210319054,1770.885735011407,2.9258255579156343,NMC,109.84202924085422
82,54.64382534446766,3.6475130392201223,0.8652502605062022,3911.2754420748242,2671.3267479222063,2.4380964448206193,LCO,1420.5121496941438
356,57.869349156935826,3.767732805398764,1.6479503500634838,4093.5861527747343,2192.065108094105,2.7254526757123143,LCO,1136.4165191983675
1282,24.236232176150306,3.295762228384384,1.774809224522367,4005.7977988532684,1667.9858244871107,2.480341088317789,Solid-State,362.9108439086948
589,26.193144503908794,3.604372606383505,1.6134185131057077,3834.9692443046883,1112.160674080838,2.7590562953068356,Sodium-ion,1086.5048923321629
295,57.78945035132318,3.5364368649479023,1.9765910209566153,1658.9182225097425,3794.741550375296,2.9167318197678656,Solid-State,1236.7914464701191
1248,49.461409133391705,3.0936198025024795,1.1712184884818027,2219.473912810011,4484.966444284348,1.9093825912991051,Silicon-Anode,312.28554156580145
1070,55.319752993190924,3.132700441934334,2.0302131832662615,2773.3508269314348,1885.21432074314,1.7544916218850783,Silicon-Anode,490.57717802675853
1137,28.105305365413727,4.046840649523468,1.3655341634163873,2189.3305639961536,2088.3220722887554,2.22598612549881,Solid-State,454.11717498315846
1257,43.50343484437607,3.2997749402582377,1.4683689966451936,3970.748840664982,3010.3463462401323,2.552793640236324,Sodium-ion,346.95810474000507
17,48.04558377669895,3.2436978393732883,1.7962042545221428,2183.28480184981,3401.921751468611,1.8407868797733242,LCO,1534.7025876877876
360,47.20447541787891,3.631139314062674,0.5367167679984479,1380.5747644984162,2128.9151857340057,1.5061521756452505,Sodium-ion,1208.0583076194953
1247,36.32606763466792,3.9609339142031414,1.8079884428404966,2475.969898602877,4129.2251162290795,2.014402673755058,Silicon-Anode,330.98564891762203
866,20.61579566765234,3.0774331482237347,1.7371702981442307,4915.640617685997,2784.0155579927814,2.9532890032016827,NMC,782.6587073681776
700,43.317042272170525,3.72100989954782,1.1196942335065598,1748.7019343210186,2356.521297983131,2.54245119090877,Solid-State,901.4529781566426
448,30.12406156718435,3.149013053550717,0.671588569798979,3371.066367561562,3122.02373732363,2.101988165911836,Solid-State,1253.6186987395492
856,38.01016984571561,3.045576313532023,0.6818708998260823,2618.4868093267664,4315.935008171775,1.7888641460202606,Silicon-Anode,761.0421534375101
365,58.30324060335269,3.0659299402027718,2.346447493970457,1098.3031841271718,3698.7539482446514,2.0341345106321205,Sodium-ion,1179.4251106220527
675,35.961412705697384,4.042705135260552,1.8785586424516743,2849.0817451918497,756.051209086985,1.754759149951872,Solid-State,938.8543174206749
1008,53.59206426657707,3.147465604535077,0.7542052275414808,3749.090180322912,1896.0086518858425,1.6594587319694272,LCO,505.12663731905104
1350,27.541624229970047,3.056439205515365,1.2134463386178127,2955.523898476839,2435.1242713097686,2.860113558858831,Solid-State,282.813379290645
467,46.89841992100115,3.5473748589286402,1.6849659878031928,4462.84546773564,1826.6185316155104,2.9964755075632103,Sodium-ion,1079.199477198578
414,59.08027817755774,4.054991839927531,2.1711434101812976,2013.5354699618472,3330.7314872387806,1.7461716593936853,Silicon-Anode,1042.359326460506
1479,24.07572403491747,3.3280104706116274,0.5873218574260171,1162.2465194766528,3822.449684464066,1.5817838383174196,LCO,149.07412028804006
586,20.33279768908768,3.5271407719073955,0.9732662629400177,4733.575568963626,3452.2458712225593,1.9945966607193184,LCO,1061.1599803421532
1257,37.34331170530457,3.049903165704689,2.27949798059076,2388.4246680185197,4458.399818630273,2.192488771142123,Solid-State,351.74279881891067
1248,23.70501932205469,3.561348142668595,0.518331100367633,3220.9033161052603,1662.9358267828136,1.8072318706137818,Sodium-ion,406.4736754554636
994,49.93537398704925,3.7220163507964172,0.9027982055877748,4126.413129746823,4012.459030595244,1.9521373676978377,Solid-State,577.8197757674433
1436,56.58194655394236,3.713633817190181,2.4180483519459317,2162.1173882774383,3589.828394180496,1.8013061035374864,NMC,87.29907947315657
572,37.36083890835035,3.4155333652179563,1.7268036930443422,3807.8910603459667,2012.4971544767698,2.661390852648677,Silicon-Anode,1008.0205672080297
335,30.348465686217637,3.3944164758289195,1.023342733275013,1368.7591692348778,3463.085720262178,2.568866914870891,NMC,1244.5221711734914
1246,37.37613276026439,3.1332795236707476,0.6339821887916952,2023.4337382631222,1005.8962300311632,2.4524272736414727,LCO,332.6127537488976
37,48.93791271400004,3.4584979008078354,0.5563826808944443,1407.7846717733837,3678.400581128154,2.0808267856188074,Solid-State,1505.4370832018246
989,20.36216646321484,3.124368336091206,0.9894901592738545,4207.168345285703,2676.0893500897005,2.8635614119713537,NMC,691.2030028541058
278,43.578159579387886,3.9582449308900642,2.262971639177821,1735.1267879524985,1739.9316735660873,2.9542988123025298,LFP,1326.4195465997907
1220,44.53166739549516,4.207842872185232,1.331827308595019,3813.094932701883,3157.5314769583024,1.760458968938118,NMC,375.3376070945178
916,45.50752987583742,4.212593070833384,1.940666738331986,4761.853268431741,3102.317994986195,1.834518962117817,Solid-State,683.3936988998458
484,29.68088319923509,4.0813388742192425,2.3365700707599153,3016.6432780892833,1416.996268606439,2.288446542000554,Solid-State,1156.4383238167475
1266,48.56210893512507,3.7509901866745237,1.3160809232056332,3068.122607494888,718.5499177649519,1.6368758539233679,Silicon-Anode,270.70267512260233
1348,23.655659453271056,3.87608212155485,0.8825547420747941,2736.3409860108104,2291.128088916528,2.1546725982346695,NMC,288.69979334523913
731,27.970813458672033,3.3565072533505176,1.534235861713839,2168.7386022532996,2821.0962904432427,2.3726868971665653,Solid-State,881.9292732502681
192,55.09880186617928,3.788463025215776,2.3161673741197086,2797.751129884652,4018.760585645334,2.2831103567059996,Solid-State,1374.9011350479793
1041,49.548926029062656,3.569561936799847,2.1087488282754014,3331.7916355203897,4220.045503025618,1.9963628746170392,Silicon-Anode,500.43651993550003
524,20.54982216045381,3.6025216747211655,0.6316596867263076,4941.164603116769,2662.340350811389,2.3136687091158104,Silicon-Anode,1106.642204017663
918,29.93505041479201,3.9472207004689475,1.8851456001551636,4738.611149136542,3539.8335866973252,2.9382014313882716,Silicon-Anode,685.5975139480761
401,28.57625931972658,3.3523979444965644,1.6437950449179075,4421.042424831112,2313.2827620791877,1.809026106437064,Silicon-Anode,1207.0206263102798
886,30.832253121478903,3.39754951461815,2.3149263526928507,4534.348249960405,3509.720410634283,2.4822470375910055,LFP,747.7465996394625
705,29.902390811195456,4.155802238910796,0.7449628337005945,2764.9665698265803,1398.725947262751,1.5650950412340778,LCO,944.5771330319853
22,22.50105182971383,3.0702803685637154,1.5680722264093132,3561.266174145352,2047.1524657337725,1.5996246067221525,Solid-State,1641.796053941255
474,38.357620663872815,3.6070428730166757,2.2589253870237846,4559.280236332099,3073.4891953730976,2.3277423363353775,Sodium-ion,1062.2561794749176
1144,49.30933899144661,4.141001000509827,1.320047573483486,2450.393212963683,670.8160658676074,1.6574087704919243,Silicon-Anode,398.0331356552406
210,44.269268988697455,3.7629537597726963,1.4639898354657341,4839.402409050968,3417.5991103219208,1.533520182640286,LCO,1351.5180765427804
306,46.91486674392319,3.6830088427651653,0.6409213553339166,2546.3014606905685,3858.5884549458506,1.7572694964720332,Silicon-Anode,1244.7175272509191
1294,23.245967141449565,3.3121802240366938,1.0562872808978216,3324.547194651506,2156.6524782664105,2.3472737564993618,LCO,339.82960227230916
704,58.059628407071486,3.4290943613305602,1.1490132983378947,3781.179795743962,2346.975426990941,2.5550114317783987,Sodium-ion,815.1974633898601
687,53.53967335372099,4.065060519755866,2.390244897489774,4792.486454918941,3920.000627644471,1.80371784621207,NMC,850.4948344638411
285,52.20361273982651,3.6990226647105726,1.065334721082318,1827.3883510195174,3625.0530777715303,2.5023891558122617,LFP,1261.5647911875278
716,52.9193522016707,3.643427742195975,1.421737470539304,3933.7501086022976,1723.7830072301624,1.773714496648844,Solid-State,845.1386252293913
763,57.30842032531045,3.124474641925036,1.8426088471285595,2987.425461805145,1863.506815590002,2.420186139946886,NMC,747.0204981200618
1251,41.770158644547905,3.0200351955689038,0.8243667448157548,1927.9399906066924,3247.6251063233267,2.1179395198436985,Sodium-ion,315.75472367929206
948,28.011280714705038,4.204606485858811,1.472884774283749,4061.7487271448404,2796.472560547829,2.480699264000425,LFP,730.4579593808148
381,44.671344314101646,3.471232709108552,1.9770780789518152,3119.3335767301555,1232.695327276338,2.992579128718871,LFP,1210.2985079864793
460,49.715259746717564,3.7540163276243805,2.233710426054132,3576.0900467286383,1808.7266459937491,2.906725447848843,LFP,1117.8126125366998
1031,49.51669573416102,3.0996438414841063,1.7525185493248534,2156.184488027184,4109.934779826751,1.5064226367541553,Sodium-ion,547.5858316967076
29,40.85796096667521,3.8538928571538085,1.8381070306338958,2821.350597675941,3283.8803032168275,2.8281581465434584,Silicon-Anode,1564.7167606489193
907,22.738348773343123,4.165708385882451,0.7525669451691379,3392.8878541498816,4445.299838973526,1.5997361927621498,Silicon-Anode,769.2563218850318
1057,34.844517537205114,3.7195815662467746,2.3915529944926943,2500.625419933345,3591.3488669250005,2.9295698792397675,Silicon-Anode,508.138300799423
879,56.83066433853429,3.1576441529692634,0.7651481549689647,1633.1646673603454,4273.700285360002,1.9227385186495272,NMC,648.7811894457635
79,43.377956390297044,3.727151909341846,2.0493458743635964,4838.890067724276,1443.1354380948542,2.0730522456169065,Solid-State,1505.4202128934535
947,41.533277730228534,3.9579340163808157,1.0296326435566376,2948.1636681789932,3608.7910117860106,1.6374573077635919,LFP,684.8089913515812
459,30.754140575287742,3.5080206707175234,2.367186287402503,3882.4655552083423,678.84832857641,1.6684091374933643,LFP,1197.1745759939315
570,34.737956796663156,4.099797184926835,1.939919078738959,2526.398212935444,3215.964084674982,2.590110847843979,NMC,1025.2870430435178
1454,55.81384356612677,3.8108536916967055,2.0076274259567377,2291.5534089080084,2430.2008846689414,2.9164983536224374,Silicon-Anode,76.06447969872306
738,46.65852190107343,4.124061147861504,0.9381183461197666,2510.090053561925,1952.3642804882677,2.4161227424314644,LFP,835.5579457319374
1309,51.49548107009331,3.7793816390591717,1.3860799532703216,2518.625903899729,3963.3769739430477,2.5737750232902163,LFP,252.37636154843247
516,38.17381692270621,3.1641099650060305,1.7356263891785728,3085.556486956205,3931.6440013643696,2.6429546168957305,Sodium-ion,1051.8336705748088
1123,45.20988877824632,3.3871146388814863,2.0399472364132016,3082.573453921725,686.97664910471,1.8942214118294125,LCO,447.66085651797033
397,29.9353443497283,3.2522436853155714,0.7079187518247791,2888.046026708061,2977.069977552781,1.5678444463803225,NMC,1227.5548388688808
39,48.21843321133945,4.1360331221460775,2.424730632909057,1366.10029665324,2034.54567485173,1.5028091158787529,NMC,1525.1875112560322
1295,37.10405334813349,3.950500084109353,2.2804413411091122,2883.5170097022306,2221.077905851752,2.025973924431028,Silicon-Anode,282.4741574794118
887,37.701820592589826,3.8454979611375073,1.0406971809911687,1510.2363817667363,3844.9588829532263,1.8621963422988241,NMC,697.5661383447257
797,45.97289298307527,3.3762078995395273,2.145520486064664,1329.7703024422137,1808.3751089579453,1.5934765875737784,Silicon-Anode,792.4544785768664
157,57.451224858757065,3.2300559650627667,1.5366478460796469,4717.112012832904,4277.890361486719,1.7692924387405,Sodium-ion,1332.9064116064676
1099,22.560253864344837,3.94556385998614,1.4236129631240373,3340.7900552203578,1300.571922851349,1.6867483474019216,Sodium-ion,532.3151245165694
884,52.989729493880304,3.5926974323488494,1.1288682116228108,3569.858244123254,3184.617451135893,2.8723175709260556,Solid-State,665.2515505940893
1154,31.695324416487725,3.2822369401882865,1.661937173263185,2487.5334154001275,3221.2097613536826,1.7104008201887533,Silicon-Anode,443.9214429544003
974,37.75677818025511,3.7707774727065937,1.9597782354071955,4617.7197460424295,1583.561129568881,2.306472695981519,Sodium-ion,598.8471714724096
1108,20.87653315100036,3.050417315173065,1.3218658099255165,3479.308056234595,1866.5273749720877,2.389658932668247,Silicon-Anode,555.1207666762059
1046,32.04184311337252,3.407712817660317,1.7584383860165842,4030.5134519990675,3855.714121061768,2.3152341865629507,NMC,538.2059811239172
1483,40.10524970520522,3.5856962432389183,1.8986258423106075,2347.962369916398,3571.0404943243143,1.648584651323982,Solid-State,93.87994530633819
849,22.24704309389756,3.1849479176367574,1.9222436340305717,4832.049899440327,1883.4739332275624,1.9781975426258267,LCO,855.8642171975008
1406,39.6438291753266,4.23081809698855,0.6039321962623605,4245.937418664924,2682.430533046242,1.57690549869473,LFP,202.91155977291882
748,57.08442515433709,3.2613717057370177,2.219495611370134,4386.583544661084,840.5531553870723,2.093504871144474,LFP,760.9982155759039
1464,24.215728724312207,3.162941412554082,1.4165066295300959,1523.2159231881678,1414.108941354654,1.782898396907388,Solid-State,212.0924620594061
989,50.57762912302017,3.2544185923586206,1.0248321633924289,1938.045473059122,2494.7001795555566,2.3424487999265695,Silicon-Anode,566.872745432585
21,36.38684213503971,3.9613264164496553,0.9835290149593632,1999.6317186710237,935.2975675889252,2.539212590773651,Silicon-Anode,1602.3129919620972
303,46.20694858097352,3.5318820740898036,1.466028225687901,1937.818737636859,3888.9961840785563,2.29817979030706,Silicon-Anode,1252.9933049396877
869,30.409463919409173,3.7067699246906725,2.2736630789379184,4392.7142808380095,3400.2242194198266,2.1513550449170937,LCO,776.2745868916855
84,26.37969050165433,3.026261446232951,1.2566951633652939,933.9161398760868,4280.171315529129,2.0810001312850384,LFP,1515.5200748713282
1477,26.41850457084906,3.043039135716643,1.9994514935670866,1119.619953719252,3304.520933259706,2.7625376521455056,Solid-State,153.41827845470993
1411,22.819677825725787,3.5572819372837703,0.6936374619744372,1950.4424566455957,4267.565351822524,1.8290520975979052,Silicon-Anode,245.81807374050823
1281,27.42586819604972,4.020819054002029,1.4521134043021235,1639.4664935276633,2762.5989671947636,2.601327509293303,Sodium-ion,363.5373655359959
570,46.56877539955873,4.106548598384457,2.4833722807854715,1773.8103783079632,2940.8525831416805,2.6362234871101786,NMC,970.930341210049
934,55.26762447374032,3.1083832094945505,2.0408756055846737,4151.3613948638595,4410.187113042417,2.128800010906102,LCO,593.9150018866177
1186,52.56502742364647,3.6729538776262785,0.921056976881226,3165.1316943465968,3104.3036727706153,1.945950898838459,Silicon-Anode,332.1438840882326
1187,47.405372394979366,4.141537107849088,1.5028829473958214,824.2367774304656,720.0676185569117,2.205812229068963,LFP,372.4545330644034
1009,24.417274536444108,3.484965942997358,0.9672495272971331,2603.1556159576203,3422.8308288590406,1.6398208888390478,NMC,668.9502468708489
793,31.56749785183799,4.036957289285461,1.3191218545250185,2513.1166927715076,4131.327899335921,1.568895048343635,Solid-State,865.953446014863
792,32.39227501289876,3.167119567999295,2.0601680474699293,1278.570131667083,3702.762974197874,1.6674047991778376,Silicon-Anode,797.5043917643235
1295,29.99827785590485,4.169243112084748,2.0424496305808075,3639.79551212612,2876.949763239148,1.7807175471933392,LFP,314.575602025878
492,40.600226388388926,3.9392791469141284,0.9562007558047703,3748.8081911938625,3218.0837010647138,2.2562652305070645,NMC,1085.3197595576114
208,41.4221525951869,4.176667990983627,2.34444663630972,3827.7515200188104,4461.747978081519,2.7737049542416834,Sodium-ion,1371.6427320899293
1084,34.27543900684441,3.845771541940633,1.6851363655296536,3859.5779713460865,953.5821451864194,1.8534634979995306,LCO,504.95078175825387
430,34.15156634945744,3.4542549149992836,1.259848581924029,800.2218731156465,3202.2548316696343,2.902743016120167,Solid-State,1221.909795672162
985,53.14222391624325,4.172726465655903,1.5038711615617213,4806.4673761562335,1705.251008825316,2.9323618634025053,LFP,567.1158503777409
1333,51.571713932787425,3.3444584703864733,1.7101425068754874,4219.676821629585,3096.3525466860633,2.9383569072678077,Sodium-ion,216.865272015711
520,32.31183326722983,3.4152156525771655,1.6197810636915708,4596.723125674998,2969.731945947361,2.7563441020144857,LCO,1061.5891962074566
591,56.55153775493037,3.8760105225021753,1.4728100710723564,865.7018402912233,1198.481645221832,2.0457375611965807,LCO,954.476116914873
1051,58.11260068010024,3.9566453744067327,1.5098656081788002,4722.206942300105,1406.3119183869326,1.6090258665039345,Sodium-ion,392.04537672358174
199,33.069701681201636,4.161754354811443,0.8528238208557724,4201.1118204900395,3024.3553543685325,2.353228097649742,LFP,1445.5725795714277
387,34.17699795172219,3.256003011320262,2.1254658086093587,4316.3204004265335,1100.096794484719,2.3380221659058504,LCO,1242.1498016348805
349,40.22536613687835,3.99749754402403,1.5835206398820307,1191.8070158322678,1634.205413008259,2.774963650664393,Solid-State,1241.7885057705375
960,57.64483250134694,3.9231825667462044,0.7621597234094062,3902.8677214581103,3857.457636178209,2.9939865764191578,NMC,591.2434254257978
693,55.05277732569246,3.0797431953169974,2.032314203165556,4831.650096496782,1875.6568734063906,2.262235959840221,Solid-State,847.7114518733715
378,24.102718503343592,3.484028926512759,2.3648879567547016,3649.8988339562748,2503.4346094516854,2.0178060465596763,Silicon-Anode,1271.149918569812
899,35.70922973085665,3.353456821325123,2.394613798473924,3196.357899423347,4270.447307068777,1.7788525673344004,LCO,709.1513007616788
916,42.13484758999087,3.380613030442538,1.2380354648223455,4771.6446465457875,1485.8814464640905,1.5071997372260562,NMC,745.1249824353129
527,40.1252989020616,4.228683599443376,0.7710337471215081,2660.335911284631,2119.5414676962405,2.2636705387333187,Sodium-ion,1092.1096520938286
1177,27.75452271747571,3.80347176684991,1.5367992532661303,3317.0329785040103,2965.185324619828,2.3332780000538937,NMC,479.51018914792013
734,54.352670846726184,3.8970951972418746,0.7252184586984414,2800.620832676338,3545.8218250654913,2.737407719726096,NMC,775.7692044480654
206,47.07763131987349,4.220772046643761,2.3679748370252343,4717.954129713256,4116.44820817955,2.256865451839201,NMC,1359.2792203574934
455,53.516334994072146,3.4715022280720484,0.867159254710292,1119.5558524151306,4170.344651536709,2.874702522999085,LCO,1053.1065576775516
1297,54.350571173978885,4.002300210566007,1.0055317199023281,2904.7027434664624,3628.8962900532297,2.4421252148571533,Silicon-Anode,250.1504864861548
1260,49.93423414662959,3.5431637041306194,1.3132730537699409,3685.200253818841,1490.4902627139109,2.760504357331625,Silicon-Anode,287.77473780685307
521,37.56842404998869,4.086917089768725,1.2663289371182516,4126.007461373395,696.7563871660067,1.7224526022116207,LFP,1056.6132618096976
1017,44.42187020061698,3.225821926639129,2.0893257847957782,3248.6783192653725,2096.7183283869326,2.783004195453472,Silicon-Anode,551.3406337829947
956,26.414616244789727,4.18460772133035,1.4126336411019247,4617.454525310107,1152.040518852511,2.5127157816657726,LCO,659.6060982779335
726,46.94581669899631,3.2734646355135997,0.8415365200066738,4756.364076912261,3370.5118250093624,1.7553495486574957,LFP,845.9971387374534
1014,27.170130229571228,3.4077756337261644,1.0344197909721482,1070.1407374130508,3178.4092886202957,1.7846453372190163,Sodium-ion,601.8425461725838
501,47.75798362040627,3.9452402926334758,1.518226770375044,2489.956266073772,771.4894023236739,2.889750928566332,Sodium-ion,1054.6552563523953
117,29.183926430158746,3.4921939269567583,0.7949078348522698,898.5278912288486,3862.715738610709,1.5483230406755593,Sodium-ion,1531.0260408277425
386,24.7020520060088,3.7602642209580583,1.7233113512920282,2183.5499609726603,1570.0987385356107,2.1938024149435593,Sodium-ion,1259.8654921778373
1368,26.611379605718298,3.5557168763367857,1.6314946131022918,3054.846515476529,2285.6855944150648,1.9702129349011523,Sodium-ion,261.7822748978171
584,20.07968540876281,3.9279624213622273,1.9294046327645153,4625.338708141786,3204.9415682773956,2.497616159997642,Solid-State,1103.2631638913851
395,48.74958471414121,3.2854140654607633,2.375409230758735,4355.528154354692,2274.7332687237877,2.7594440813534877,LCO,1169.9312266632567
1088,49.29604196233517,3.0730724840460963,2.3245091222023113,1335.49885202234,2321.0224309197793,2.040567182334854,LFP,443.13625040361535
721,40.59733399653038,3.3749117468413328,2.3921512361376625,1190.727573911762,855.9491818093875,2.1403531309842556,Sodium-ion,869.1270678815085
72,26.45451204221535,3.592885831085538,0.9894311940474019,3274.922822778002,2165.6298421140145,2.9728766767521213,Solid-State,1617.6204723065737
274,23.34217350042759,3.210025065240848,0.7631306132787092,3034.895484326887,3582.9067835579353,2.675874764518804,Silicon-Anode,1390.9727300802076
1344,20.76515865749148,3.443496612070486,1.104553400992897,1918.7860940061003,4169.1877150277305,2.845806196397687,Solid-State,336.88321903671476
338,26.62992707860883,3.4999787728669607,2.290170345532629,4577.702955126108,2212.6388345471496,2.1581433309774445,Solid-State,1333.973729353037
1390,55.63422139932587,3.071739804610342,2.4441069492469767,4694.938919738524,2251.9847248284077,1.8511143059761728,LCO,141.27552580526358
607,29.66147366806727,3.7291340602302556,2.2186499021409523,2490.9680410286833,3340.2457146622432,2.1177951980796776,Sodium-ion,1039.1941330567263
166,34.17085308868863,4.105429284964109,0.7200354422550872,4539.270739876785,4276.8108043105785,2.5741378767472702,Solid-State,1409.2182973706717
11,24.213819379253327,3.1896786411913154,2.3948559961195865,2412.5853559044854,1641.5376669335049,1.6641456072539689,Solid-State,1615.808319141405
1325,28.89445218992681,3.7472600167518926,1.346716054701572,3894.6306936847404,2316.5624054979535,1.9057036584247633,Sodium-ion,330.5429199773737
729,40.768982831208206,3.8309240061385577,0.5186205815247074,2798.9573137004413,3704.2956498539743,1.5699538506923856,LCO,812.7920892711312
801,44.3101073238261,3.5241683505241106,1.3847874814963872,1314.8492573301687,2977.8049205587504,2.148521607507197,Solid-State,794.2980365976756
102,29.81409256664844,3.8763719842053375,0.5921383393509352,4697.323645195491,1031.2867414594234,2.74116860396942,LFP,1525.9423883325987
1449,22.30928636900469,3.513414429363765,1.587755842322235,2707.205692185654,3048.1576686928365,1.5369955324470161,NMC,186.85812338408132
1416,35.64131476509594,3.6307966099717937,1.1771080548741026,3884.8455693540955,1328.310509929575,2.5129852902107492,Silicon-Anode,194.17598486830306
779,29.368134837053365,3.009191305693034,1.4468698671880975,2342.130020611427,2589.842142905776,2.8987438117706095,NMC,858.5532982447008
214,28.782156929192077,3.864650142668361,1.726340721486234,879.2996900201856,2663.50274387571,1.8553917922667735,NMC,1473.6299385856412
1112,58.39451210853821,3.8266783486809057,2.2376021916356406,1222.2275065057108,4017.1931126774407,2.540452261091472,LCO,381.3016714524499
401,44.65201943702896,3.0480010966579307,1.8238031529438572,2884.1218138576824,2403.727668648509,2.962652851650301,Solid-State,1218.8946752536135
588,42.275137726883834,3.460312634243916,1.3680977369563614,3697.850299930722,1689.8254467199874,2.943417090228695,NMC,1001.7100219520726
889,36.63100414093287,4.223789800989584,2.1388557073407304,2205.888371632972,1500.7687580425231,1.852393789543715,NMC,697.9504363977007
1070,37.15777333720577,3.525920703210771,2.3111642751462647,3721.0515285461315,4009.5823190689107,1.650496579818103,Silicon-Anode,545.3500680891082
1487,41.636200153523234,3.6274317564148024,0.7395199328643944,3734.2694756142155,1266.9423322310909,1.722423806843874,Sodium-ion,106.59866199725585
592,47.85719228144429,4.137412697699649,1.563865955105583,3756.5308107768897,2260.8873874442606,2.5530535027232135,Solid-State,979.9673132456741
1334,48.08584384727318,3.8965773448321954,1.0690239194848883,2868.591786886135,1329.9751482150932,2.5886383131799136,Solid-State,242.81400852192286
1110,26.867756308217984,3.7275876639052794,0.5941223957538948,4642.521830510317,3615.885756446064,2.5113548424422985,Silicon-Anode,511.6042989909897
92,40.00451008306508,3.9972558516763406,1.8370933902279707,2854.6253755185853,2450.0532959010143,2.0041175816133574,Sodium-ion,1473.3372815363768
673,36.47832380136408,4.080457833069967,2.2255415549184514,2691.1138126858805,1969.460393171567,1.7546654096371832,Solid-State,962.5727591401082
714,54.82107865077537,3.5711100896715835,0.8258053089547881,1637.3994398446334,2008.2885984432205,2.3711416379283796,LFP,817.1171997890666
936,45.25675684873505,3.593885456164794,2.124827315247801,2092.1513668966136,3923.6354062196197,2.2255206686367996,Silicon-Anode,624.9708976488325
242,41.30016265663927,3.4825636695647946,2.2067914670738835,977.804868576874,2759.7184217483086,2.593251220683455,LCO,1342.2948892720499
2,24.615785687156695,4.208382675023076,2.3286808853329672,3460.848233187915,3399.684619411928,2.162040118028432,Sodium-ion,1652.1690658709686
225,44.22551557293646,3.8714578178629377,1.0305701781721048,1843.8501244937902,4098.45021337767,2.0079595420297025,Silicon-Anode,1306.3647759339026
801,24.688156227209337,3.1040288327600902,2.3079061303797785,2077.4520688389534,4116.792536558503,1.9402178660385216,NMC,882.4036772525342
589,33.48826302263008,4.078699529141273,1.1413255094728645,4037.4209909901488,1881.1853119176662,1.8172054800746198,Solid-State,1042.5765017069966
116,25.713678592573274,3.600699926045335,1.6046760269110056,2174.3289692781063,4314.559926270902,1.8986195642799921,LFP,1532.0789540591531
918,47.682945880974756,3.0859423830281094,0.6010149416645643,1817.222746455197,697.0159398569613,1.642245658266152,LFP,658.0393666053446
1127,28.250084553446104,3.6871465689541387,0.5877621767374872,1510.0425463615643,2069.658687963046,2.020285516393334,LCO,508.4132166265872
194,35.67437492752104,3.521455348719628,1.9407464254644058,4054.405289164215,4093.615544284482,1.5548547185444372,Silicon-Anode,1426.4790675271583
1190,55.826991104751144,4.0971867560782815,1.388959955955582,1344.766283558113,1671.0838312862334,1.7796207707494902,LFP,356.1416273847689
871,28.17265533595881,3.254993254511734,1.0125847507384351,2705.7657930514847,1665.0176562531417,2.6201556669291435,Silicon-Anode,778.2555343810715
90,40.31220255835116,4.033080761865229,0.8808269920498204,2929.1064875242164,1780.226911819366,1.988203483014934,Solid-State,1545.0260374097834
122,36.77086644664088,3.6971108639818158,1.8399069817184361,3687.037633280001,2988.0222009029967,2.5023555254660157,Solid-State,1515.507147937711
143,20.72496164182919,3.0682628790168365,0.5008030880506797,3459.790625798581,2309.4978248959796,2.575326263395916,LFP,1526.0879979244692
994,51.71032454291251,4.214806626656856,2.1117823383937084,4205.026826369734,3434.265861778036,2.3717780140981706,Solid-State,533.5861729264292
106,22.76183625258399,3.6407690551289997,0.6584992122598576,987.9560224902002,4090.1515060021966,2.9380466120480975,Silicon-Anode,1588.647603314777
887,38.970200839078146,3.3635960677894783,0.8829792298162389,2045.0510440734683,3229.3775622771564,1.5321597999346699,Solid-State,713.6761123100097
428,42.427131797558,3.5867585524865726,1.2724727905981792,1976.5632988565949,1397.4202087705444,2.6079789758822134,NMC,1140.463787475755
1329,45.13705826458349,4.072322229396861,1.4697174794322072,1413.2710034868546,4237.4594192059585,2.938179965910612,Silicon-Anode,191.03359649755507
317,47.54526517231503,3.3811289054813294,1.2099902316278837,2014.5486661970613,1631.5222060551662,2.793407594029409,Sodium-ion,1247.2807669435429
635,30.1308953409086,3.2408454956083754,1.1414243299685878,2101.0143194001944,1184.5877517798167,1.75183903770752,Solid-State,1010.6985837352098
9,20.399151066337975,3.161339058663602,2.427832024146377,2991.914740095409,950.8723875577475,1.9902304593775981,Solid-State,1634.025522328411
774,48.937746494196475,3.372324247987764,1.7831593624867885,3587.5588114902753,2797.1965885980458,1.758677759814698,Silicon-Anode,785.5808650765435
1097,41.42626397390315,3.9750601088000543,0.5468659107347764,2400.622157169619,1043.673603674542,2.401962545722056,LCO,467.34014608685146
1383,53.44470812828995,3.589532956494077,1.3603518168886264,3821.774971516201,1141.22594803926,2.5682819729692383,Sodium-ion,216.47904266905755
223,52.855534516027774,3.284352004616925,2.25001739948794,2211.894422034236,1770.1188743224368,1.9756106540445872,Sodium-ion,1297.3438321336173
1440,53.73304671151533,3.2077312495121864,1.102912372821336,2019.1914447219935,1698.4467377694089,2.309259860976443,Sodium-ion,80.18797984899386
553,39.403786399181605,3.415911845637974,0.6891126895487765,3072.989834599502,2956.534090295355,2.536380855106793,LFP,1023.5154487969145
1394,33.34513583347463,4.174905466107136,2.0167695431798354,899.6087132843205,3785.3065899434578,2.1320097249165726,NMC,254.56636969215077
716,51.6623281036548,3.4287833907375305,1.7120276638721625,1135.1143192628015,3569.2636591912806,2.781023295683189,NMC,818.031292723762
1288,38.0517645211702,4.235155094943294,1.6406250156530078,2555.4720830634133,1623.6893733942593,2.657324902931726,LCO,284.1700880711818
1342,27.33768785613738,3.606538069706695,0.6071531192148159,4760.233387845377,1556.7109421453217,1.596998315775856,Sodium-ion,312.3231238234641
1108,54.198960782458975,3.2239548978626886,0.7809980195910347,3830.3494753423793,4366.586967417174,2.4316879486362435,Sodium-ion,386.69533348483446
1342,55.302395070893894,4.113925114741887,1.7450987924262276,1170.1315919023425,632.1213422086445,1.8529883264396245,Solid-State,214.91818337264812
111,38.6523902456068,3.575444216418534,0.9156476829176716,4354.53565367967,4030.9100789348417,2.336277397000913,Silicon-Anode,1522.9254319325942
251,23.0279890923915,3.8870891793806557,1.5081401594968487,3875.66323655436,1378.9412245773792,2.9353326639494495,LFP,1427.0532394513111
383,35.51304359667725,4.22963947901144,1.589763372058787,3365.9754079511436,4294.4088600500945,2.818593006828375,LFP,1246.8952835197892
7,52.14150637850413,3.0627191878999676,1.0670143805418788,4245.230434558545,1934.9984108273268,2.1067746046726974,LCO,1548.6854799086707
459,56.070961141849146,3.120868199734459,2.3968503110829857,2497.2613605204197,2317.371918183684,1.93727078751653,NMC,1109.4588561494916
1108,28.138909699903834,3.900570926828445,2.1849282136711503,1730.3044135861815,3357.7703943830857,1.8516086166123884,Sodium-ion,555.6917102008623
208,22.67894448101086,3.35228125411934,1.944747015265597,2950.498234256789,2891.9093007457154,2.29877230463478,Silicon-Anode,1456.2759651327822
900,55.094018125313546,3.230376746187624,0.6559877328188182,3105.13537349259,1839.963385856609,1.6713726798870845,LCO,644.7212125146459
1414,35.57619755915501,3.049202349774662,0.7122600386180389,3060.9707624416305,2759.940571884512,2.323912512192373,LFP,177.54683662675217
1338,41.67043857070253,3.0273083899827524,1.4855626917299114,3173.309924216442,3449.756849015256,1.502000459236188,LFP,270.72558548587295
22,58.722632482030356,3.9681070038997386,0.8214266983819714,4784.560656604559,765.1062890197192,1.9857744461187672,LFP,1473.970570792285
410,22.662589116568913,3.1680417842119377,2.456530927058948,4589.431617004171,643.6772904972461,1.8299014707458718,Sodium-ion,1236.1740830679337
895,45.93272029808382,3.5846507699639387,0.8170404680548189,4478.011553547545,2386.4610623842764,2.9568281849411733,Sodium-ion,590.2050644290837
515,22.964216902994682,3.7573710189743537,1.474935670927948,4165.950605816234,1114.1628094337052,2.5908634793549687,Sodium-ion,1149.1788738722078
1151,35.018757138660014,3.535439750711058,1.2282421136830108,4762.398050514199,3190.9427367123862,2.0244800706933566,Solid-State,455.3281711676511
809,52.15258180773787,3.0338833154202915,1.778772842908196,1213.6774950534937,1434.8045792869934,1.6392676297959308,NMC,760.16830314916
874,37.338889310225376,3.979376878234886,0.7580728177788498,1913.517698072106,2288.119316503117,2.275200892035936,LFP,742.3992580242336
14,59.88729415611802,3.013141530677067,1.3606328560847818,2879.2349717492566,1370.9166538096488,1.8201718219890635,LFP,1530.5532207430686
971,42.36237139786409,3.952362367971855,1.0494100656142873,4355.444871118301,2739.0859844215856,2.3046443188475365,Solid-State,594.9606007917303
978,32.84648610543814,4.1166306172351534,2.275503049343376,2921.6959883954764,1052.6084915998188,2.7530435312683386,LFP,672.5737065072383
1014,28.804453036190125,3.5410499013214656,0.5811714242693902,3941.7459052346726,690.116725871173,2.423688828152078,LFP,679.4285964643227
1036,34.02082137144647,3.669428091372248,2.3274549880129185,1383.631602045448,799.413388616119,2.4506826293175035,Sodium-ion,593.0206720125116
87,34.90133095038203,3.5962292407720673,2.165988277106001,1860.1380145015528,4321.607921909708,2.311545433594217,Sodium-ion,1539.1534014157792
909,22.74854710895844,3.4865107732792984,1.095141432881631,3873.459599158224,1154.9162525826496,2.8908984489471137,NMC,754.2457534740396
1325,34.782967977070925,4.10928066921295,2.0785813093542096,1491.882837328441,3363.0651872336575,2.897854026630905,LFP,278.7514085775822
1267,38.569540789569,4.117416888337488,0.5624271206774951,2275.6949255506925,864.9121964690223,2.269084801610328,LCO,340.2516461592617
122,48.909510089552185,3.419770455801918,2.433731100586787,1912.438282817,1021.8253737172104,1.9586392307152567,LFP,1400.7098868817395
1171,46.269179388864316,3.7688371925183723,1.5531898851795787,2269.4191157344094,2584.6173804964055,2.189380508819166,LFP,389.47940432152234
750,48.350626209166165,4.15863445268233,1.1065620521308905,3774.9610061274752,2412.9966276019404,1.7798368682934236,NMC,762.3210751049057
1380,20.334547275074286,4.2025731236766894,1.2251664251893541,2344.9581607997643,4311.163206815491,2.454516472977134,LCO,263.5704014668258
685,28.706695983221444,3.636198800527559,0.6328107069209947,3132.105954953349,4284.858266780875,2.25013850367335,LFP,972.2243433644533
309,46.46737153599426,3.5660310066054084,2.4786990280840784,1219.7138836285205,3640.4737059156137,1.6549507167199198,Silicon-Anode,1261.7653482615344
695,39.35957472718989,3.3483678949106572,0.5785838903013849,4181.074311585437,2948.197137496664,1.7964716716794231,Silicon-Anode,892.8345434796273
288,20.212539026733836,4.198589841488013,1.809814246295718,2353.5322277221244,2374.345237832743,2.21944793429929,LCO,1377.9098687446149
307,52.17978569727289,3.1785178805910843,1.3854718554129166,3523.8434679400384,1989.096283880842,2.8313834860782876,Silicon-Anode,1181.1342417643032
914,50.91238293161349,3.7247869700596565,2.3978324363774304,3846.636326979697,4293.641433204666,2.3495860809466462,Sodium-ion,619.0364112592732
662,41.936766519742505,3.3531878343982986,0.9919994806135903,1680.5758728691417,2951.344364556274,2.522302500312706,Sodium-ion,899.2191437601498
549,22.658533031050887,3.3487603629347458,1.5641736478760226,4515.63493680407,2858.3828579753786,2.0085428246158648,LCO,1086.389375612933
1376,50.66060198130339,3.5062107342202355,1.464712417165506,3388.1418567492024,1504.414374898768,2.3571170895663514,LFP,192.34705777013028
312,43.348543509254554,4.248491169769569,1.9057328881002027,2600.645595356222,782.121489751941,2.171069733957101,LCO,1235.593142800349
873,51.278399086318366,3.0687078835497776,0.636020463904841,1565.807771028522,4286.235461062223,2.488694868934741,Silicon-Anode,650.7693824015413
1083,50.06987969583362,3.7231772727544143,0.8875782600467097,4757.663939185068,1823.5675094941503,1.5758633491185154,LCO,407.04375007392764
924,52.12008287831348,3.1032151975440962,0.9291296401856997,3971.2864573528254,2326.097190965389,2.2399503243584387,Silicon-Anode,604.1665889773418
755,40.72032265618499,3.193151037488149,1.9763015096833794,1673.7031634796454,1047.0957799842568,1.9439889377159505,Sodium-ion,800.9227706824196
35,25.6129807277406,3.5494536772161234,0.8782773926534801,2218.385253841743,3864.004886646239,1.989277591916864,LCO,1607.0281503062788
445,46.84629893518755,3.6380751641830518,1.6469835277819533,4200.631883969907,707.7641481381295,2.941376147337092,Solid-State,1106.3371030906883
93,44.818951402078824,3.323490510455655,0.9304876410019074,3721.846185504424,3852.5639721864763,1.7740422190670742,Silicon-Anode,1474.3377505304152
1231,49.69012748796349,3.39557141359302,2.223249900167957,4016.2940294060422,1147.1115498730705,1.9668678788678955,Solid-State,329.1223460295875
353,26.79524024202941,3.1087087753199163,2.3843709089792773,2653.044629294316,4057.6000392614933,2.2648388635963075,Sodium-ion,1327.6200833579403
903,27.799007996011568,3.3790247298053133,1.536985949884481,3809.200303097101,3446.113285611014,2.7945404222244354,LFP,754.2344175272835
1356,55.61638068877314,4.20819804922568,1.2046177684183565,2423.2736360284375,1242.2140237784897,2.1250051248095554,Silicon-Anode,119.54353043084986
862,49.999111938082834,4.180884227090602,0.9681155500349983,1687.304251140425,2806.6901721519257,2.6157979213322564,LFP,662.3813311451011
159,56.32913954801292,3.4185978626712314,0.5995620030460875,3457.243546333712,1819.359625985356,2.7845611473222034,Sodium-ion,1363.0636420327567
957,50.34861284655683,3.713567420348452,1.0370001523949908,4899.258487514936,1295.1090857551753,1.9650245337327734,LFP,574.3593499039564
24,43.88621223961208,4.136994238888681,1.8084715598906358,2104.5240798603845,3950.810577703323,2.089125275308065,Silicon-Anode,1470.2459402856555
404,46.165309481114946,3.0077297783011208,1.5672338626184217,2736.0722872926663,2173.7387893781947,2.0348343355325342,NMC,1195.0774199213838
805,55.565116957600395,4.01335446292199,2.388082556561855,3630.805758493385,2154.3204860249916,2.7492837129268817,Silicon-Anode,734.7451325922336
516,43.15227018047762,4.185461940986149,1.2925545249834012,3074.326384914449,1262.558031745818,1.5665202929304018,Silicon-Anode,1068.4153411153839
732,45.295652973135496,3.114157167916946,1.887726684656789,4342.396741978007,2093.956136734537,1.96263163324302,Solid-State,834.1343119706851
1388,26.259068640144022,3.2018096075411515,1.4786454949502428,3999.319367171967,3999.3057006825156,2.519112836392695,NMC,267.6556447146722
1406,38.95684880464411,4.200932878464194,1.5251524318484233,1044.8482562218996,2016.20197090958,2.348165249348014,NMC,170.56359667590152
532,48.655884478323955,3.671925179550433,1.035548629208235,4993.369182479851,4311.253893749174,2.1544340389405416,NMC,1028.4978945921464
956,30.837707932654617,3.0177457930896545,1.4099015536839994,3960.0903056217626,4290.604706912711,2.3099223408320766,Silicon-Anode,641.6345876234697
152,28.090167220981396,3.3220399984544113,1.4415699940254145,4428.3939284352755,1165.1047712986494,1.7963768787424774,Sodium-ion,1519.5465423799747
947,32.553072328976626,3.5624295928360743,1.9132850434978679,3535.030390800455,1291.513888738315,2.1460749324120156,NMC,633.5317943320474
608,29.66002511971334,3.8661361387809596,2.3812799983722277,4396.397537796402,3964.4288742943677,2.2525544762645238,LCO,1046.6669952589175
420,28.596505481455836,3.9164504726709994,1.1586425549650086,1272.0084947005796,2131.767583806405,2.8517836829319023,LFP,1222.58687377461
1274,36.99403371472348,4.2442768911568205,0.5844009371625969,2260.4989093491254,617.0585309037364,1.8912527442059646,Sodium-ion,311.7871902575563
1141,56.31354055534136,3.359388999229699,1.4925902510012794,4480.96796313887,1668.100096850947,2.8017427532473986,LCO,380.42091082102803
866,40.28238586954873,3.672775127335594,1.5889226642983372,1646.9518873209472,2930.753073462684,2.466362101238973,Silicon-Anode,735.2041567012595
